,PLAYER,TEAM,AGE,GP,W,L,MIN,"%FGA
2PT","%FGA
3PT","%PTS
2PT","%PTS
2PT MR","%PTS
3PT","%PTS
FBPS","%PTS
FT","%PTS
OFFTO","%PTS
PITP","2FGM
%AST","2FGM
%UAST","3FGM
%AST","3FGM
%UAST","FGM
%AST","FGM
%UAST"
0,Domantas Sabonis,IND,25,24,9,15,33.9,77.1,22.9,68.1,1.0,13.6,4.0,18.3,8.6,67.1,60.1,39.9,100,0.0,64.8,35.2
1,Gordon Hayward,CHA,31,24,13,11,33.8,66.5,33.5,49.8,10.1,31.2,18.4,19.0,17.6,39.6,51.5,48.5,88.4,11.6,62.3,37.7
2,Jonas Valanciunas,NOP,29,24,6,18,31.3,81.8,18.2,62.5,6.7,20.0,3.5,17.5,10.9,55.9,61.0,39.0,100,0.0,67.8,32.2
3,Kelly Oubre Jr.,CHA,25,24,13,11,27.3,43.7,56.3,39.2,3.3,52.3,13.1,8.5,11.4,36.0,58.3,41.7,96.9,3.1,76.5,23.5
4,LaMelo Ball,CHA,20,24,13,11,33.3,57.0,43.0,43.2,7.9,43.7,11.0,13.1,18.1,35.3,17.3,82.7,67.1,32.9,37.4,62.6
5,Miles Bridges,CHA,23,24,13,11,36.2,58.5,41.5,52.4,1.7,32.7,11.7,14.9,15.5,50.7,62.4,37.6,84.6,15.4,68.9,31.1
6,Nickeil Alexander-Walker,NOP,23,24,6,18,28.9,50.4,49.6,44.4,6.0,44.1,9.6,11.5,19.5,38.4,47.3,52.7,93.9,6.1,65.9,34.1
7,T.J. McConnell,IND,29,24,9,15,24.2,86.2,13.8,83.6,12.9,10.4,5.0,6.0,12.4,70.6,26.2,73.8,100,0.0,31.9,68.1
8,Torrey Craig,IND,30,24,9,15,16.2,52.4,47.6,56.3,3.0,31.1,19.3,12.6,11.9,53.3,55.3,44.7,92.9,7.1,65.4,34.6
9,Buddy Hield,SAC,28,23,9,14,29.1,27.1,72.9,21.0,6.5,69.4,16.9,9.6,16.4,14.5,38.5,61.5,82.6,17.4,68.8,31.2
10,CJ McCollum,POR,30,23,11,12,35.4,56.5,43.5,46.4,14.5,47.2,9.1,6.4,11.3,31.9,24.8,75.2,64.9,35.1,41.0,59.0
11,Carmelo Anthony,LAL,37,23,12,11,28.7,43.6,56.4,30.9,15.2,55.5,16.4,13.6,18.2,15.8,52.9,47.1,93.4,6.6,75.0,25.0
12,Dalano Banton,TOR,22,23,10,13,13.0,80.5,19.5,68.0,7.8,14.6,10.7,17.4,15.5,60.2,28.6,71.4,80.0,20.0,35.0,65.0
13,Davion Mitchell,SAC,23,23,9,14,25.5,58.4,41.6,54.6,11.1,37.5,7.9,7.9,13.4,43.5,18.6,81.4,55.6,44.4,30.2,69.8
14,De'Aaron Fox,SAC,23,23,9,14,34.8,75.1,24.9,62.2,14.2,17.4,10.1,20.4,13.7,48.1,20.0,80.0,63.0,37.0,26.7,73.3
15,DeMar DeRozan,CHI,32,23,15,8,35.1,86.6,13.4,64.6,28.5,9.4,8.6,26.0,16.7,36.1,24.1,75.9,94.7,5.3,30.4,69.6
16,Franz Wagner,ORL,20,23,5,18,31.6,67.4,32.6,56.3,2.6,31.1,14.9,12.6,18.1,53.7,50.6,49.4,93.8,6.3,62.2,37.8
17,Grayson Allen,MIL,26,23,14,9,29.0,28.7,71.3,22.7,3.8,68.1,10.1,9.2,17.4,18.9,50.0,50.0,94.4,5.6,79.6,20.4
18,Javonte Green,CHI,28,23,15,8,20.6,73.2,26.8,61.3,0.0,24.2,26.6,14.5,26.6,61.3,65.8,34.2,100,0.0,72.9,27.1
19,Justin Holiday,IND,32,23,9,14,28.1,25.2,74.8,23.8,11.5,72.7,13.7,3.5,13.7,12.3,88.9,11.1,94.5,5.5,92.7,7.3
20,Jusuf Nurkic,POR,27,23,11,12,24.7,91.0,9.0,74.1,2.1,4.2,3.5,21.7,11.2,72.0,73.6,26.4,100,0.0,74.5,25.5
21,Larry Nance Jr.,POR,28,23,11,12,19.5,67.9,32.1,65.7,4.2,23.1,3.5,11.2,20.3,61.5,70.2,29.8,100,0.0,75.9,24.1
22,Lonzo Ball,CHI,24,23,15,8,34.7,35.9,64.1,24.7,2.8,73.1,21.6,2.2,15.2,21.9,40.0,60.0,81.2,18.8,67.3,32.7
23,Malik Monk,LAL,23,23,12,11,24.2,41.7,58.3,40.4,2.6,51.3,15.4,8.3,15.4,37.7,60.9,39.1,82.1,17.9,70.6,29.4
24,Myles Turner,IND,25,23,9,14,28.7,47.2,52.8,42.9,2.8,43.6,9.3,13.5,11.8,40.1,72.6,27.4,100,0.0,83.7,16.3
25,Pat Connaughton,MIL,28,23,14,9,28.8,28.7,71.3,29.3,1.5,64.8,12.1,5.9,14.3,27.8,75.0,25.0,91.5,8.5,84.8,15.2
26,R.J. Hampton,ORL,20,23,5,18,18.6,59.2,40.8,42.1,2.3,42.1,19.3,15.8,17.0,39.8,27.8,72.2,83.3,16.7,50.0,50.0
27,Robert Covington,POR,30,23,11,12,26.5,23.5,76.5,22.1,0.0,76.0,9.1,1.9,7.8,22.1,82.4,17.6,100,0.0,94.6,5.4
28,Russell Westbrook,LAL,33,23,12,11,36.2,74.6,25.4,61.3,16.4,19.5,13.2,19.2,12.4,45.0,19.9,80.1,64.5,35.5,27.7,72.3
29,Svi Mykhailiuk,TOR,24,23,10,13,18.8,43.6,56.4,42.2,6.0,47.0,22.9,10.8,22.9,36.1,45.7,54.3,92.3,7.7,65.6,34.4
30,Trey Murphy III,NOP,21,23,5,18,15.1,26.5,73.5,16.2,0.0,75.7,18.0,8.1,19.8,16.2,44.4,55.6,92.9,7.1,81.1,18.9
31,Wendell Carter Jr.,ORL,22,23,5,18,28.7,60.6,39.4,57.0,7.9,32.5,6.2,10.5,12.8,49.2,56.3,43.7,100,0.0,68.3,31.7
32,Zach LaVine,CHI,26,23,15,8,34.7,61.5,38.5,51.0,15.1,33.9,13.5,15.1,20.4,36.0,36.9,63.1,60.6,39.4,44.2,55.8
33,Alec Burks,NYK,30,22,11,11,24.0,43.0,57.0,25.6,6.4,55.2,6.4,19.2,18.8,19.2,34.4,65.6,69.6,30.4,55.1,44.9
34,Aleksej Pokusevski,OKC,19,22,6,16,14.7,56.5,43.5,65.3,17.8,29.7,15.8,5.0,20.8,47.5,45.5,54.5,80.0,20.0,53.5,46.5
35,Alex Caruso,CHI,27,22,15,7,29.5,54.5,45.5,44.4,3.2,33.3,8.5,22.3,20.6,41.3,59.5,40.5,95.2,4.8,71.4,28.6
36,Anfernee Simons,POR,22,22,11,11,23.0,45.9,54.1,41.8,14.4,51.3,7.2,6.9,11.8,27.4,25.5,74.5,71.1,28.9,46.0,54.0
37,Anthony Davis,LAL,28,22,11,11,35.7,88.8,11.2,76.4,16.1,5.1,9.0,18.5,17.8,60.3,58.3,41.7,88.9,11.1,59.6,40.4
38,Anthony Edwards,MIN,20,22,11,11,36.4,54.4,45.6,46.4,4.5,41.3,20.3,12.3,21.6,41.9,38.1,61.9,61.2,38.8,46.7,53.3
39,Ayo Dosunmu,CHI,21,22,14,8,15.8,64.5,35.5,55.3,6.5,39.0,16.3,5.7,21.1,48.8,61.8,38.2,100,0.0,74.0,26.0
40,Cameron Johnson,PHX,25,22,19,3,22.6,37.3,62.7,28.6,1.0,63.5,18.7,7.9,17.2,27.6,65.5,34.5,100,0.0,86.1,13.9
41,Chris Duarte,IND,24,22,9,13,29.5,56.0,44.0,49.5,18.8,44.9,20.9,5.6,16.4,30.7,46.5,53.5,76.7,23.3,57.9,42.1
42,Chris Paul,PHX,36,22,19,3,32.3,71.8,28.2,56.2,32.2,21.8,6.0,22.0,11.7,24.0,6.7,93.3,30.4,69.6,11.6,88.4
43,Clint Capela,ATL,27,22,12,10,29.8,99.5,0.5,90.1,0.8,0.0,6.5,9.9,10.7,89.3,74.6,25.4,0.0,0.0,74.6,25.4
44,Cody Martin,CHA,26,22,13,9,24.6,67.7,32.3,49.7,5.9,35.5,18.3,14.8,28.4,43.8,66.7,33.3,85.0,15.0,72.6,27.4
45,Cody Zeller,POR,29,22,11,11,13.0,93.4,6.6,68.5,0.0,0.0,11.1,31.5,11.1,68.5,73.0,27.0,0.0,0.0,73.0,27.0
46,Cory Joseph,DET,30,22,4,18,21.5,66.1,33.9,51.4,5.6,25.0,8.3,23.6,20.1,45.8,43.2,56.8,91.7,8.3,55.1,44.9
47,Darius Bazley,OKC,21,22,6,16,27.3,60.2,39.8,51.3,1.1,35.3,8.0,13.4,12.8,50.3,52.1,47.9,95.5,4.5,65.7,34.3
48,Deni Avdija,WAS,20,22,14,8,21.7,53.0,47.0,49.3,1.5,35.8,11.9,14.9,12.7,47.8,66.7,33.3,100,0.0,77.6,22.4
49,Desmond Bane,MEM,23,22,12,10,28.4,49.1,50.9,43.9,13.1,49.0,16.0,7.1,16.9,30.9,62.2,37.8,90.9,9.1,74.4,25.6
50,Dewayne Dedmon,MIA,32,22,13,9,14.7,90.2,9.8,67.2,4.9,9.8,5.7,23.0,15.6,62.3,70.7,29.3,100,0.0,73.3,26.7
51,Duncan Robinson,MIA,27,22,13,9,28.5,13.5,86.5,14.9,0.9,82.9,11.0,2.2,17.1,14.0,88.2,11.8,95.2,4.8,93.8,6.3
52,Eric Bledsoe,LAC,31,22,11,11,27.9,64.2,35.8,56.5,9.3,26.4,15.3,17.1,18.5,47.2,34.4,65.6,94.7,5.3,48.8,51.3
53,Evan Fournier,NYK,29,22,11,11,28.6,41.9,58.1,32.3,6.9,59.8,12.7,7.9,8.6,25.4,55.3,44.7,94.8,5.2,77.1,22.9
54,Frank Jackson,DET,23,22,4,18,21.4,35.5,64.5,34.9,6.6,50.9,14.2,14.2,15.1,28.3,62.2,37.8,91.7,8.3,76.7,23.3
55,Fred VanVleet,TOR,27,22,10,12,38.3,50.1,49.9,39.9,14.8,47.1,9.9,13.0,11.4,25.1,19.1,80.9,60.0,40.0,37.1,62.9
56,Garrett Temple,NOP,35,22,6,16,18.3,41.0,59.0,30.6,6.5,55.6,15.3,13.8,12.9,24.2,57.9,42.1,95.7,4.3,78.6,21.4
57,George Hill,MIL,35,22,14,8,27.3,51.4,48.6,45.9,5.9,38.8,10.0,15.3,22.9,40.0,51.3,48.7,100,0.0,68.9,31.1
58,Georges Niang,PHI,28,22,11,11,24.7,39.8,60.2,33.9,3.2,55.6,8.9,10.5,12.9,30.6,64.3,35.7,95.7,4.3,80.7,19.3
59,Grant Williams,BOS,23,22,12,10,21.2,32.1,67.9,29.4,1.2,58.9,9.2,11.7,14.1,28.2,79.2,20.8,100,0.0,91.1,8.9
60,Immanuel Quickley,NYK,22,22,11,11,20.8,39.2,60.8,29.1,5.6,54.9,15.0,16.0,16.0,23.5,38.7,61.3,53.8,46.2,47.1,52.9
61,Ivica Zubac,LAC,24,22,11,11,24.4,100,0.0,75.7,0.9,0.0,5.9,24.3,7.7,74.8,81.0,19.0,0.0,0.0,81.0,19.0
62,JaVale McGee,PHX,33,22,19,3,15.9,100,0.0,87.4,4.5,0.0,3.6,12.6,9.5,82.9,69.1,30.9,0.0,0.0,69.1,30.9
63,Jae Crowder,PHX,31,22,19,3,27.7,31.4,68.6,26.0,8.3,62.5,7.3,11.5,15.6,17.7,84.0,16.0,95.0,5.0,90.8,9.2
64,Jalen McDaniels,CHA,23,22,12,10,15.1,45.0,55.0,36.7,0.0,50.0,10.0,13.3,12.5,36.7,63.6,36.4,100,0.0,81.0,19.0
65,Jaren Jackson Jr.,MEM,22,22,12,10,26.6,52.1,47.9,39.3,1.1,42.7,7.4,18.0,13.1,38.2,65.2,34.8,98.0,2.0,79.0,21.0
66,Jayson Tatum,BOS,23,22,12,10,36.6,61.3,38.7,48.9,15.3,33.0,10.3,18.1,12.3,33.6,39.7,60.3,52.5,47.5,43.7,56.3
67,Jeremiah Robinson-Earl,OKC,21,22,6,16,22.1,51.1,48.9,46.5,5.2,46.5,5.2,7.0,16.1,41.3,83.3,16.7,100,0.0,90.0,10.0
68,John Collins,ATL,24,22,12,10,32.2,75.7,24.3,64.6,6.6,19.9,4.4,15.5,12.2,58.0,76.1,23.9,100,0.0,80.1,19.9
69,Julius Randle,NYK,27,22,11,11,35.4,69.3,30.7,56.2,12.8,25.3,6.4,18.5,12.6,43.4,31.7,68.3,83.8,16.2,43.8,56.3
70,Karl-Anthony Towns,MIN,26,22,11,11,34.3,65.1,34.9,49.7,3.8,32.4,5.1,17.9,17.1,45.9,51.9,48.1,87.7,12.3,62.8,37.2
71,Kentavious Caldwell-Pope,WAS,28,22,14,8,29.4,40.8,59.2,32.5,13.0,56.1,13.8,11.4,12.2,19.5,60.0,40.0,93.5,6.5,77.9,22.1
72,Kyle Kuzma,WAS,26,22,14,8,32.8,49.2,50.8,42.5,5.6,47.0,7.0,10.5,15.7,36.9,52.5,47.5,91.1,8.9,68.9,31.1
73,Luke Kennard,LAC,25,22,11,11,27.8,32.1,67.9,22.7,5.5,72.3,15.9,5.0,15.0,17.3,68.0,32.0,96.2,3.8,87.2,12.8
74,Malik Beasley,MIN,25,22,11,11,25.4,25.4,74.6,20.4,3.6,73.3,11.6,6.3,20.4,16.9,60.9,39.1,89.1,10.9,80.8,19.2
75,Mikal Bridges,PHX,25,22,19,3,34.8,65.4,34.6,61.2,6.5,31.3,22.7,7.5,19.4,54.7,78.8,21.2,100,0.0,84.2,15.8
76,Mo Bamba,ORL,23,22,5,17,29.8,56.0,44.0,54.5,4.3,38.3,4.3,7.2,12.3,50.2,54.7,45.3,96.7,3.3,68.1,31.9
77,Montrezl Harrell,WAS,27,22,14,8,26.7,96.7,3.3,74.3,2.7,1.6,9.6,24.1,6.3,71.6,63.2,36.8,100,0.0,63.8,36.2
78,Obi Toppin,NYK,23,22,11,11,15.3,73.6,26.4,71.5,0.0,10.1,19.6,18.4,21.8,71.5,84.4,15.6,100,0.0,85.7,14.3
79,P.J. Tucker,MIA,36,22,13,9,27.8,50.4,49.6,44.0,4.0,50.0,2.0,6.0,16.0,40.0,81.8,18.2,100,0.0,89.7,10.3
80,Reggie Jackson,LAC,31,22,11,11,33.3,48.8,51.2,43.0,7.9,48.8,10.5,8.2,16.5,35.2,25.6,74.4,61.3,38.7,41.0,59.0
81,Ricky Rubio,CLE,31,22,12,10,29.2,56.1,43.9,37.5,9.9,42.4,5.6,20.1,9.5,27.6,29.8,70.2,58.1,41.9,42.0,58.0
82,Saddiq Bey,DET,22,22,4,18,32.1,52.3,47.7,45.0,5.9,43.2,12.5,11.8,19.9,39.1,41.0,59.0,74.4,25.6,54.0,46.0
83,Steven Adams,MEM,28,22,12,10,24.2,100,0.0,73.6,0.0,0.0,0.0,26.4,9.7,73.6,49.1,50.9,0.0,0.0,49.1,50.9
84,Terrence Ross,ORL,30,22,5,17,24.8,49.5,50.5,42.5,20.8,41.0,2.4,16.5,14.2,21.7,66.7,33.3,75.9,24.1,70.3,29.7
85,Trae Young,ATL,23,22,12,10,33.9,65.3,34.7,50.2,17.3,30.6,8.0,19.2,14.2,32.9,11.7,88.3,20.3,79.7,14.2,85.8
86,Trey Lyles,DET,26,22,4,18,16.0,53.0,47.0,45.0,2.4,32.0,8.3,23.0,24.3,42.6,47.4,52.6,100,0.0,64.3,35.7
87,Tyrese Maxey,PHI,21,22,11,11,35.6,76.9,23.1,61.3,13.5,20.3,14.8,18.4,14.8,47.8,33.1,66.9,57.7,42.3,37.5,62.5
88,Tyus Jones,MEM,25,22,12,10,17.1,61.7,38.3,51.1,5.8,41.6,18.2,7.3,11.7,45.3,31.4,68.6,78.9,21.1,48.1,51.9
89,Aaron Gordon,DEN,26,21,10,11,32.1,72.1,27.9,63.1,6.8,21.4,14.2,15.5,19.0,56.3,58.1,41.9,85.7,14.3,63.2,36.8
90,Aaron Holiday,WAS,25,21,13,8,17.5,68.8,31.3,59.6,7.0,31.6,11.4,8.8,13.2,52.6,47.1,52.9,83.3,16.7,56.5,43.5
91,Andre Drummond,PHI,28,21,10,11,21.9,99.2,0.8,81.2,0.0,0.0,5.8,18.8,13.0,81.2,55.4,44.6,0.0,0.0,55.4,44.6
92,Andrew Wiggins,GSW,26,21,18,3,30.3,64.8,35.2,54.9,8.7,30.0,14.6,15.1,15.4,46.2,60.7,39.3,92.3,7.7,69.2,30.8
93,Avery Bradley,LAL,31,21,10,11,22.3,40.0,60.0,34.6,9.6,63.5,15.4,1.9,26.0,25.0,72.2,27.8,95.5,4.5,85.0,15.0
94,Bojan Bogdanovic,UTA,32,21,14,7,30.1,50.8,49.2,38.3,3.4,42.3,16.1,19.4,12.7,34.9,48.5,51.5,96.0,4.0,68.6,31.4
95,Cam Reddish,ATL,22,21,11,10,22.5,55.7,44.3,40.7,9.1,42.3,10.4,17.0,12.4,31.5,53.1,46.9,85.3,14.7,66.3,33.7
96,Chris Boucher,TOR,28,21,10,11,13.5,57.3,42.7,59.7,0.0,24.2,16.9,16.1,17.7,59.7,64.9,35.1,100,0.0,72.3,27.7
97,Christian Wood,HOU,26,21,5,16,31.6,65.9,34.1,57.1,3.0,28.6,7.1,14.3,8.9,54.2,60.4,39.6,75.0,25.0,64.1,35.9
98,Dennis Schroder,BOS,28,21,11,10,33.1,68.4,31.6,55.4,11.9,26.3,7.3,18.3,19.5,43.5,25.5,74.5,77.4,22.6,38.0,62.0
99,Devin Booker,PHX,25,21,18,3,32.2,68.4,31.6,53.3,24.2,30.7,15.0,16.0,17.0,29.1,37.7,62.3,68.0,32.0,46.1,53.9
100,Devonte' Graham,NOP,26,21,5,16,30.8,37.5,62.5,28.7,12.3,58.4,11.6,12.9,16.4,16.4,21.4,78.6,68.4,31.6,48.5,51.5
101,Furkan Korkmaz,PHI,24,21,10,11,23.7,39.5,60.5,34.2,4.1,56.0,13.5,9.8,15.0,30.1,42.4,57.6,77.8,22.2,60.9,39.1
102,Gary Trent Jr.,TOR,22,21,10,11,34.4,51.0,49.0,42.4,20.9,46.6,14.7,11.0,21.5,21.5,37.3,62.7,76.4,23.6,53.8,46.2
103,Giannis Antetokounmpo,MIL,26,21,14,7,32.7,77.5,22.5,62.8,8.6,12.4,14.1,24.8,11.6,54.1,36.3,63.7,37.5,62.5,36.4,63.6
104,Hassan Whiteside,UTA,32,21,14,7,15.4,100,0.0,79.5,0.0,0.0,0.0,20.5,11.6,79.5,62.1,37.9,0.0,0.0,62.1,37.9
105,Herbert Jones,NOP,23,21,6,15,26.1,84.9,15.1,75.4,3.1,11.5,18.5,13.1,20.0,72.3,65.3,34.7,100,0.0,68.5,31.5
106,Isaiah Hartenstein,LAC,23,21,11,10,15.7,97.0,3.0,81.3,0.0,3.9,5.2,14.8,12.9,81.3,74.6,25.4,50.0,50.0,73.8,26.2
107,Jae'Sean Tate,HOU,26,21,5,16,27.8,73.1,26.9,67.7,0.0,16.2,16.2,16.1,15.0,67.7,44.3,55.7,92.9,7.1,51.0,49.0
108,Jalen Suggs,ORL,20,21,4,17,27.7,60.3,39.7,47.3,4.7,30.2,16.7,22.5,14.0,42.6,36.1,63.9,61.5,38.5,43.7,56.3
109,James Harden,BKN,32,21,15,6,35.5,48.2,51.8,31.4,3.2,38.9,8.9,29.7,17.5,28.2,11.6,88.4,29.8,70.2,19.8,80.2
110,Jarred Vanderbilt,MIN,22,21,10,11,22.3,93.3,6.7,79.7,0.0,0.0,19.5,20.3,32.2,79.7,70.2,29.8,0.0,0.0,70.2,29.8
111,Jeff Green,DEN,35,21,10,11,23.9,63.1,36.9,51.7,5.0,25.4,12.4,22.9,14.9,46.8,67.3,32.7,100,0.0,75.4,24.6
112,Jerami Grant,DET,27,21,4,17,33.1,65.8,34.2,47.3,13.2,27.0,9.0,25.7,14.2,34.0,50.0,50.0,92.1,7.9,61.6,38.4
113,Jevon Carter,BKN,26,21,15,6,13.6,21.9,78.1,9.5,9.5,85.7,25.4,4.8,23.8,0.0,66.7,33.3,77.8,22.2,76.2,23.8
114,Joe Ingles,UTA,34,21,14,7,24.9,18.9,81.1,19.3,1.2,75.9,9.0,4.8,10.8,18.1,56.3,43.8,78.6,21.4,72.4,27.6
115,Jordan Clarkson,UTA,29,21,14,7,25.1,37.7,62.3,36.0,3.1,52.2,6.5,11.8,13.4,32.9,15.5,84.5,75.0,25.0,44.7,55.3
116,Jordan Poole,GSW,22,21,18,3,30.4,43.6,56.4,41.1,5.7,46.3,17.0,12.6,16.5,35.5,51.3,48.8,91.7,8.3,68.6,31.4
117,Kevin Huerter,ATL,23,21,11,10,25.9,52.8,47.2,52.2,9.7,44.9,18.4,2.9,14.0,42.5,50.0,50.0,77.4,22.6,60.0,40.0
118,Kevon Looney,GSW,25,21,18,3,18.3,100,0.0,82.5,1.8,0.0,3.5,17.5,10.5,80.7,76.6,23.4,0.0,0.0,76.6,23.4
119,Kira Lewis Jr.,NOP,20,21,5,16,14.7,60.3,39.7,65.0,6.5,29.3,19.5,5.7,17.9,58.5,42.5,57.5,83.3,16.7,51.9,48.1
120,Kyle Anderson,MEM,28,21,11,10,21.6,67.5,32.5,58.2,6.1,32.7,9.7,9.1,19.4,52.1,43.8,56.3,100,0.0,59.1,40.9
121,Landry Shamet,PHX,24,21,18,3,19.2,25.8,74.2,16.4,2.5,71.7,11.9,11.9,18.9,13.8,69.2,30.8,92.1,7.9,86.3,13.7
122,Luguentz Dort,OKC,22,21,6,15,32.4,46.3,53.7,40.8,1.1,41.6,10.8,17.6,15.6,39.7,45.8,54.2,91.8,8.2,64.5,35.5
123,Marcus Smart,BOS,27,21,12,9,34.8,49.8,50.2,43.7,1.7,39.3,3.1,17.0,10.9,41.9,38.0,62.0,93.3,6.7,58.8,41.3
124,Monte Morris,DEN,26,21,10,11,29.7,64.3,35.7,66.4,33.6,31.2,11.6,2.4,13.6,32.8,34.9,65.1,80.8,19.2,45.9,54.1
125,Moritz Wagner,ORL,24,21,5,16,11.2,36.2,63.8,32.1,0.0,50.4,6.9,17.5,6.9,32.1,66.7,33.3,100,0.0,83.7,16.3
126,Nassir Little,POR,21,21,10,11,22.4,53.7,46.3,51.7,5.7,34.5,15.5,13.8,25.9,46.0,71.1,28.9,90.0,10.0,76.9,23.1
127,Nemanja Bjelica,GSW,33,21,18,3,14.3,51.0,49.0,43.4,4.7,41.9,3.9,14.7,12.4,38.8,60.7,39.3,100,0.0,76.1,23.9
128,Patty Mills,BKN,33,21,15,6,27.9,29.9,70.1,18.8,9.4,77.3,14.5,3.9,10.9,9.4,70.8,29.2,89.4,10.6,84.4,15.6
129,Paul George,LAC,31,21,11,10,35.5,60.2,39.8,50.7,21.3,33.6,8.8,15.7,15.1,29.4,23.9,76.1,52.5,47.5,32.7,67.3
130,RJ Barrett,NYK,21,21,11,10,31.2,61.0,39.0,50.2,4.7,34.6,16.9,15.2,14.6,45.4,44.6,55.4,91.2,8.8,59.3,40.7
131,Raul Neto,WAS,29,21,13,8,19.7,74.6,25.4,69.3,9.2,15.7,5.2,15.0,15.7,60.1,45.3,54.7,75.0,25.0,49.2,50.8
132,Rudy Gobert,UTA,29,21,14,7,31.4,99.4,0.6,71.7,0.0,0.0,3.8,28.3,11.9,71.7,75.4,24.6,0.0,0.0,75.4,24.6
133,Scottie Barnes,TOR,20,21,8,13,35.6,85.0,15.0,71.7,16.2,14.0,19.0,14.3,15.9,55.5,34.8,65.2,86.7,13.3,40.8,59.2
134,Terance Mann,LAC,25,21,10,11,28.3,62.5,37.5,52.4,5.7,31.4,27.6,16.2,20.0,46.7,54.5,45.5,81.8,18.2,62.3,37.7
135,Tyrese Haliburton,SAC,21,21,9,12,33.2,60.0,40.0,51.5,12.4,39.8,15.8,8.7,22.4,39.0,29.0,71.0,68.8,31.3,42.6,57.4
136,Alperen Sengun,HOU,19,20,5,15,18.0,81.0,19.0,57.5,0.0,16.2,3.0,26.3,15.0,57.5,41.7,58.3,100,0.0,50.9,49.1
137,Bogdan Bogdanovic,ATL,29,20,11,9,28.2,44.7,55.3,39.7,7.8,55.6,11.6,4.7,13.4,31.9,47.8,52.2,93.0,7.0,69.7,30.3
138,Bryn Forbes,SAS,28,20,7,13,13.7,47.1,52.9,41.5,18.5,53.1,15.4,5.4,26.9,23.1,63.0,37.0,100,0.0,80.0,20.0
139,Corey Kispert,WAS,22,20,12,8,12.4,38.2,61.8,50.7,11.3,38.0,15.5,11.3,16.9,39.4,83.3,16.7,100,0.0,88.9,11.1
140,D'Angelo Russell,MIN,25,20,11,9,32.6,48.1,51.9,39.7,14.3,45.2,12.2,15.1,11.4,25.4,26.7,73.3,63.2,36.8,42.4,57.6
141,Damian Lillard,POR,31,20,10,10,35.7,50.5,49.5,42.4,13.1,38.5,7.7,19.1,13.1,29.4,19.8,80.2,49.1,50.9,30.8,69.2
142,Darius Garland,CLE,21,20,11,9,34.6,53.6,46.4,48.1,13.0,41.4,11.4,10.5,16.5,35.1,37.1,62.9,51.0,49.0,42.1,57.9
143,DeAndre Jordan,LAL,33,20,11,9,13.8,100,0.0,93.8,0.0,0.0,10.4,6.2,9.4,93.8,75.6,24.4,0.0,0.0,75.6,24.4
144,DeAndre' Bembry,BKN,27,20,14,6,19.9,80.5,19.5,74.1,0.0,18.1,23.3,7.8,26.7,74.1,65.1,34.9,100,0.0,70.0,30.0
145,Dejounte Murray,SAS,25,20,7,13,34.7,78.0,22.0,70.9,26.5,19.8,19.3,9.3,18.0,44.4,26.1,73.9,88.0,12.0,35.8,64.2
146,Delon Wright,ATL,29,20,12,8,13.1,68.4,31.6,49.2,3.3,29.5,9.8,21.3,24.6,45.9,46.7,53.3,33.3,66.7,42.9,57.1
147,Derrick White,SAS,27,20,7,13,31.2,55.5,44.5,48.8,8.3,38.4,16.1,12.8,19.0,40.5,45.8,54.2,87.1,12.9,60.0,40.0
148,Donovan Mitchell,UTA,25,20,13,7,32.2,55.1,44.9,50.0,10.3,37.5,9.9,12.5,15.7,39.7,12.9,87.1,48.3,51.7,24.7,75.3
149,Dorian Finney-Smith,DAL,28,20,11,9,30.9,37.3,62.7,35.8,1.1,57.0,15.1,7.2,21.8,34.6,71.9,28.1,100,0.0,86.4,13.6
150,Draymond Green,GSW,31,20,17,3,30.1,83.9,16.1,72.4,1.2,11.0,17.2,16.6,16.6,71.2,71.2,28.8,100,0.0,73.8,26.2
151,Drew Eubanks,SAS,24,20,7,13,14.7,95.0,5.0,71.3,3.5,0.0,1.7,28.7,7.0,67.8,75.6,24.4,0.0,0.0,75.6,24.4
152,Dwight Howard,LAL,35,20,9,11,14.7,87.0,13.0,60.2,0.0,14.6,1.9,25.2,15.5,60.2,64.5,35.5,80.0,20.0,66.7,33.3
153,Dwight Powell,DAL,30,20,11,9,19.7,81.0,19.0,66.7,0.0,14.6,6.5,18.7,15.4,66.7,92.7,7.3,100,0.0,93.6,6.4
154,Facundo Campazzo,DEN,30,20,9,11,18.3,35.2,64.8,27.8,0.0,57.4,10.4,14.8,8.7,27.8,56.3,43.8,63.6,36.4,60.5,39.5
155,Gary Payton II,GSW,29,20,17,3,14.1,67.1,32.9,65.6,1.6,21.1,24.2,13.3,25.0,64.1,81.0,19.0,100,0.0,84.3,15.7
156,Isaiah Stewart,DET,20,20,4,16,25.1,91.2,8.8,87.6,6.5,2.0,13.1,10.4,9.8,81.0,74.6,25.4,100,0.0,75.0,25.0
157,JaMychal Green,DEN,31,20,9,11,14.8,56.0,44.0,62.4,11.0,24.8,8.3,12.8,18.3,51.4,70.6,29.4,100,0.0,76.7,23.3
158,Jaden McDaniels,MIN,21,20,10,10,25.3,56.9,43.1,60.2,6.5,34.1,17.1,5.7,16.3,53.7,62.2,37.8,100,0.0,72.5,27.5
159,John Konchar,MEM,25,20,12,8,14.9,61.9,38.1,63.4,2.4,32.9,13.4,3.7,18.3,61.0,73.1,26.9,100,0.0,80.0,20.0
160,Jordan Nwora,MIL,23,20,11,9,18.4,48.2,51.8,40.3,5.6,52.1,10.4,7.6,24.3,34.7,51.7,48.3,80.0,20.0,64.8,35.2
161,Josh Giddey,OKC,19,20,6,14,29.4,68.2,31.8,65.7,5.8,26.1,9.2,8.2,10.1,59.9,20.6,79.4,94.4,5.6,36.0,64.0
162,Juan Toscano-Anderson,GSW,28,20,18,2,15.4,59.7,40.3,59.8,0.0,27.6,16.1,12.6,19.5,59.8,73.1,26.9,87.5,12.5,76.5,23.5
163,Keldon Johnson,SAS,22,20,7,13,31.5,77.3,22.7,62.4,8.1,23.2,12.8,14.4,21.5,54.4,62.4,37.6,95.7,4.3,69.0,31.0
164,Kenyon Martin Jr.,HOU,20,20,5,15,15.6,72.6,27.4,72.1,0.0,17.6,21.3,10.3,19.9,72.1,67.3,32.7,100,0.0,71.9,28.1
165,Kevin Durant,BKN,33,20,14,6,35.8,75.3,24.7,59.5,25.2,19.4,10.5,21.1,12.4,34.3,50.6,49.4,59.5,40.5,52.2,47.8
166,Kyle Lowry,MIA,35,20,12,8,33.8,40.7,59.3,39.2,11.4,45.3,13.1,15.5,20.0,27.8,25.0,75.0,70.3,29.7,44.7,55.3
167,LaMarcus Aldridge,BKN,36,20,14,6,22.6,88.2,11.8,79.0,40.6,10.0,3.0,11.0,10.3,38.4,76.6,23.4,100,0.0,78.4,21.6
168,Lonnie Walker IV,SAS,22,20,7,13,22.2,47.7,52.3,44.7,12.2,44.2,13.2,11.1,18.8,32.5,40.9,59.1,89.7,10.3,60.3,39.7
169,Mason Plumlee,CHA,31,20,12,8,26.1,100,0.0,86.8,4.4,0.0,7.4,13.2,14.7,82.4,66.1,33.9,0.0,0.0,66.1,33.9
170,Naz Reid,MIN,22,20,10,10,16.0,66.4,33.6,58.6,0.0,25.9,2.9,15.5,17.2,58.6,66.7,33.3,100,0.0,74.2,25.8
171,Precious Achiuwa,TOR,22,20,10,10,26.3,85.6,14.4,74.7,2.5,13.3,14.6,12.0,18.4,72.2,62.7,37.3,100,0.0,66.7,33.3
172,Richaun Holmes,SAC,28,20,7,13,27.9,97.8,2.2,83.2,2.0,2.0,6.9,14.8,13.5,81.2,73.8,26.2,100,0.0,74.2,25.8
173,Seth Curry,PHI,31,20,10,10,34.0,53.9,46.1,44.9,26.5,41.5,9.5,13.6,8.6,18.5,53.4,46.6,82.2,17.8,64.4,35.6
174,Stephen Curry,GSW,33,20,17,3,34.3,35.3,64.7,27.0,5.4,58.3,15.6,14.7,18.5,21.6,40.0,60.0,63.0,37.0,53.6,46.4
175,Taurean Prince,MIN,27,20,11,9,15.0,30.8,69.2,33.8,2.6,54.5,15.6,11.7,23.4,31.2,69.2,30.8,100,0.0,85.2,14.8
176,Tim Hardaway Jr.,DAL,29,20,11,9,32.6,45.2,54.8,36.9,19.9,52.1,14.2,11.0,10.6,17.0,69.2,30.8,83.7,16.3,76.2,23.8
177,Al Horford,BOS,35,19,11,8,28.8,57.8,42.2,52.8,6.8,30.6,6.4,16.6,11.9,46.0,66.1,33.9,95.8,4.2,74.4,25.6
178,Bradley Beal,WAS,28,19,11,8,36.0,68.8,31.2,62.0,18.1,22.2,7.2,15.8,13.9,44.0,35.1,64.9,71.9,28.1,42.2,57.8
179,Brandon Clarke,MEM,25,19,9,10,16.0,89.5,10.5,85.7,2.7,2.0,8.2,12.3,13.6,83.0,68.3,31.7,100,0.0,68.8,31.3
180,Caleb Martin,MIA,26,19,11,8,17.8,64.0,36.0,60.3,3.4,28.4,16.4,11.3,17.2,56.9,57.1,42.9,100,0.0,67.4,32.6
181,Daniel Gafford,WAS,23,19,12,7,21.1,100,0.0,85.9,0.0,0.0,7.9,14.1,13.6,85.9,73.7,26.3,0.0,0.0,73.7,26.3
182,Danilo Gallinari,ATL,33,19,10,9,20.7,47.2,52.8,30.5,18.5,49.7,2.0,19.8,6.6,11.9,52.2,47.8,88.0,12.0,70.8,29.2
183,De'Anthony Melton,MEM,23,19,11,8,24.7,48.1,51.9,41.2,7.0,52.8,23.6,6.0,16.1,34.2,41.5,58.5,82.9,17.1,60.5,39.5
184,Derrick Jones Jr.,CHI,24,19,12,7,16.7,80.3,19.7,69.9,0.0,9.8,13.8,20.3,20.3,69.9,72.1,27.9,100,0.0,74.5,25.5
185,Derrick Rose,NYK,33,19,9,10,23.7,65.3,34.7,53.4,5.1,35.6,15.3,11.0,8.5,48.3,27.0,73.0,71.4,28.6,40.7,59.3
186,Eric Paschall,UTA,25,19,14,5,12.1,36.8,63.2,40.0,0.0,42.9,4.3,17.1,2.9,40.0,42.9,57.1,100,0.0,66.7,33.3
187,Gabe Vincent,MIA,25,19,11,8,15.8,39.2,60.8,32.5,3.4,59.0,6.0,8.5,19.7,29.1,47.4,52.6,91.3,8.7,71.4,28.6
188,Gorgui Dieng,ATL,31,19,10,9,8.4,57.5,42.5,51.2,23.3,27.9,11.6,20.9,14.0,27.9,81.8,18.2,100,0.0,86.7,13.3
189,Harrison Barnes,SAC,29,19,7,12,35.0,59.6,40.4,40.4,1.7,30.7,13.3,28.9,15.0,38.8,52.1,47.9,89.2,10.8,64.5,35.5
190,Ja Morant,MEM,22,19,9,10,32.6,75.6,24.4,60.7,2.2,20.3,15.5,19.0,13.1,58.5,23.0,77.0,48.4,51.6,27.6,72.4
191,Jalen Brunson,DAL,25,19,11,8,28.5,71.7,28.3,62.6,14.4,23.7,6.8,13.7,10.8,48.2,19.5,80.5,68.2,31.8,29.4,70.6
192,Jarrett Allen,CLE,23,19,12,7,33.1,97.8,2.2,81.3,1.3,1.0,6.5,17.7,15.5,80.0,73.8,26.2,0.0,100,73.2,26.8
193,Jaxson Hayes,NOP,21,19,3,16,12.2,85.7,14.3,64.3,0.0,10.7,7.1,25.0,20.5,64.3,69.4,30.6,100,0.0,72.5,27.5
194,Josh Hart,NOP,26,19,5,14,30.1,71.3,28.8,60.0,7.6,21.4,34.3,18.6,14.3,52.4,49.2,50.8,86.7,13.3,56.4,43.6
195,Josh Jackson,DET,24,19,3,16,19.0,53.7,46.3,48.9,8.6,34.5,12.2,16.6,11.5,40.3,47.1,52.9,75.0,25.0,56.0,44.0
196,Kenrich Williams,OKC,27,19,6,13,20.2,64.9,35.1,57.4,10.9,30.2,8.5,12.4,31.0,46.5,54.1,45.9,84.6,15.4,62.0,38.0
197,Malcolm Brogdon,IND,28,19,7,12,35.4,62.4,37.6,52.6,11.0,28.6,10.5,18.8,10.0,41.6,23.8,76.2,60.5,39.5,33.6,66.4
198,Mike Conley,UTA,34,19,14,5,28.2,42.6,57.4,36.3,3.1,54.4,6.6,9.3,12.4,33.2,17.0,83.0,63.8,36.2,40.4,59.6
199,Mitchell Robinson,NYK,23,19,9,10,25.6,100,0.0,81.2,0.0,0.0,1.5,18.8,24.1,81.2,59.3,40.7,0.0,0.0,59.3,40.7
200,Nick Richards,CHA,24,19,10,9,8.6,100,0.0,82.0,0.0,0.0,0.0,18.0,3.3,82.0,72.0,28.0,0.0,0.0,72.0,28.0
201,Norman Powell,POR,28,19,9,10,29.1,61.4,38.6,44.4,6.3,35.6,18.1,20.0,20.3,38.1,54.9,45.1,94.7,5.3,68.8,31.2
202,Otto Porter Jr.,GSW,28,19,16,3,18.8,29.0,71.0,24.5,6.8,67.3,18.4,8.2,19.0,17.7,72.2,27.8,93.9,6.1,86.3,13.7
203,Reggie Bullock,DAL,30,19,10,9,22.7,28.6,71.4,31.8,9.3,64.5,28.0,3.7,17.8,22.4,82.4,17.6,100,0.0,92.5,7.5
204,Royce O'Neale,UTA,28,19,12,7,31.0,31.3,68.7,34.7,1.4,58.3,30.6,7.0,13.9,33.3,60.0,40.0,100,0.0,81.1,18.9
205,Shai Gilgeous-Alexander,OKC,23,19,6,13,34.9,61.9,38.1,50.1,6.0,29.0,3.0,20.9,13.4,44.2,8.9,91.1,17.9,82.1,11.4,88.6
206,Spencer Dinwiddie,WAS,28,19,12,7,29.8,52.8,47.2,40.3,8.2,42.5,4.9,17.2,11.6,32.1,16.7,83.3,50.0,50.0,30.4,69.6
207,Terry Rozier,CHA,27,19,10,9,32.9,51.6,48.4,44.5,8.3,43.6,15.1,11.9,15.7,36.2,40.0,60.0,85.7,14.3,58.1,41.9
208,Thanasis Antetokounmpo,MIL,29,19,10,9,12.7,90.9,9.1,83.3,0.0,0.0,13.3,16.7,20.0,83.3,68.0,32.0,0.0,0.0,68.0,32.0
209,Tomas Satoransky,NOP,30,19,5,14,15.5,76.7,23.3,65.4,7.7,17.3,1.9,17.3,21.2,57.7,52.9,47.1,100,0.0,60.0,40.0
210,Ty Jerome,OKC,24,19,6,13,14.3,43.5,56.5,38.2,2.9,44.1,11.8,17.7,13.2,35.3,26.9,73.1,75.0,25.0,47.8,52.2
211,Tyler Herro,MIA,21,19,11,8,33.7,60.1,39.9,49.9,24.2,40.0,10.4,10.1,13.8,25.7,28.2,71.8,63.6,36.4,40.5,59.5
212,Will Barton,DEN,30,19,9,10,33.5,53.6,46.4,46.6,6.6,46.2,14.8,7.2,11.8,40.0,42.3,57.7,70.2,29.8,53.4,46.6
213,Austin Rivers,DEN,29,18,10,8,17.5,38.5,61.5,40.0,0.0,55.7,8.6,4.3,0.0,40.0,28.6,71.4,92.3,7.7,59.3,40.7
214,Bam Adebayo,MIA,24,18,10,8,32.9,99.6,0.4,74.8,10.7,0.0,12.5,25.2,15.7,64.1,60.3,39.7,0.0,0.0,60.3,39.7
215,Bobby Portis,MIL,26,18,11,7,27.9,64.2,35.8,51.7,13.3,36.5,4.4,11.8,14.0,38.4,54.3,45.7,100,0.0,68.9,31.1
216,Bruce Brown,BKN,25,18,12,6,23.6,81.0,19.0,76.9,1.5,16.2,28.5,6.9,19.2,75.4,78.0,22.0,100,0.0,80.7,19.3
217,Devin Vassell,SAS,21,18,5,13,25.0,50.3,49.7,45.0,15.3,47.4,14.8,7.6,16.3,29.7,66.0,34.0,97.0,3.0,78.8,21.3
218,Eric Gordon,HOU,32,18,5,13,29.4,50.0,50.0,37.6,0.9,50.0,5.6,12.4,11.1,36.8,34.1,65.9,69.2,30.8,50.6,49.4
219,Evan Mobley,CLE,20,18,12,6,33.7,83.2,16.8,69.0,8.4,13.8,6.9,17.2,17.2,60.5,68.9,31.1,100,0.0,72.5,27.5
220,Jalen Green,HOU,19,18,2,16,30.8,49.6,50.4,43.7,7.1,38.1,16.3,18.2,14.3,36.5,43.6,56.4,62.5,37.5,50.6,49.4
221,Kemba Walker,NYK,31,18,10,8,24.5,48.0,52.0,36.2,8.6,54.3,7.1,9.5,13.8,27.6,21.1,78.9,52.6,47.4,36.8,63.2
222,Kevin Porter Jr.,HOU,21,18,5,13,30.9,53.6,46.4,40.7,5.1,41.9,11.9,17.4,10.6,35.6,22.9,77.1,42.4,57.6,30.9,69.1
223,P.J. Dozier,DEN,25,18,9,9,18.9,51.5,48.5,43.3,14.4,46.4,8.2,10.3,10.3,28.9,33.3,66.7,86.7,13.3,55.6,44.4
224,Payton Pritchard,BOS,23,18,10,8,8.8,36.2,63.8,20.0,13.3,70.0,20.0,10.0,10.0,6.7,66.7,33.3,85.7,14.3,80.0,20.0
225,Sterling Brown,DAL,26,18,10,8,12.5,32.7,67.3,32.7,3.6,60.0,14.5,7.3,18.2,29.1,66.7,33.3,90.9,9.1,80.0,20.0
226,Tre Jones,SAS,21,18,7,11,9.6,94.8,5.2,87.3,5.6,0.0,21.1,12.7,23.9,81.7,61.3,38.7,0.0,0.0,61.3,38.7
227,Willie Cauley-Stein,DAL,28,18,10,8,9.8,94.3,5.7,88.2,0.0,8.8,0.0,3.0,23.5,88.2,80.0,20.0,100,0.0,81.3,18.8
228,Ziaire Williams,MEM,20,18,9,9,18.6,33.7,66.3,42.2,11.1,53.3,18.9,4.5,24.4,31.1,94.7,5.3,93.8,6.3,94.3,5.7
229,Aaron Nesmith,BOS,22,17,9,8,9.3,25.5,74.5,38.1,14.3,57.1,0.0,4.8,14.3,23.8,87.5,12.5,100,0.0,93.8,6.3
230,Armoni Brooks,HOU,23,17,5,12,12.1,16.9,83.1,14.6,0.0,78.1,10.4,7.3,24.0,14.6,71.4,28.6,84.0,16.0,81.3,18.8
231,Blake Griffin,BKN,32,17,13,4,21.7,47.7,52.3,53.8,2.2,29.0,7.5,17.2,17.2,51.6,84.0,16.0,100,0.0,88.2,11.8
232,Brandon Ingram,NOP,24,17,6,11,34.3,75.1,24.9,59.3,28.0,24.3,5.9,16.4,11.6,31.3,43.6,56.4,93.3,6.7,54.3,45.7
233,Cade Cunningham,DET,20,17,4,13,31.4,49.2,50.8,45.0,5.0,43.8,7.1,11.2,20.8,40.0,20.4,79.6,71.4,28.6,40.4,59.6
234,Cameron Payne,PHX,27,17,16,1,17.8,60.8,39.2,47.1,4.7,33.5,4.7,19.4,11.8,42.4,10.0,90.0,68.4,31.6,28.8,71.2
235,Cedi Osman,CLE,26,17,10,7,22.2,32.0,68.0,26.3,2.0,65.2,17.7,8.5,15.2,24.2,65.4,34.6,79.1,20.9,73.9,26.1
236,Chuma Okeke,ORL,23,17,4,13,21.2,53.5,46.5,52.5,13.6,30.5,12.7,17.0,13.6,39.0,38.7,61.3,100,0.0,55.8,44.2
237,Cole Anthony,ORL,21,17,5,12,34.2,54.0,46.0,42.0,8.3,40.8,10.9,17.2,8.6,33.7,22.5,77.5,63.0,37.0,38.5,61.5
238,D.J. Augustin,HOU,34,17,3,14,12.4,25.5,74.5,15.9,0.0,61.9,7.9,22.2,19.0,15.9,40.0,60.0,69.2,30.8,61.1,38.9
239,Gary Harris,ORL,27,17,3,14,24.8,56.1,43.9,60.9,13.9,33.9,19.1,5.2,31.3,47.0,48.6,51.4,84.6,15.4,58.3,41.7
240,Ish Smith,CHA,33,17,9,8,12.6,97.6,2.4,91.2,38.2,4.4,11.8,4.4,11.8,52.9,16.1,83.9,100,0.0,18.8,81.3
241,Jeremy Lamb,IND,29,17,5,12,13.7,47.9,52.1,30.2,11.1,47.6,16.7,22.2,15.9,19.0,15.8,84.2,80.0,20.0,48.7,51.3
242,Jimmy Butler,MIA,32,17,11,6,34.2,88.5,11.5,64.3,14.5,4.5,13.5,31.2,17.2,49.9,45.0,55.0,83.3,16.7,46.7,53.3
243,Jrue Holiday,MIL,31,17,12,5,31.4,64.0,36.0,57.9,17.8,34.7,5.8,7.4,12.4,40.2,20.0,80.0,43.3,56.7,26.7,73.3
244,Justin Robinson,MIL,24,17,10,7,11.6,35.1,64.9,33.3,4.2,62.5,18.8,4.2,16.7,29.2,25.0,75.0,70.0,30.0,50.0,50.0
245,Kelan Martin,IND,26,17,8,9,16.7,58.8,41.2,62.2,21.8,32.8,14.3,5.0,10.9,40.3,67.6,32.4,100,0.0,76.0,24.0
246,Kent Bazemore,LAL,32,17,8,9,20.4,46.9,53.1,36.4,7.8,50.6,10.4,13.0,23.4,28.6,78.6,21.4,92.3,7.7,85.2,14.8
247,Killian Hayes,DET,20,17,4,13,25.9,57.3,42.7,37.7,1.9,48.1,7.5,14.2,17.0,35.8,30.0,70.0,88.2,11.8,56.8,43.2
248,Lou Williams,ATL,35,17,10,7,13.0,72.8,27.2,55.6,33.3,27.8,0.0,16.6,7.4,22.2,26.7,73.3,70.0,30.0,37.5,62.5
249,Luka Doncic,DAL,22,17,11,6,34.7,61.3,38.7,52.8,13.8,33.0,5.3,14.2,14.2,39.0,8.7,91.3,16.7,83.3,11.0,89.0
250,Naji Marshall,NOP,23,17,3,14,12.1,61.0,39.0,48.5,3.0,13.6,19.7,37.9,31.8,45.5,50.0,50.0,100,0.0,57.9,42.1
251,Romeo Langford,BOS,22,17,9,8,19.0,53.3,46.7,34.6,9.9,55.6,7.4,9.8,11.1,24.7,64.3,35.7,100,0.0,82.8,17.2
252,Shake Milton,PHI,25,17,9,8,25.2,70.9,29.1,63.4,6.9,22.3,9.4,14.3,15.3,56.4,34.4,65.6,93.3,6.7,45.6,54.4
253,Thaddeus Young,SAS,33,17,6,11,15.6,98.0,2.0,94.4,3.2,0.0,7.2,5.6,4.0,91.2,61.0,39.0,0.0,0.0,61.0,39.0
254,Tony Bradley,CHI,23,17,10,7,13.1,100,0.0,93.5,6.5,0.0,3.2,6.5,12.9,87.1,79.3,20.7,0.0,0.0,79.3,20.7
255,Tony Snell,POR,30,17,8,9,11.1,19.4,80.6,12.5,0.0,84.4,6.3,3.1,21.9,12.5,50.0,50.0,88.9,11.1,81.8,18.2
256,Amir Coffey,LAC,24,16,7,9,13.0,25.0,75.0,14.5,7.3,54.5,14.5,31.0,23.6,7.3,50.0,50.0,100,0.0,85.7,14.3
257,Caris LeVert,IND,27,16,7,9,26.7,66.8,33.2,64.6,12.6,25.6,10.8,9.8,17.0,52.0,29.2,70.8,63.2,36.8,36.3,63.7
258,Daniel Theis,HOU,29,16,2,14,23.2,54.8,45.2,55.4,4.6,32.3,4.6,12.3,13.8,50.8,75.0,25.0,100,0.0,82.0,18.0
259,Dean Wade,CLE,25,16,7,9,22.4,34.7,65.3,39.0,10.4,54.5,10.4,6.5,19.5,28.6,53.3,46.7,100,0.0,75.9,24.1
260,Deandre Ayton,PHX,23,16,13,3,30.6,97.3,2.7,91.1,7.0,1.2,2.7,7.7,17.9,84.0,78.6,21.4,100,0.0,78.8,21.2
261,Derrick Favors,OKC,30,16,6,10,16.7,90.5,9.5,84.8,21.7,6.5,0.0,8.7,18.5,63.0,84.6,15.4,100,0.0,85.4,14.6
262,Dylan Windler,CLE,25,16,9,7,11.4,36.1,63.9,31.8,0.0,61.4,4.5,6.8,15.9,31.8,71.4,28.6,100,0.0,87.5,12.5
263,Goga Bitadze,IND,22,16,6,10,8.6,49.0,51.0,46.5,0.0,27.9,16.3,25.6,30.2,46.5,40.0,60.0,100,0.0,57.1,42.9
264,Hamidou Diallo,DET,23,16,1,15,14.5,80.5,19.5,73.5,2.0,12.2,10.2,14.3,17.3,71.4,44.4,55.6,100,0.0,50.0,50.0
265,Jordan McLaughlin,MIN,25,16,9,7,10.3,52.8,47.2,53.3,6.7,30.0,13.3,16.7,16.7,46.7,12.5,87.5,66.7,33.3,27.3,72.7
266,Josh Richardson,BOS,28,16,10,6,24.7,58.3,41.7,52.3,22.8,34.2,4.0,13.5,8.7,29.5,41.0,59.0,100,0.0,58.9,41.1
267,Justise Winslow,LAC,25,16,10,6,8.0,80.0,20.0,84.8,0.0,9.1,6.1,6.1,21.2,84.8,78.6,21.4,100,0.0,80.0,20.0
268,Keita Bates-Diop,SAS,25,16,6,10,13.7,76.1,23.9,81.6,4.1,6.1,24.5,12.3,20.4,77.6,75.0,25.0,100,0.0,76.2,23.8
269,Malachi Flynn,TOR,23,16,7,9,8.6,52.0,48.0,51.2,14.0,41.9,18.6,6.9,11.6,37.2,18.2,81.8,83.3,16.7,41.2,58.8
270,Maurice Harkless,SAC,28,16,7,9,20.5,38.5,61.5,47.8,3.0,40.3,10.4,11.9,9.0,44.8,75.0,25.0,100,0.0,84.0,16.0
271,Mike Muscala,OKC,30,16,5,11,14.6,34.7,65.3,23.4,7.3,59.1,8.0,17.5,10.9,16.1,87.5,12.5,100,0.0,95.3,4.7
272,Nikola Jokic,DEN,26,16,9,7,32.7,75.4,24.6,65.2,8.8,19.0,9.2,15.8,9.7,56.4,50.0,50.0,96.2,3.8,57.5,42.5
273,Nikola Vucevic,CHI,31,16,11,5,33.1,69.0,31.0,60.7,17.2,32.0,5.7,7.3,9.4,43.4,71.6,28.4,100,0.0,79.0,21.0
274,Patrick Beverley,MIN,33,16,8,8,25.4,47.7,52.3,46.5,1.6,44.2,7.0,9.3,25.6,45.0,16.7,83.3,84.2,15.8,42.9,57.1
275,Paul Millsap,BKN,36,16,11,5,11.2,54.3,45.7,44.4,0.0,33.3,4.4,22.3,8.9,44.4,50.0,50.0,100,0.0,66.7,33.3
276,Rodney Hood,MIL,29,16,9,7,14.2,33.3,66.7,20.0,8.0,66.0,16.0,14.0,16.0,12.0,40.0,60.0,90.9,9.1,75.0,25.0
277,Alex Len,SAC,28,15,6,9,16.5,80.0,20.0,62.4,2.2,19.4,15.1,18.2,18.3,60.2,82.8,17.2,100,0.0,85.7,14.3
278,Bones Hyland,DEN,21,15,8,7,15.8,31.7,68.3,25.0,5.0,62.5,11.7,12.5,18.3,20.0,33.3,66.7,68.0,32.0,55.0,45.0
279,Damion Lee,GSW,29,15,13,2,21.0,51.8,48.2,44.8,10.4,42.5,11.9,12.7,17.9,34.3,83.3,16.7,94.7,5.3,87.8,12.2
280,Danny Green,PHI,34,15,6,9,23.1,14.0,86.0,15.7,5.2,80.9,18.3,3.4,15.7,10.4,77.8,22.2,83.9,16.1,82.5,17.5
281,David Nwaba,HOU,28,15,1,14,11.7,75.0,25.0,72.1,0.0,4.9,37.7,23.0,23.0,72.1,54.5,45.5,100,0.0,56.5,43.5
282,Frank Ntilikina,DAL,23,15,8,7,14.2,48.0,52.0,32.5,15.0,52.5,2.5,15.0,20.0,17.5,53.8,46.2,78.6,21.4,66.7,33.3
283,Isaac Okoro,CLE,20,15,7,8,29.6,61.6,38.4,59.3,3.4,22.9,21.2,17.8,11.9,55.9,68.6,31.4,88.9,11.1,72.7,27.3
284,Khem Birch,TOR,29,15,7,8,22.9,92.5,7.5,76.9,3.8,0.0,8.7,23.1,23.1,73.1,87.5,12.5,0.0,0.0,87.5,12.5
285,Khris Middleton,MIL,30,15,11,4,30.5,60.2,39.8,46.6,26.0,34.4,10.7,19.0,8.0,20.6,24.6,75.4,66.7,33.3,38.5,61.5
286,Kristaps Porzingis,DAL,26,15,8,7,30.3,64.4,35.6,55.6,14.9,25.4,11.5,19.0,10.8,40.7,64.6,35.4,100,0.0,72.9,27.1
287,Matisse Thybulle,PHI,24,15,9,6,25.5,52.0,48.0,58.9,0.0,34.7,29.5,6.4,28.4,58.9,75.0,25.0,81.8,18.2,76.9,23.1
288,Max Strus,MIA,25,15,10,5,21.4,25.5,74.5,23.3,1.7,70.0,10.0,6.7,20.8,21.7,85.7,14.3,92.9,7.1,90.5,9.5
289,Moses Moody,GSW,19,15,15,0,5.9,44.4,55.6,69.6,17.4,26.1,26.1,4.3,8.7,52.2,100,0.0,100,0.0,100,0.0
290,OG Anunoby,TOR,24,15,7,8,37.3,57.7,42.3,48.3,7.9,40.7,20.5,11.0,25.2,40.4,43.8,56.2,85.4,14.6,58.8,41.2
291,Robert Williams III,BOS,24,15,9,6,29.9,100,0.0,90.1,1.4,0.0,8.5,9.9,19.0,88.7,78.1,21.9,0.0,0.0,78.1,21.9
292,Terence Davis,SAC,24,15,6,9,15.4,40.5,59.5,45.3,1.9,48.1,20.8,6.6,15.1,43.4,54.2,45.8,76.5,23.5,63.4,36.6
293,Timothe Luwawu-Cabarrot,ATL,26,15,10,5,5.2,29.6,70.4,18.8,0.0,65.6,0.0,15.6,9.4,18.8,100,0.0,100,0.0,100,0.0
294,Trent Forrest,UTA,23,15,10,5,7.9,85.7,14.3,72.0,0.0,0.0,0.0,28.0,0.0,72.0,33.3,66.7,0.0,0.0,33.3,66.7
295,Tristan Thompson,SAC,30,15,6,9,14.1,100,0.0,81.9,4.8,0.0,6.0,18.1,12.0,77.1,58.8,41.2,0.0,0.0,58.8,41.2
296,Wayne Ellington,LAL,34,15,7,8,20.8,7.3,92.7,6.0,2.0,90.0,21.0,4.0,15.0,4.0,100,0.0,100,0.0,100,0.0
297,Xavier Tillman,MEM,22,15,8,7,13.5,68.8,31.3,67.6,2.9,17.6,13.2,14.8,17.6,64.7,69.6,30.4,75.0,25.0,70.4,29.6
298,Abdel Nader,PHX,28,14,11,3,10.4,60.0,40.0,47.1,0.0,35.3,20.6,17.6,11.8,47.1,50.0,50.0,100,0.0,66.7,33.3
299,Cam Thomas,BKN,20,14,8,6,9.1,56.6,43.4,58.8,15.7,23.5,23.5,17.7,9.8,43.1,53.3,46.7,100,0.0,63.2,36.8
300,Danuel House Jr.,HOU,28,14,5,9,13.7,54.5,45.5,35.8,9.0,44.8,14.9,19.4,28.4,26.9,75.0,25.0,80.0,20.0,77.3,22.7
301,Denzel Valentine,CLE,28,14,7,7,6.8,37.1,62.9,22.2,0.0,77.8,0.0,0.0,7.4,22.2,33.3,66.7,85.7,14.3,70.0,30.0
302,Jared Butler,UTA,21,14,12,2,4.6,42.9,57.1,33.3,8.3,50.0,4.2,16.7,20.8,25.0,25.0,75.0,75.0,25.0,50.0,50.0
303,Joe Harris,BKN,30,14,10,4,30.2,29.0,71.0,19.0,2.5,77.8,14.6,3.2,12.0,16.5,86.7,13.3,100,0.0,96.4,3.6
304,Jonathan Kuminga,GSW,19,14,12,2,7.2,64.1,35.9,66.7,0.0,14.3,14.3,19.0,16.7,66.7,42.9,57.1,100,0.0,50.0,50.0
305,Josh Okogie,MIN,23,14,4,10,16.0,62.5,37.5,53.7,0.0,22.0,4.9,24.3,22.0,53.7,72.7,27.3,100,0.0,78.6,21.4
306,Kevin Love,CLE,33,14,6,8,20.3,47.5,52.5,34.6,9.0,44.2,7.7,21.2,25.0,25.6,63.0,37.0,95.7,4.3,78.0,22.0
307,Nicolas Batum,LAC,32,14,9,5,27.6,24.0,76.0,26.3,1.5,70.1,18.2,3.6,21.2,24.8,77.8,22.2,96.9,3.1,90.0,10.0
308,Paul Reed,PHI,22,14,7,7,9.8,91.4,8.6,100,5.6,0.0,5.6,0.0,5.6,94.4,55.6,44.4,0.0,0.0,55.6,44.4
309,Rajon Rondo,LAL,35,14,5,9,14.9,60.3,39.7,55.3,0.0,44.7,17.0,0.0,19.1,55.3,7.7,92.3,100,0.0,40.0,60.0
310,Tobias Harris,PHI,29,14,6,8,34.1,75.1,24.9,68.4,7.4,19.0,13.0,12.6,13.0,61.0,46.7,53.3,64.7,35.3,49.5,50.5
311,Tre Mann,OKC,20,14,4,10,15.3,61.3,38.7,52.5,8.1,36.4,8.1,11.1,18.2,44.4,19.2,80.8,75.0,25.0,36.8,63.2
312,Troy Brown Jr.,CHI,22,14,11,3,9.5,52.3,47.7,48.0,8.0,48.0,20.0,4.0,26.0,40.0,75.0,25.0,100,0.0,85.0,15.0
313,Alize Johnson,CHI,25,13,9,4,7.5,95.2,4.8,88.9,0.0,0.0,18.5,11.1,22.2,88.9,58.3,41.7,0.0,0.0,58.3,41.7
314,Doug McDermott,SAS,29,13,4,9,25.3,46.6,53.4,38.3,7.1,57.4,16.3,4.3,5.7,31.2,81.5,18.5,100,0.0,90.7,9.3
315,Isaiah Joe,PHI,22,13,7,6,9.6,24.4,75.6,22.7,9.1,68.2,0.0,9.1,11.4,13.6,60.0,40.0,100,0.0,86.7,13.3
316,Jakob Poeltl,SAS,26,13,5,8,28.8,100,0.0,93.9,1.2,0.0,0.0,6.1,12.2,92.7,70.1,29.9,0.0,0.0,70.1,29.9
317,James Johnson,BKN,34,13,9,4,16.4,78.0,22.0,73.1,0.0,17.3,7.7,9.6,5.8,73.1,47.4,52.6,100,0.0,54.5,45.5
318,Jaylen Brown,BOS,25,13,6,7,32.8,61.0,39.0,50.4,9.4,33.5,14.7,16.1,10.1,41.0,45.7,54.3,67.7,32.3,52.5,47.5
319,Josh Christopher,HOU,19,13,3,10,7.8,76.2,23.8,55.8,0.0,27.9,14.0,16.3,30.2,55.8,50.0,50.0,50.0,50.0,50.0,50.0
320,Lauri Markkanen,CLE,24,13,7,6,31.1,46.0,54.0,39.2,4.2,46.0,18.5,14.8,18.0,34.9,59.5,40.5,100,0.0,77.3,22.7
321,Luka Garza,DET,22,13,0,13,10.4,61.5,38.5,48.0,4.0,30.0,4.0,22.0,20.0,44.0,83.3,16.7,100,0.0,88.2,11.8
322,Omer Yurtseven,MIA,23,13,8,5,3.1,100,0.0,85.7,9.5,0.0,9.5,14.3,14.3,76.2,77.8,22.2,0.0,0.0,77.8,22.2
323,Oshae Brissett,IND,23,13,4,9,11.6,51.1,48.9,48.0,0.0,48.0,20.0,4.0,6.0,48.0,75.0,25.0,100,0.0,85.0,15.0
324,Andre Iguodala,GSW,37,12,10,2,20.8,46.5,53.5,57.8,4.4,33.3,13.3,8.9,28.9,53.3,76.9,23.1,80.0,20.0,77.8,22.2
325,Austin Reaves,LAL,23,12,8,4,19.8,41.7,58.3,43.8,9.4,42.2,25.0,14.0,37.5,34.4,64.3,35.7,100,0.0,78.3,21.7
326,Brad Wanamaker,IND,32,12,4,8,12.8,68.3,31.7,40.0,22.2,26.7,11.1,33.3,17.8,17.8,33.3,66.7,100,0.0,53.8,46.2
327,Chimezie Metu,SAC,24,12,4,8,23.2,48.6,51.4,50.5,1.9,39.3,12.1,10.2,19.6,48.6,66.7,33.3,100,0.0,78.0,22.0
328,Davis Bertans,WAS,29,12,8,4,16.2,19.7,80.3,15.2,3.0,63.6,0.0,21.2,16.7,12.1,80.0,20.0,100,0.0,94.7,5.3
329,Dennis Smith Jr.,POR,24,12,6,6,13.1,73.9,26.1,56.5,8.7,19.6,23.9,23.9,13.0,47.8,23.1,76.9,66.7,33.3,31.3,68.8
330,Isaiah Roby,OKC,23,12,1,11,13.3,74.6,25.4,64.2,4.9,18.5,14.8,17.3,16.0,59.3,73.1,26.9,100,0.0,77.4,22.6
331,Joel Embiid,PHI,27,12,8,4,32.2,78.4,21.6,47.0,21.2,19.3,8.0,33.7,10.6,25.8,50.0,50.0,47.1,52.9,49.4,50.6
332,Lamar Stevens,CLE,24,12,8,4,10.7,70.3,29.7,56.3,18.8,37.5,18.8,6.2,21.9,37.5,55.6,44.4,100,0.0,69.2,30.8
333,P.J. Washington,CHA,23,12,6,6,23.4,46.7,53.3,34.1,0.0,56.1,8.1,9.8,15.4,34.1,85.7,14.3,91.3,8.7,88.6,11.4
334,Pascal Siakam,TOR,27,12,3,9,33.2,73.3,26.7,61.8,16.6,20.7,12.9,17.5,24.9,45.2,35.8,64.2,100,0.0,47.6,52.4
335,Theo Maledon,OKC,20,12,3,9,12.9,35.0,65.0,38.7,0.0,29.0,6.5,32.3,19.4,38.7,50.0,50.0,100,0.0,66.7,33.3
336,Boban Marjanovic,DAL,33,11,6,5,5.7,97.2,2.8,84.7,13.6,5.1,0.0,10.2,13.6,71.2,76.0,24.0,100,0.0,76.9,23.1
337,CJ Elleby,POR,21,11,6,5,4.9,47.1,52.9,57.1,28.6,42.9,14.3,0.0,50.0,28.6,100,0.0,100,0.0,100,0.0
338,Collin Sexton,CLE,22,11,7,4,28.8,70.2,29.8,64.8,8.0,18.8,18.8,16.4,18.2,56.8,42.1,57.9,81.8,18.2,48.5,51.5
339,De'Andre Hunter,ATL,24,11,3,8,27.8,65.8,34.2,58.8,23.5,37.8,10.1,3.4,20.2,35.3,54.3,45.7,93.3,6.7,66.0,34.0
340,Enes Freedom,BOS,29,11,6,5,12.7,93.0,7.0,66.7,0.0,5.9,2.0,27.4,0.0,66.7,23.5,76.5,100,0.0,27.8,72.2
341,Ignas Brazdeikis,ORL,22,11,1,10,8.4,40.7,59.3,44.4,0.0,50.0,0.0,5.6,0.0,44.4,25.0,75.0,66.7,33.3,42.9,57.1
342,Jaylen Nowell,MIN,22,11,6,5,5.8,75.8,24.2,81.5,14.8,11.1,22.2,7.4,14.8,66.7,45.5,54.5,100,0.0,50.0,50.0
343,Juancho Hernangomez,BOS,26,11,6,5,3.5,42.9,57.1,36.4,0.0,27.3,18.2,36.3,36.4,36.4,100,0.0,100,0.0,100,0.0
344,LeBron James,LAL,36,11,7,4,37.0,57.5,42.5,52.1,15.5,33.8,16.5,14.1,14.4,36.6,25.7,74.3,65.6,34.4,37.7,62.3
345,Leandro Bolmaro,MIN,21,11,6,5,7.1,60.0,40.0,58.8,0.0,17.6,17.6,23.6,0.0,58.8,40.0,60.0,100,0.0,50.0,50.0
346,Markus Howard,DEN,22,11,5,6,5.8,25.0,75.0,17.4,8.7,65.2,13.0,17.4,17.4,8.7,50.0,50.0,60.0,40.0,57.1,42.9
347,Maxi Kleber,DAL,29,11,6,5,21.9,32.8,67.2,29.9,0.0,58.6,4.6,11.5,20.7,29.9,92.3,7.7,100,0.0,96.7,3.3
348,Sandro Mamukelashvili,MIL,22,11,7,4,8.5,68.0,32.0,62.1,0.0,31.0,6.9,6.9,13.8,62.1,66.7,33.3,100,0.0,75.0,25.0
349,Santi Aldama,MEM,20,11,5,6,10.2,57.7,42.3,70.8,0.0,18.8,31.3,10.4,4.2,70.8,64.7,35.3,100,0.0,70.0,30.0
350,Semi Ojeleye,MIL,26,11,5,6,19.8,40.4,59.6,36.4,0.0,54.5,0.0,9.1,15.2,36.4,83.3,16.7,100,0.0,91.7,8.3
351,Solomon Hill,ATL,30,11,7,4,11.1,33.3,66.7,0.0,0.0,100,0.0,0.0,0.0,0.0,0.0,0.0,100,0.0,100,0.0
352,Taj Gibson,NYK,36,11,5,6,18.6,90.3,9.7,81.1,5.4,0.0,0.0,18.9,21.6,75.7,46.7,53.3,0.0,0.0,46.7,53.3
353,Trey Burke,DAL,29,11,3,8,10.9,64.8,35.2,52.8,25.0,33.3,18.1,13.9,33.3,27.8,21.1,78.9,75.0,25.0,37.0,63.0
354,Bol Bol,DEN,22,10,4,6,4.7,80.0,20.0,93.3,13.3,0.0,40.0,6.7,26.7,80.0,100,0.0,0.0,0.0,100,0.0
355,Charles Bassey,PHI,21,10,4,6,8.1,83.3,16.7,82.8,0.0,0.0,0.0,17.2,0.0,82.8,58.3,41.7,0.0,0.0,58.3,41.7
356,Chris Chiozza,GSW,26,10,9,1,11.0,27.6,72.4,13.8,0.0,82.8,10.3,3.4,31.0,13.8,50.0,50.0,100,0.0,90.0,10.0
357,Damian Jones,SAC,26,10,4,6,8.4,88.2,11.8,68.8,6.3,9.4,0.0,21.8,6.3,62.5,63.6,36.4,100,0.0,66.7,33.3
358,Greg Brown III,POR,20,10,6,4,4.5,80.0,20.0,87.5,0.0,0.0,25.0,12.5,12.5,87.5,42.9,57.1,0.0,0.0,42.9,57.1
359,Josh Green,DAL,21,10,4,6,5.2,84.6,15.4,100,16.7,0.0,33.3,0.0,16.7,83.3,83.3,16.7,0.0,0.0,83.3,16.7
360,KZ Okpala,MIA,22,10,7,3,6.3,47.1,52.9,47.1,0.0,17.6,0.0,35.3,23.5,47.1,25.0,75.0,100,0.0,40.0,60.0
361,Kelly Olynyk,DET,30,10,2,8,22.9,58.2,41.8,49.6,6.4,33.6,8.8,16.8,18.4,43.2,58.1,41.9,85.7,14.3,66.7,33.3
362,Markieff Morris,MIA,32,10,7,3,18.7,68.6,31.4,62.3,18.2,31.2,10.4,6.5,16.9,44.2,58.3,41.7,100,0.0,68.8,31.3
363,Miye Oni,UTA,24,10,9,1,3.0,20.0,80.0,100,0.0,0.0,100,0.0,100,100,0.0,100,0.0,0.0,0.0,100
364,Mychal Mulder,ORL,27,10,1,9,10.9,33.3,66.7,17.1,0.0,77.1,0.0,5.8,31.4,17.1,66.7,33.3,100,0.0,91.7,8.3
365,Quentin Grimes,NYK,21,10,5,5,6.3,13.3,86.7,0.0,0.0,100,20.0,0.0,0.0,0.0,0.0,0.0,100,0.0,100,0.0
366,Talen Horton-Tucker,LAL,21,10,5,5,28.8,67.0,33.0,55.0,9.2,27.5,25.7,17.5,16.5,45.9,43.3,56.7,90.0,10.0,55.0,45.0
367,Willy Hernangomez,NOP,27,10,3,7,12.9,96.0,4.0,78.0,2.4,7.3,14.6,14.7,7.3,75.6,68.8,31.3,100,0.0,70.6,29.4
368,Aaron Wiggins,OKC,22,9,1,8,14.4,11.1,88.9,15.4,7.7,69.2,0.0,15.4,15.4,7.7,50.0,50.0,100,0.0,87.5,12.5
369,Brandon Boston Jr.,LAC,20,9,5,4,9.1,68.8,31.3,54.5,30.3,27.3,12.1,18.2,12.1,24.2,88.9,11.1,66.7,33.3,83.3,16.7
370,Coby White,CHI,21,9,5,4,17.5,50.8,49.2,54.5,14.5,38.2,14.5,7.3,27.3,40.0,40.0,60.0,100,0.0,59.1,40.9
371,Dillon Brooks,MEM,25,9,5,4,24.6,67.4,32.6,54.4,7.6,26.6,26.6,19.0,24.7,46.8,58.1,41.9,78.6,21.4,63.2,36.8
372,Frank Kaminsky,PHX,28,9,8,1,20.1,77.3,22.7,65.3,0.0,15.8,4.2,18.9,15.8,65.3,71.0,29.0,100,0.0,75.0,25.0
373,Georgios Kalaitzakis,MIL,22,9,7,2,5.3,63.6,36.4,37.5,0.0,37.5,0.0,25.0,0.0,37.5,33.3,66.7,100,0.0,60.0,40.0
374,Justin Champagnie,TOR,20,9,5,4,4.0,87.5,12.5,50.0,0.0,0.0,0.0,50.0,25.0,50.0,100,0.0,0.0,0.0,100,0.0
375,Michael Porter Jr.,DEN,23,9,5,4,29.4,53.4,46.6,60.7,22.5,33.7,23.6,5.6,20.2,38.2,70.4,29.6,90.0,10.0,75.7,24.3
376,Nerlens Noel,NYK,27,9,4,5,24.1,92.6,7.4,75.7,0.0,0.0,0.0,24.3,5.4,75.7,71.4,28.6,0.0,0.0,71.4,28.6
377,Rodney McGruder,DET,30,9,0,9,5.3,42.9,57.1,42.9,14.3,42.9,14.3,14.2,28.6,28.6,33.3,66.7,100,0.0,60.0,40.0
378,Zeke Nnaji,DEN,20,9,5,4,12.1,53.8,46.2,29.5,0.0,59.0,3.3,11.5,16.4,29.5,77.8,22.2,91.7,8.3,85.7,14.3
379,Ben McLemore,POR,28,8,4,4,10.3,8.8,91.2,12.8,12.8,76.6,6.4,10.6,23.4,0.0,100,0.0,100,0.0,100,0.0
380,Day'Ron Sharpe,BKN,20,8,4,4,4.5,82.4,17.6,76.2,0.0,14.3,9.5,9.5,19.0,76.2,50.0,50.0,100,0.0,55.6,44.4
381,Ed Davis,CLE,32,8,4,4,9.4,100,0.0,93.3,0.0,0.0,0.0,6.7,13.3,93.3,71.4,28.6,0.0,0.0,71.4,28.6
382,Elfrid Payton,PHX,27,8,6,2,12.1,97.2,2.8,89.5,10.5,0.0,0.0,10.5,10.5,78.9,11.8,88.2,0.0,0.0,11.8,88.2
383,Garrison Mathews,HOU,25,8,4,4,25.5,13.1,86.9,15.6,0.0,73.3,2.2,11.1,17.8,15.6,85.7,14.3,100,0.0,96.6,3.4
384,Jericho Sims,NYK,23,8,4,4,6.7,100,0.0,66.7,0.0,0.0,0.0,33.3,55.6,66.7,66.7,33.3,0.0,0.0,66.7,33.3
385,Killian Tillie,MEM,23,8,3,5,8.5,43.5,56.5,38.1,0.0,57.1,23.8,4.8,14.3,38.1,50.0,50.0,100,0.0,75.0,25.0
386,Marvin Bagley III,SAC,22,8,3,5,17.5,63.2,36.8,59.6,12.8,25.5,6.4,14.9,14.9,46.8,42.9,57.1,75.0,25.0,50.0,50.0
387,Moses Brown,DAL,22,8,4,4,4.0,100,0.0,76.9,0.0,0.0,15.4,23.1,30.8,76.9,80.0,20.0,0.0,0.0,80.0,20.0
388,Nathan Knight,MIN,24,8,5,3,2.6,100,0.0,57.1,0.0,0.0,28.6,42.9,28.6,57.1,75.0,25.0,0.0,0.0,75.0,25.0
389,Robin Lopez,ORL,33,8,1,7,15.2,97.3,2.7,81.5,3.7,0.0,0.0,18.5,3.7,77.8,59.1,40.9,0.0,0.0,59.1,40.9
390,Saben Lee,DET,22,8,0,8,11.6,58.6,41.4,57.1,0.0,21.4,35.7,21.5,32.1,57.1,50.0,50.0,50.0,50.0,50.0,50.0
391,Serge Ibaka,LAC,32,8,4,4,13.1,60.5,39.5,44.4,5.6,41.7,0.0,13.9,16.7,38.9,62.5,37.5,100,0.0,76.9,23.1
392,Bruno Fernando,BOS,23,7,4,3,1.9,0.0,0.0,0.0,0.0,0.0,0.0,100,0.0,0.0,0.0,0.0,0.0,0.0,0.0,0.0
393,Isaac Bonga,TOR,22,7,3,4,4.8,66.7,33.3,66.7,0.0,0.0,0.0,33.3,66.7,66.7,100,0.0,0.0,0.0,100,0.0
394,Jabari Parker,BOS,26,7,2,5,10.8,62.5,37.5,43.2,10.8,40.5,16.2,16.3,5.4,32.4,75.0,25.0,80.0,20.0,76.9,23.1
395,Jahmi'us Ramsey,SAC,20,7,1,6,6.6,57.1,42.9,61.5,15.4,23.1,30.8,15.4,15.4,46.2,75.0,25.0,100,0.0,80.0,20.0
396,Jake Layman,MIN,27,7,4,3,4.9,60.0,40.0,57.1,0.0,42.9,28.6,0.0,0.0,57.1,50.0,50.0,100,0.0,66.7,33.3
397,Jalen Johnson,ATL,19,7,5,2,2.7,60.0,40.0,42.9,0.0,42.9,14.3,14.2,14.3,42.9,100,0.0,100,0.0,100,0.0
398,James Bouknight,CHA,21,7,4,3,1.8,83.3,16.7,0.0,0.0,0.0,0.0,100,0.0,0.0,0.0,0.0,0.0,0.0,0.0,0.0
399,Jarrett Culver,MEM,22,7,3,4,9.1,64.0,36.0,60.6,6.1,27.3,18.2,12.1,36.4,54.5,30.0,70.0,100,0.0,46.2,53.8
400,Jay Scrubb,LAC,21,7,3,4,6.9,53.8,46.2,51.9,22.2,44.4,18.5,3.7,7.4,29.6,42.9,57.1,75.0,25.0,54.5,45.5
401,Jock Landale,SAS,26,7,4,3,3.0,75.0,25.0,66.7,0.0,20.0,33.3,13.3,0.0,66.7,100,0.0,100,0.0,100,0.0
402,Jose Alvarado,NOP,23,7,1,6,5.4,61.5,38.5,42.9,0.0,42.9,14.3,14.2,0.0,42.9,33.3,66.7,100,0.0,60.0,40.0
403,Kevin Pangos,CLE,28,7,5,2,3.1,33.3,66.7,0.0,0.0,75.0,0.0,25.0,0.0,0.0,0.0,0.0,0.0,100,0.0,100
404,Matt Thomas,CHI,27,7,5,2,4.2,56.3,43.8,66.7,66.7,33.3,0.0,0.0,0.0,0.0,66.7,33.3,100,0.0,75.0,25.0
405,Rudy Gay,UTA,35,7,5,2,18.9,36.0,64.0,23.7,2.6,67.1,6.6,9.2,10.5,21.1,44.4,55.6,82.4,17.6,69.2,30.8
406,Skylar Mays,ATL,24,7,5,2,2.7,60.0,40.0,42.9,0.0,21.4,0.0,35.7,0.0,42.9,66.7,33.3,100,0.0,75.0,25.0
407,Tacko Fall,CLE,25,7,2,5,2.8,100,0.0,66.7,0.0,0.0,0.0,33.3,33.3,66.7,100,0.0,0.0,0.0,100,0.0
408,Usman Garuba,HOU,19,7,1,6,6.4,42.9,57.1,50.0,0.0,50.0,0.0,0.0,25.0,50.0,66.7,33.3,100,0.0,80.0,20.0
409,Anthony Gill,WAS,29,6,2,4,5.5,66.7,33.3,40.0,0.0,60.0,0.0,0.0,13.3,40.0,66.7,33.3,100,0.0,83.3,16.7
410,Elijah Hughes,UTA,23,6,5,1,2.8,50.0,50.0,0.0,0.0,0.0,0.0,100,0.0,0.0,0.0,0.0,0.0,0.0,0.0,0.0
411,Gabriel Deck,OKC,26,6,2,4,7.5,75.0,25.0,76.9,15.4,23.1,30.8,0.0,30.8,61.5,60.0,40.0,100,0.0,66.7,33.3
412,Jalen Smith,PHX,21,6,5,1,5.4,81.8,18.2,61.5,0.0,0.0,0.0,38.5,0.0,61.5,100,0.0,0.0,0.0,100,0.0
413,Kai Jones,CHA,20,6,4,2,1.4,100,0.0,100,0.0,0.0,0.0,0.0,0.0,100,100,0.0,0.0,0.0,100,0.0
414,Marcus Morris Sr.,LAC,32,6,1,5,27.5,50.8,49.2,48.0,16.0,42.0,6.0,10.0,6.0,32.0,41.7,58.3,100,0.0,63.2,36.8
415,Miles McBride,NYK,21,6,3,3,1.4,33.3,66.7,100,0.0,0.0,100,0.0,100,100,0.0,100,0.0,0.0,0.0,100
416,Sam Merrill,MEM,25,6,2,4,9.6,4.2,95.8,8.0,0.0,84.0,0.0,8.0,24.0,8.0,100,0.0,71.4,28.6,75.0,25.0
417,Goran Dragic,TOR,35,5,1,4,17.9,58.8,41.2,45.0,5.0,30.0,5.0,25.0,12.5,40.0,11.1,88.9,75.0,25.0,30.8,69.2
418,Isaiah Jackson,IND,19,5,2,3,6.0,100,0.0,88.9,22.2,0.0,0.0,11.1,0.0,66.7,50.0,50.0,0.0,0.0,50.0,50.0
419,Joshua Primo,SAS,18,5,4,1,5.1,20.0,80.0,18.2,0.0,81.8,27.3,0.0,0.0,18.2,0.0,100,100,0.0,75.0,25.0
420,Kevin Knox II,NYK,22,5,2,3,3.7,40.0,60.0,33.3,0.0,50.0,0.0,16.7,0.0,33.3,100,0.0,100,0.0,100,0.0
421,Patrick Williams,CHI,20,5,4,1,24.9,73.9,26.1,60.6,24.2,27.3,6.1,12.1,0.0,36.4,90.0,10.0,100,0.0,92.3,7.7
422,Petr Cornelie,DEN,26,5,0,5,4.2,42.9,57.1,100,0.0,0.0,0.0,0.0,50.0,100,100,0.0,0.0,0.0,100,0.0
423,Sharife Cooper,ATL,20,5,5,0,2.2,50.0,50.0,100,0.0,0.0,0.0,0.0,100,100,100,0.0,0.0,0.0,100,0.0
424,Ish Wainright,PHX,27,4,4,0,2.9,66.7,33.3,100,0.0,0.0,0.0,0.0,0.0,100,100,0.0,0.0,0.0,100,0.0
425,Marcus Garrett,MIA,23,4,4,0,2.4,100,0.0,0.0,0.0,0.0,0.0,100,0.0,0.0,0.0,0.0,0.0,0.0,0.0,0.0
426,Nic Claxton,BKN,22,4,2,2,18.9,100,0.0,84.6,0.0,0.0,7.7,15.4,7.7,84.6,100,0.0,0.0,0.0,100,0.0
427,Trendon Watford,POR,21,4,1,3,4.6,100,0.0,100,0.0,0.0,66.7,0.0,33.3,100,66.7,33.3,0.0,0.0,66.7,33.3
428,Udoka Azubuike,UTA,22,4,3,1,2.0,100,0.0,100,0.0,0.0,0.0,0.0,0.0,100,100,0.0,0.0,0.0,100,0.0
429,Udonis Haslem,MIA,41,4,3,1,4.2,83.3,16.7,100,33.3,0.0,0.0,0.0,0.0,66.7,66.7,33.3,0.0,0.0,66.7,33.3
430,Yuta Watanabe,TOR,27,4,2,2,16.6,25.0,75.0,8.7,0.0,78.3,13.0,13.0,34.8,8.7,0.0,100,100,0.0,85.7,14.3
431,Chandler Hutchison,PHX,25,3,2,1,3.2,100,0.0,100,0.0,0.0,0.0,0.0,0.0,100,100,0.0,0.0,0.0,100,0.0
432,Eugene Omoruyi,DAL,24,3,1,2,5.3,60.0,40.0,28.6,0.0,42.9,0.0,28.5,28.6,28.6,0.0,100,100,0.0,50.0,50.0
433,Isaiah Todd,WAS,20,3,0,3,2.4,40.0,60.0,0.0,0.0,85.7,42.9,14.3,0.0,0.0,0.0,0.0,100,0.0,100,0.0
434,Jamorko Pickett,DET,23,3,0,3,2.9,0.0,100,0.0,0.0,100,0.0,0.0,100,0.0,0.0,0.0,100,0.0,100,0.0
435,Joel Ayayi,WAS,21,3,0,3,2.1,0.0,0.0,0.0,0.0,0.0,0.0,100,0.0,0.0,0.0,0.0,0.0,0.0,0.0,0.0
436,Keon Johnson,LAC,19,3,1,2,5.3,75.0,25.0,0.0,0.0,0.0,50.0,100,0.0,0.0,0.0,0.0,0.0,0.0,0.0,0.0
437,Louis King,SAC,22,3,1,2,16.5,33.3,66.7,25.0,25.0,50.0,12.5,25.0,25.0,0.0,33.3,66.7,75.0,25.0,57.1,42.9
438,Malik Fitts,UTA,24,3,3,0,2.3,0.0,0.0,0.0,0.0,0.0,0.0,100,0.0,0.0,0.0,0.0,0.0,0.0,0.0,0.0
439,Paul Watson,OKC,26,3,0,3,23.6,14.3,85.7,0.0,0.0,85.7,0.0,14.3,0.0,0.0,0.0,0.0,100,0.0,100,0.0
440,Vit Krejci,OKC,21,3,1,2,3.0,0.0,100,0.0,0.0,0.0,0.0,100,0.0,0.0,0.0,0.0,0.0,0.0,0.0,0.0
441,Vlatko Cancar,DEN,24,3,1,2,7.6,60.0,40.0,18.2,0.0,54.5,0.0,27.3,0.0,18.2,100,0.0,100,0.0,100,0.0
442,Brodric Thomas,BOS,24,2,1,1,1.1,0.0,0.0,0.0,0.0,0.0,0.0,100,0.0,0.0,0.0,0.0,0.0,0.0,0.0,0.0
443,Devon Dotson,CHI,22,2,1,1,6.3,33.3,66.7,100,0.0,0.0,100,0.0,0.0,100,0.0,100,0.0,0.0,0.0,100
444,Didi Louzada,NOP,22,2,0,2,3.5,0.0,100,0.0,0.0,0.0,0.0,100,0.0,0.0,0.0,0.0,0.0,0.0,0.0,0.0
445,Duane Washington Jr.,IND,21,2,1,1,2.2,33.3,66.7,40.0,40.0,60.0,60.0,0.0,60.0,0.0,100,0.0,100,0.0,100,0.0
446,JT Thor,CHA,19,2,2,0,1.0,0.0,0.0,0.0,0.0,0.0,0.0,100,0.0,0.0,0.0,0.0,0.0,0.0,0.0,0.0
447,JaQuori McLaughlin,DAL,23,2,1,1,2.7,100,0.0,0.0,0.0,0.0,0.0,100,0.0,0.0,0.0,0.0,0.0,0.0,0.0,0.0
448,Jeff Dowtin,GSW,24,2,2,0,2.9,100,0.0,0.0,0.0,0.0,0.0,100,0.0,0.0,0.0,0.0,0.0,0.0,0.0,0.0
449,Joe Wieskamp,SAS,22,2,2,0,2.5,0.0,100,0.0,0.0,100,0.0,0.0,0.0,0.0,0.0,0.0,100,0.0,100,0.0
450,Keljin Blevins,POR,26,2,1,1,4.1,33.3,66.7,0.0,0.0,100,0.0,0.0,0.0,0.0,0.0,0.0,100,0.0,100,0.0
451,Kessler Edwards,BKN,21,2,1,1,5.9,33.3,66.7,25.0,0.0,75.0,0.0,0.0,25.0,25.0,0.0,100,100,0.0,66.7,33.3
452,RJ Nembhard Jr.,CLE,22,2,0,2,1.6,100,0.0,100,0.0,0.0,0.0,0.0,0.0,100,0.0,100,0.0,0.0,0.0,100
453,Sam Hauser,BOS,23,2,2,0,2.5,0.0,100,0.0,0.0,0.0,0.0,100,0.0,0.0,0.0,0.0,0.0,0.0,0.0,0.0
454,Sekou Doumbouya,LAL,20,2,0,2,8.2,75.0,25.0,57.1,0.0,21.4,14.3,21.5,21.4,57.1,50.0,50.0,100,0.0,60.0,40.0
455,Aaron Henry,PHI,22,1,1,0,2.1,0.0,100,0.0,0.0,0.0,0.0,100,0.0,0.0,0.0,0.0,0.0,0.0,0.0,0.0
456,Brook Lopez,MIL,33,1,1,0,28.2,55.6,44.4,25.0,0.0,75.0,0.0,0.0,37.5,25.0,100,0.0,100,0.0,100,0.0
457,Daishen Nix,HOU,19,1,1,0,1.9,0.0,0.0,0.0,0.0,0.0,0.0,100,0.0,0.0,0.0,0.0,0.0,0.0,0.0,0.0
458,David Johnson,TOR,20,1,1,0,0.5,0.0,0.0,0.0,0.0,0.0,0.0,100,0.0,0.0,0.0,0.0,0.0,0.0,0.0,0.0
459,DeJon Jarreau,IND,23,1,0,1,0.9,0.0,0.0,0.0,0.0,0.0,0.0,100,0.0,0.0,0.0,0.0,0.0,0.0,0.0,0.0
460,DeMarcus Cousins,MIL,31,1,1,0,14.6,60.0,40.0,57.1,0.0,42.9,0.0,0.0,0.0,57.1,100,0.0,100,0.0,100,0.0
461,Devontae Cacok,SAS,25,1,1,0,1.8,100,0.0,100,0.0,0.0,0.0,0.0,0.0,100,0.0,100,0.0,0.0,0.0,100
462,Jaden Springer,PHI,19,1,1,0,2.1,0.0,0.0,0.0,0.0,0.0,0.0,100,0.0,0.0,0.0,0.0,0.0,0.0,0.0,0.0
463,Jay Huff,LAL,24,1,0,1,8.1,0.0,100,0.0,0.0,0.0,0.0,100,0.0,0.0,0.0,0.0,0.0,0.0,0.0,0.0
464,Marko Simonovic,CHI,22,1,0,1,6.7,0.0,100,0.0,0.0,0.0,0.0,100,0.0,0.0,0.0,0.0,0.0,0.0,0.0,0.0
465,McKinley Wright IV,MIN,23,1,1,0,4.1,0.0,100,0.0,0.0,100,0.0,0.0,0.0,0.0,0.0,0.0,0.0,100,0.0,100
466,Robert Woodard II,SAC,22,1,0,1,3.2,0.0,0.0,0.0,0.0,0.0,0.0,100,0.0,0.0,0.0,0.0,0.0,0.0,0.0,0.0
467,Sam Dekker,TOR,27,1,1,0,0.9,0.0,0.0,0.0,0.0,0.0,0.0,100,0.0,0.0,0.0,0.0,0.0,0.0,0.0,0.0
468,Tyler Cook,CHI,24,1,0,1,12.0,100,0.0,66.7,0.0,0.0,0.0,33.3,0.0,66.7,100,0.0,0.0,0.0,100,0.0
469,Vernon Carey Jr.,CHA,20,1,1,0,0.8,100,0.0,0.0,0.0,0.0,0.0,100,0.0,0.0,0.0,0.0,0.0,0.0,0.0,0.0
470,Wayne Selden,NYK,27,1,1,0,1.0,0.0,0.0,0.0,0.0,0.0,0.0,100,0.0,0.0,0.0,0.0,0.0,0.0,0.0,0.0
471,Yves Pons,MEM,22,1,0,1,2.8,100,0.0,0.0,0.0,0.0,0.0,100,0.0,0.0,0.0,0.0,0.0,0.0,0.0,0.0
