,PLAYER,TEAM,AGE,GP,W,L,MIN,OFFRTG,DEFRTG,NETRTG,AST%,AST/TO,AST RATIO,OREB%,DREB%,REB%,TO RATIO,EFG%,TS%,USG%,PACE,PIE,POSS
0,Domantas Sabonis,IND,25,24,9,15,33.9,106.7,103.9,2.7,18.4,1.31,19.2,8.9,24.8,16.9,14.7,59.5,62.8,21.3,98.97,15.5,"1,682"
1,Gordon Hayward,CHA,31,24,13,11,33.8,109.7,110.0,-0.3,14.6,1.80,17.0,2.4,11.2,6.7,9.4,53.0,58.0,20.5,104.79,10.2,"1,767"
2,Jonas Valanciunas,NOP,29,24,6,18,31.3,104.6,111.2,-6.6,13.3,1.16,11.7,9.9,28.7,18.8,10.0,54.7,59.3,24.4,97.95,16.1,"1,529"
3,Kelly Oubre Jr.,CHA,25,24,13,11,27.3,111.2,110.1,1.1,5.4,1.00,6.3,4.0,9.2,6.6,6.3,55.6,57.0,21.6,102.34,8.3,"1,393"
4,LaMelo Ball,CHA,20,24,13,11,33.3,113.7,111.3,2.3,35.5,2.54,27.6,4.2,17.7,10.7,10.9,50.2,53.8,26.8,102.99,13.9,"1,718"
5,Miles Bridges,CHA,23,24,13,11,36.2,111.5,109.0,2.5,12.4,1.70,13.7,3.4,15.9,9.6,8.1,52.3,55.5,22.4,102.88,11.0,"1,864"
6,Nickeil Alexander-Walker,NOP,23,24,6,18,28.9,106.5,112.7,-6.2,14.2,1.91,13.9,3.5,10.4,6.8,7.3,44.0,46.8,23.7,98.91,7.6,"1,424"
7,T.J. McConnell,IND,29,24,9,15,24.2,105.6,110.7,-5.0,28.7,4.11,35.0,3.2,10.4,6.7,8.5,52.2,53.6,15.5,100.88,10.9,"1,222"
8,Torrey Craig,IND,30,24,9,15,16.2,106.3,110.1,-3.7,8.3,1.47,14.5,7.4,12.4,9.9,9.9,56.2,58.9,14.0,100.00,8.3,807
9,Buddy Hield,SAC,28,23,9,14,29.1,108.1,111.6,-3.6,12.4,1.41,12.2,2.4,11.4,6.8,8.7,52.3,54.6,23.1,100.67,9.3,"1,402"
10,CJ McCollum,POR,30,23,11,12,35.4,110.3,112.4,-2.1,20.3,2.30,17.0,3.0,8.8,5.8,7.4,51.2,52.3,25.9,99.33,10.0,"1,681"
11,Carmelo Anthony,LAL,37,23,12,11,28.7,109.3,109.4,-0.1,4.4,1.11,6.3,2.3,9.6,6.2,5.7,55.4,58.8,18.9,102.37,8.4,"1,411"
12,Dalano Banton,TOR,22,23,10,13,13.0,106.1,108.2,-2.0,16.1,1.31,22.2,4.9,13.0,8.8,17.0,51.8,55.6,16.2,98.80,8.1,620
13,Davion Mitchell,SAC,23,23,9,14,25.5,102.1,106.7,-4.5,20.9,3.12,22.9,2.4,6.9,4.7,7.4,44.0,45.5,18.6,100.56,6.6,"1,225"
14,De'Aaron Fox,SAC,23,23,9,14,34.8,109.7,115.3,-5.6,24.9,1.81,19.5,1.6,8.0,4.8,10.8,46.6,51.3,27.3,101.38,9.3,"1,691"
15,DeMar DeRozan,CHI,32,23,15,8,35.1,110.7,101.4,9.3,19.6,2.02,14.7,1.9,12.5,7.4,7.3,51.7,59.3,29.2,101.82,15.7,"1,708"
16,Franz Wagner,ORL,20,23,5,18,31.6,103.0,108.7,-5.7,12.8,2.15,15.3,3.7,8.9,6.3,7.1,49.5,52.4,19.0,98.97,8.5,"1,495"
17,Grayson Allen,MIL,26,23,14,9,29.0,111.2,103.4,7.8,6.8,2.13,10.8,1.8,9.9,6.0,5.1,60.8,63.0,16.6,100.95,9.8,"1,409"
18,Javonte Green,CHI,28,23,15,8,20.6,108.9,104.8,4.1,4.4,1.00,11.3,7.4,13.2,10.3,11.3,54.6,57.6,11.3,101.28,6.6,997
19,Justin Holiday,IND,32,23,9,14,28.1,106.4,103.9,2.5,8.2,1.81,14.1,0.9,8.6,4.7,7.8,53.2,53.8,15.2,99.19,5.9,"1,336"
20,Jusuf Nurkic,POR,27,23,11,12,24.7,110.3,107.4,2.9,13.9,1.23,16.5,10.1,31.3,20.6,13.4,59.3,63.5,20.1,100.63,15.6,"1,195"
21,Larry Nance Jr.,POR,28,23,11,12,19.5,112.0,107.4,4.6,10.6,1.74,19.1,7.4,17.9,12.5,11.0,58.3,59.1,13.4,98.62,10.2,916
22,Lonzo Ball,CHI,24,23,15,8,34.7,110.5,105.4,5.1,19.0,2.11,26.7,2.3,12.4,7.5,12.6,55.2,55.6,16.8,100.32,8.9,"1,672"
23,Malik Monk,LAL,23,23,12,11,24.2,106.9,102.0,4.9,13.2,1.65,18.3,1.4,8.2,4.9,11.1,55.9,57.8,16.9,103.11,8.6,"1,201"
24,Myles Turner,IND,25,23,9,14,28.7,108.4,103.1,5.3,5.0,0.74,8.3,5.5,19.5,12.7,11.2,62.8,64.7,16.5,98.90,12.5,"1,359"
25,Pat Connaughton,MIL,28,23,14,9,28.8,107.5,108.7,-1.2,7.8,1.67,13.2,2.7,13.1,7.9,7.9,63.6,64.5,14.5,102.05,10.3,"1,413"
26,R.J. Hampton,ORL,20,23,5,18,18.6,94.4,110.1,-15.8,21.9,1.56,20.7,1.6,15.1,8.0,13.3,49.0,50.9,20.0,101.54,8.2,903
27,Robert Covington,POR,30,23,11,12,26.5,109.1,109.9,-0.8,6.1,1.17,14.8,1.9,14.9,8.3,12.7,55.5,56.1,11.3,100.58,6.2,"1,279"
28,Russell Westbrook,LAL,33,23,12,11,36.2,103.1,106.4,-3.3,37.3,1.82,25.8,3.5,17.2,10.5,14.1,48.4,52.1,27.8,104.18,13.3,"1,815"
29,Svi Mykhailiuk,TOR,24,23,10,13,18.8,104.2,110.6,-6.3,9.0,1.63,13.6,2.8,10.5,6.4,8.4,52.9,55.8,15.6,99.42,8.1,900
30,Trey Murphy III,NOP,21,23,5,18,15.1,99.5,103.9,-4.5,6.6,1.40,11.1,3.6,11.1,7.0,7.9,52.0,54.2,12.9,102.23,6.5,735
31,Wendell Carter Jr.,ORL,22,23,5,18,28.7,101.8,107.6,-5.8,12.7,1.67,15.1,6.7,24.4,15.6,9.0,59.1,60.6,18.3,99.79,14.1,"1,371"
32,Zach LaVine,CHI,26,23,15,8,34.7,108.9,106.8,2.0,19.0,1.43,13.9,1.1,13.7,7.5,9.7,56.2,60.2,29.5,99.55,14.3,"1,661"
33,Alec Burks,NYK,30,22,11,11,24.0,108.2,104.7,3.5,13.2,2.59,16.2,1.6,13.6,7.8,6.3,54.3,59.0,18.5,98.37,11.5,"1,082"
34,Aleksej Pokusevski,OKC,19,22,6,16,14.7,91.9,100.3,-8.4,14.7,1.04,15.3,5.8,20.4,12.4,14.8,38.7,39.6,19.6,100.50,7.5,681
35,Alex Caruso,CHI,27,22,15,7,29.5,111.7,102.2,9.5,19.3,2.76,32.1,3.3,9.8,6.6,11.6,51.4,57.4,13.2,100.03,9.2,"1,350"
36,Anfernee Simons,POR,22,22,11,11,23.0,109.5,108.0,1.6,15.1,1.92,16.1,2.1,9.4,5.6,8.4,56.2,58.1,21.5,97.77,9.8,"1,028"
37,Anthony Davis,LAL,28,22,11,11,35.7,104.7,108.6,-3.9,14.9,1.52,11.6,7.6,18.8,13.1,7.6,52.9,56.7,27.1,102.54,16.2,"1,678"
38,Anthony Edwards,MIN,20,22,11,11,36.4,109.1,103.8,5.3,16.3,1.10,12.9,3.6,13.0,8.2,11.7,50.7,53.5,27.2,99.35,12.1,"1,651"
39,Ayo Dosunmu,CHI,21,22,14,8,15.8,102.5,107.2,-4.8,7.5,1.13,12.4,2.8,9.5,6.1,11.0,54.2,55.0,15.3,100.95,6.5,729
40,Cameron Johnson,PHX,25,22,19,3,22.6,104.3,98.3,6.0,7.8,2.08,12.3,1.5,11.8,6.8,5.9,55.3,56.7,15.8,104.50,9.2,"1,083"
41,Chris Duarte,IND,24,22,9,13,29.5,105.9,103.5,2.4,10.0,1.13,12.2,1.5,11.3,6.5,10.9,49.6,50.6,20.9,100.33,7.6,"1,358"
42,Chris Paul,PHX,36,22,19,3,32.3,112.0,104.2,7.8,42.1,4.41,41.2,0.9,10.7,6.1,9.3,52.8,58.7,19.8,100.76,15.0,"1,491"
43,Clint Capela,ATL,27,22,12,10,29.8,115.6,111.3,4.3,5.9,2.23,10.9,13.2,27.4,20.5,4.9,58.7,58.7,15.5,99.07,13.5,"1,349"
44,Cody Martin,CHA,26,22,13,9,24.6,112.1,110.9,1.1,11.2,5.44,24.0,4.9,11.6,8.1,4.4,55.4,58.1,11.7,103.84,8.6,"1,170"
45,Cody Zeller,POR,29,22,11,11,13.0,109.7,112.3,-2.6,8.8,1.20,15.5,11.8,19.9,15.7,12.9,60.7,66.8,14.1,101.01,9.5,595
46,Cory Joseph,DET,30,22,4,18,21.5,100.6,108.5,-7.9,25.3,2.53,32.1,1.4,7.4,4.2,12.7,47.8,54.1,14.6,100.36,8.0,992
47,Darius Bazley,OKC,21,22,6,16,27.3,99.6,113.1,-13.5,7.8,0.94,11.0,3.1,18.4,10.7,11.7,40.3,42.8,17.6,100.82,7.2,"1,261"
48,Deni Avdija,WAS,20,22,14,8,21.7,107.0,99.8,7.2,7.9,2.08,15.7,4.0,17.5,11.2,7.6,48.7,51.3,13.0,99.98,8.3,990
49,Desmond Bane,MEM,23,22,12,10,28.4,110.6,109.4,1.2,10.6,1.33,12.2,1.8,11.6,6.7,9.1,56.5,58.3,20.9,101.29,9.5,"1,322"
50,Dewayne Dedmon,MIA,32,22,13,9,14.7,115.6,102.7,12.9,5.2,0.63,9.2,11.8,24.1,18.0,14.6,57.3,62.3,15.2,98.32,11.2,665
51,Duncan Robinson,MIA,27,22,13,9,28.5,108.5,106.7,1.8,7.4,1.82,11.1,1.2,11.3,6.2,6.1,48.7,49.0,17.2,96.83,5.0,"1,264"
52,Eric Bledsoe,LAC,31,22,11,11,27.9,101.7,107.6,-5.9,18.4,1.54,22.4,2.4,12.0,7.2,14.5,47.1,51.5,17.7,100.43,8.7,"1,283"
53,Evan Fournier,NYK,29,22,11,11,28.6,106.0,112.0,-6.0,8.7,1.25,10.7,1.6,7.4,4.5,8.6,53.0,54.7,19.9,98.60,7.4,"1,294"
54,Frank Jackson,DET,23,22,4,18,21.4,100.4,107.1,-6.7,6.3,0.94,7.2,1.0,5.0,2.9,7.7,48.9,52.5,19.8,101.19,5.9,987
55,Fred VanVleet,TOR,27,22,10,12,38.3,108.6,105.6,3.0,25.2,1.96,23.2,1.9,11.5,6.5,11.9,54.3,57.7,22.8,96.84,12.6,"1,705"
56,Garrett Temple,NOP,35,22,6,16,18.3,95.4,118.3,-22.9,9.1,1.21,14.6,3.1,10.4,6.4,12.1,51.0,54.1,13.8,100.39,6.0,840
57,George Hill,MIL,35,22,14,8,27.3,110.9,98.2,12.7,12.1,2.39,24.1,3.2,9.0,6.2,10.1,52.2,56.5,12.2,100.31,7.5,"1,257"
58,Georges Niang,PHI,28,22,11,11,24.7,111.4,104.7,6.6,9.9,2.12,13.3,1.1,9.3,5.3,6.3,53.9,56.8,18.9,98.45,7.6,"1,110"
59,Grant Williams,BOS,23,22,12,10,21.2,103.4,106.8,-3.4,7.8,2.18,15.7,2.9,12.8,7.8,7.2,66.1,68.9,12.0,98.17,9.1,959
60,Immanuel Quickley,NYK,22,22,11,11,20.8,111.4,101.4,10.0,18.3,2.62,20.4,2.2,7.9,5.2,7.8,50.9,55.4,20.1,97.72,9.5,938
61,Ivica Zubac,LAC,24,22,11,11,24.4,104.6,109.1,-4.4,7.2,1.08,12.4,10.4,21.9,16.2,11.5,66.7,70.6,14.6,100.86,13.3,"1,130"
62,JaVale McGee,PHX,33,22,19,3,15.9,110.8,97.8,13.0,6.1,0.35,6.1,13.6,26.9,20.5,17.5,67.4,67.9,22.9,104.36,16.7,760
63,Jae Crowder,PHX,31,22,19,3,27.7,114.4,104.4,10.0,6.1,1.76,13.1,1.7,14.1,8.3,7.4,49.4,52.1,14.3,100.39,6.7,"1,270"
64,Jalen McDaniels,CHA,23,22,12,10,15.1,115.7,109.6,6.1,8.5,1.62,16.8,4.0,16.8,10.6,10.4,65.0,65.9,13.4,101.19,8.6,696
65,Jaren Jackson Jr.,MEM,22,22,12,10,26.6,111.8,104.9,7.0,5.3,0.66,5.7,4.1,15.2,9.7,8.7,51.4,56.3,24.1,102.82,10.0,"1,251"
66,Jayson Tatum,BOS,23,22,12,10,36.6,106.4,102.6,3.8,17.8,1.38,12.0,3.0,20.0,11.5,8.7,45.9,50.5,31.3,98.64,13.4,"1,661"
67,Jeremiah Robinson-Earl,OKC,21,22,6,16,22.1,96.7,110.1,-13.4,6.6,1.05,10.7,6.7,17.4,11.8,10.2,51.1,52.2,14.6,99.36,8.3,"1,004"
68,John Collins,ATL,24,22,12,10,32.2,116.6,109.1,7.5,9.7,2.13,14.0,5.4,17.1,11.5,6.6,61.9,64.9,18.4,98.60,12.8,"1,456"
69,Julius Randle,NYK,27,22,11,11,35.4,105.6,110.9,-5.3,25.1,1.52,18.8,5.0,22.0,13.5,12.3,48.1,52.3,27.3,98.05,13.1,"1,595"
70,Karl-Anthony Towns,MIN,26,22,11,11,34.3,109.4,105.8,3.6,16.0,0.88,12.2,7.6,17.1,12.2,13.8,58.5,62.6,27.1,99.48,15.7,"1,564"
71,Kentavious Caldwell-Pope,WAS,28,22,14,8,29.4,106.2,107.9,-1.7,7.7,1.36,12.5,2.2,9.7,6.1,9.2,54.2,57.2,16.1,98.86,8.0,"1,329"
72,Kyle Kuzma,WAS,26,22,14,8,32.8,104.7,108.4,-3.6,12.8,1.29,16.2,3.0,22.2,13.2,12.6,51.4,53.0,19.5,98.42,10.3,"1,478"
73,Luke Kennard,LAC,25,22,11,11,27.8,105.7,99.0,6.7,10.4,2.44,17.4,0.6,9.5,5.3,7.1,55.9,57.2,14.4,99.59,8.5,"1,279"
74,Malik Beasley,MIN,25,22,11,11,25.4,104.5,111.2,-6.7,8.7,2.13,11.6,1.3,10.3,5.5,5.4,47.1,48.3,17.9,102.80,6.6,"1,196"
75,Mikal Bridges,PHX,25,22,19,3,34.8,114.6,102.7,12.0,6.9,2.28,14.6,2.2,8.2,5.4,6.4,60.9,62.6,13.5,101.26,8.4,"1,612"
76,Mo Bamba,ORL,23,22,5,17,29.8,98.1,109.4,-11.3,9.5,1.26,13.4,7.5,20.7,14.1,10.7,52.2,53.5,16.2,100.17,11.2,"1,366"
77,Montrezl Harrell,WAS,27,22,14,8,26.7,109.8,103.7,6.1,14.3,1.89,15.1,10.5,19.5,15.2,8.0,66.2,70.2,21.2,98.64,18.2,"1,210"
78,Obi Toppin,NYK,23,22,11,11,15.3,113.8,99.7,14.1,10.8,1.10,12.0,6.7,15.0,11.1,10.9,56.6,60.3,21.2,99.54,12.6,694
79,P.J. Tucker,MIA,36,22,13,9,27.8,109.7,107.7,1.9,8.1,2.00,19.9,5.9,14.9,10.2,9.9,61.3,62.6,9.8,96.00,7.9,"1,220"
80,Reggie Jackson,LAC,31,22,11,11,33.3,106.3,104.2,2.1,18.3,2.00,16.7,1.8,8.0,5.0,8.3,48.5,50.4,24.6,100.62,8.7,"1,538"
81,Ricky Rubio,CLE,31,22,12,10,29.2,107.8,100.0,7.8,33.0,2.06,27.0,1.5,11.8,6.6,13.1,43.7,49.2,24.4,100.23,10.2,"1,340"
82,Saddiq Bey,DET,22,22,4,18,32.1,97.4,110.7,-13.3,13.5,1.87,14.3,5.1,13.7,8.9,7.7,41.9,44.6,20.0,98.82,7.6,"1,459"
83,Steven Adams,MEM,28,22,12,10,24.2,113.0,112.9,0.1,13.9,1.88,27.1,13.7,18.3,16.0,14.5,50.5,55.9,12.4,100.10,9.9,"1,117"
84,Terrence Ross,ORL,30,22,5,17,24.8,96.8,116.7,-19.9,13.7,1.45,15.7,0.8,6.9,3.7,10.8,45.6,49.6,18.4,100.37,6.0,"1,141"
85,Trae Young,ATL,23,22,12,10,33.9,115.4,111.1,4.3,42.0,2.38,25.9,1.7,8.8,5.4,10.9,53.3,58.7,32.8,99.25,15.8,"1,549"
86,Trey Lyles,DET,26,22,4,18,16.0,105.2,108.8,-3.6,7.9,0.81,8.9,8.1,17.9,12.9,11.0,48.5,54.2,21.2,100.40,9.9,731
87,Tyrese Maxey,PHI,21,22,11,11,35.6,111.2,109.6,1.6,21.6,3.96,22.5,1.0,9.7,5.4,5.7,51.0,56.1,21.0,96.61,10.8,"1,573"
88,Tyus Jones,MEM,25,22,12,10,17.1,106.5,107.3,-0.8,30.5,5.79,38.0,0.9,11.8,6.1,6.6,55.2,57.0,14.3,101.16,12.6,795
89,Aaron Gordon,DEN,26,21,10,11,32.1,113.6,106.1,7.5,10.2,1.53,15.0,6.0,13.3,9.7,9.8,56.8,59.9,18.3,96.28,10.2,"1,351"
90,Aaron Holiday,WAS,25,21,13,8,17.5,101.6,104.2,-2.6,16.2,1.56,21.4,1.1,7.8,4.6,13.7,46.4,48.4,16.9,99.19,5.4,759
91,Andre Drummond,PHI,28,21,10,11,21.9,110.8,108.8,1.9,13.4,1.16,19.8,14.9,33.4,24.0,17.1,47.1,49.6,16.8,97.89,12.0,930
92,Andrew Wiggins,GSW,26,21,18,3,30.3,112.3,99.9,12.4,8.4,0.94,8.4,3.8,10.0,7.1,8.9,55.5,58.4,24.5,101.45,11.2,"1,338"
93,Avery Bradley,LAL,31,21,10,11,22.3,98.6,109.3,-10.7,5.4,1.50,13.2,2.0,8.8,5.4,8.8,48.6,49.1,10.6,102.26,4.2,996
94,Bojan Bogdanovic,UTA,32,21,14,7,30.1,115.9,105.7,10.2,9.0,1.15,10.8,2.7,10.0,6.6,9.4,55.9,61.4,21.7,99.49,11.0,"1,310"
95,Cam Reddish,ATL,22,21,11,10,22.5,102.1,107.2,-5.0,6.7,0.68,7.1,3.4,7.9,5.6,10.4,49.8,54.5,22.0,100.84,8.4,990
96,Chris Boucher,TOR,28,21,10,11,13.5,100.3,103.5,-3.1,3.5,0.50,3.9,8.6,17.0,12.6,7.8,41.9,45.3,21.1,97.99,9.6,576
97,Christian Wood,HOU,26,21,5,16,31.6,98.8,107.8,-9.0,11.9,1.18,11.6,5.3,27.2,16.3,9.8,52.2,53.7,21.8,103.01,13.9,"1,423"
98,Dennis Schroder,BOS,28,21,11,10,33.1,104.3,103.1,1.2,24.6,1.71,20.6,2.2,9.0,5.5,12.0,48.7,53.8,24.2,98.17,10.3,"1,426"
99,Devin Booker,PHX,25,21,18,3,32.2,112.1,104.6,7.5,21.5,1.65,16.1,2.7,11.3,7.3,9.8,52.2,56.3,30.8,101.90,12.8,"1,438"
100,Devonte' Graham,NOP,26,21,5,16,30.8,110.4,112.3,-1.9,22.5,2.45,23.5,1.8,5.9,3.7,9.6,48.9,51.9,20.7,98.84,8.3,"1,330"
101,Furkan Korkmaz,PHI,24,21,10,11,23.7,106.3,107.5,-1.1,16.3,2.55,20.4,1.4,9.9,5.7,8.0,47.0,49.3,18.9,99.50,8.3,"1,031"
102,Gary Trent Jr.,TOR,22,21,10,11,34.4,111.1,111.2,-0.1,7.5,1.80,9.4,1.4,8.4,4.7,5.2,50.8,53.9,20.3,96.88,8.9,"1,459"
103,Giannis Antetokounmpo,MIL,26,21,14,7,32.7,113.2,100.1,13.1,31.2,1.88,18.7,5.5,26.5,16.6,9.9,56.3,60.3,33.5,102.50,21.3,"1,469"
104,Hassan Whiteside,UTA,32,21,14,7,15.4,115.2,102.5,12.8,2.2,0.24,3.5,13.1,26.3,20.0,14.6,58.0,61.4,17.8,101.14,11.8,676
105,Herbert Jones,NOP,23,21,6,15,26.1,107.3,106.3,1.0,8.6,1.42,18.4,4.7,7.5,6.1,13.0,47.5,50.7,11.6,99.35,5.0,"1,130"
106,Isaiah Hartenstein,LAC,23,21,11,10,15.7,105.9,96.9,9.1,15.4,1.62,19.9,12.9,17.0,15.1,12.3,65.3,66.3,17.1,102.64,14.7,706
107,Jae'Sean Tate,HOU,26,21,5,16,27.8,97.2,106.1,-8.9,15.2,1.30,16.4,7.3,14.7,11.1,12.6,54.2,57.8,18.9,102.52,11.1,"1,249"
108,Jalen Suggs,ORL,20,21,4,17,27.7,99.0,106.2,-7.2,20.3,1.12,17.4,2.5,8.5,5.5,15.5,38.9,44.4,25.4,101.49,5.1,"1,229"
109,James Harden,BKN,32,21,15,6,35.5,109.5,105.8,3.6,39.5,1.87,29.6,3.0,17.6,10.8,15.8,51.0,59.9,27.0,101.34,15.9,"1,571"
110,Jarred Vanderbilt,MIN,22,21,10,11,22.3,110.5,102.0,8.4,6.8,1.00,15.8,11.9,20.8,16.2,15.8,52.8,58.0,10.7,99.32,11.0,963
111,Jeff Green,DEN,35,21,10,11,23.9,106.6,111.5,-4.9,6.8,1.21,10.6,1.6,9.7,5.6,8.7,52.0,57.6,17.4,97.23,6.5,"1,016"
112,Jerami Grant,DET,27,21,4,17,33.1,96.5,108.3,-11.8,14.5,1.24,10.7,2.5,11.6,6.7,8.6,46.7,53.8,26.4,99.31,11.8,"1,441"
113,Jevon Carter,BKN,26,21,15,6,13.6,100.0,101.2,-1.2,13.1,3.43,22.6,1.3,9.1,5.4,6.6,41.1,42.1,12.6,98.48,4.2,583
114,Joe Ingles,UTA,34,21,14,7,24.9,111.5,100.8,10.6,17.9,3.35,30.7,1.9,9.6,5.9,9.2,62.2,63.4,12.3,99.10,9.1,"1,080"
115,Jordan Clarkson,UTA,29,21,14,7,25.1,115.1,101.0,14.1,13.6,1.61,11.6,3.0,8.6,5.9,7.2,47.3,50.3,27.2,99.25,9.5,"1,093"
116,Jordan Poole,GSW,22,21,18,3,30.4,111.6,101.6,10.0,17.0,1.35,15.5,1.0,8.9,5.1,11.5,55.4,58.8,25.4,101.29,10.1,"1,344"
117,Kevin Huerter,ATL,23,21,11,10,25.9,111.2,103.7,7.5,12.3,1.88,19.1,1.3,10.5,6.1,10.1,56.5,57.0,16.3,99.92,8.0,"1,129"
118,Kevon Looney,GSW,25,21,18,3,18.3,110.5,102.1,8.4,8.0,1.53,16.0,14.4,20.0,17.4,10.4,52.8,54.4,13.2,101.97,9.3,812
119,Kira Lewis Jr.,NOP,20,21,5,16,14.7,93.2,109.2,-16.1,23.5,1.72,21.2,2.2,8.8,5.4,12.3,44.3,45.6,21.2,102.44,7.3,658
120,Kyle Anderson,MEM,28,21,11,10,21.6,101.7,116.6,-15.0,16.1,2.50,21.6,4.5,19.6,11.6,8.6,48.7,50.8,16.3,102.47,10.1,968
121,Landry Shamet,PHX,24,21,18,3,19.2,105.4,102.2,3.2,12.0,3.40,18.5,1.2,10.4,5.9,5.4,53.0,55.9,15.7,102.99,8.2,864
122,Luguentz Dort,OKC,22,21,6,15,32.4,98.6,110.8,-12.2,10.4,1.17,10.5,1.9,9.5,5.6,9.0,51.8,56.4,21.8,100.89,8.4,"1,428"
123,Marcus Smart,BOS,27,21,12,9,34.8,108.1,102.0,6.1,23.6,3.03,31.1,1.4,9.4,5.4,10.3,45.9,49.8,15.7,98.77,9.0,"1,508"
124,Monte Morris,DEN,26,21,10,11,29.7,110.4,103.5,6.9,20.2,3.03,25.0,1.0,7.7,4.4,8.2,53.0,53.3,18.6,96.81,8.8,"1,262"
125,Moritz Wagner,ORL,24,21,5,16,11.2,106.3,107.5,-1.1,9.5,0.88,10.2,3.6,17.3,10.0,11.7,57.4,60.6,20.9,103.34,9.5,504
126,Nassir Little,POR,21,21,10,11,22.4,111.4,112.5,-1.1,4.9,0.84,8.7,6.2,17.6,11.8,10.4,55.1,58.5,15.1,98.75,8.8,963
127,Nemanja Bjelica,GSW,33,21,18,3,14.3,113.8,95.5,18.3,15.7,1.38,19.4,6.4,19.9,13.4,14.1,53.9,57.3,19.0,102.39,12.0,640
128,Patty Mills,BKN,33,21,15,6,27.9,115.1,105.0,10.2,12.1,3.06,19.3,1.1,4.7,3.0,6.3,62.4,63.4,16.0,101.22,8.1,"1,242"
129,Paul George,LAC,31,21,11,10,35.5,105.5,104.8,0.7,26.5,1.19,15.3,1.2,17.9,9.7,12.9,49.7,54.0,34.0,100.07,14.7,"1,553"
130,RJ Barrett,NYK,21,21,11,10,31.2,107.7,110.7,-3.0,10.5,1.25,11.9,1.8,15.6,8.7,9.5,46.0,49.1,21.7,98.37,7.9,"1,346"
131,Raul Neto,WAS,29,21,13,8,19.7,106.7,104.2,2.5,18.2,1.89,22.6,0.7,8.7,4.9,11.9,48.5,51.5,18.3,99.65,7.1,855
132,Rudy Gobert,UTA,29,21,14,7,31.4,113.5,102.6,10.9,4.6,0.50,7.1,9.5,33.8,22.3,14.3,73.1,73.8,16.8,99.68,18.2,"1,370"
133,Scottie Barnes,TOR,20,21,8,13,35.6,107.5,110.0,-2.5,14.5,1.59,17.2,7.4,15.0,10.9,10.8,51.7,54.6,19.0,96.90,10.9,"1,501"
134,Terance Mann,LAC,25,21,10,11,28.3,104.3,101.1,3.2,13.5,2.16,20.3,4.8,11.2,8.1,9.4,52.4,56.3,15.0,100.15,9.1,"1,246"
135,Tyrese Haliburton,SAC,21,21,9,12,33.2,105.8,108.5,-2.7,23.7,3.11,30.2,2.7,7.7,5.2,9.7,50.0,51.9,15.8,101.88,10.0,"1,475"
136,Alperen Sengun,HOU,19,20,5,15,18.0,100.0,110.6,-10.6,22.8,1.37,22.3,6.8,18.0,12.2,16.3,53.0,57.6,20.2,106.01,10.7,799
137,Bogdan Bogdanovic,ATL,29,20,11,9,28.2,116.3,112.9,3.4,11.3,2.72,18.0,1.3,10.6,6.1,6.6,55.5,56.5,16.9,98.97,7.7,"1,169"
138,Bryn Forbes,SAS,28,20,7,13,13.7,95.4,107.7,-12.2,7.1,0.71,8.8,0.3,7.9,4.0,12.4,59.1,60.2,19.7,98.73,8.2,567
139,Corey Kispert,WAS,22,20,12,8,12.4,109.6,101.8,7.8,6.1,1.57,12.1,3.7,10.9,7.5,7.7,46.3,48.7,13.9,98.28,6.6,513
140,D'Angelo Russell,MIN,25,20,11,9,32.6,107.6,97.8,9.8,30.1,2.38,22.6,1.4,9.5,5.4,9.5,47.3,51.1,26.5,101.30,12.3,"1,379"
141,Damian Lillard,POR,31,20,10,10,35.7,113.3,111.7,1.6,33.1,3.00,25.5,1.1,10.2,5.5,8.5,47.1,52.6,27.2,99.91,12.0,"1,489"
142,Darius Garland,CLE,21,20,11,9,34.6,109.9,103.9,6.0,32.6,1.88,26.3,1.2,6.1,3.7,14.0,54.1,56.7,25.3,97.28,10.9,"1,409"
143,DeAndre Jordan,LAL,33,20,11,9,13.8,96.9,104.3,-7.5,4.2,0.50,8.6,11.5,26.7,19.4,17.2,70.3,70.2,12.5,104.88,13.6,604
144,DeAndre' Bembry,BKN,27,20,14,6,19.9,106.5,104.6,1.9,8.2,1.77,17.4,3.8,11.1,7.7,9.8,61.5,60.8,12.0,100.11,7.3,830
145,Dejounte Murray,SAS,25,20,7,13,34.7,107.9,103.8,4.1,34.0,3.61,28.0,2.1,20.7,11.2,7.8,47.8,49.6,25.6,101.98,15.3,"1,469"
146,Delon Wright,ATL,29,20,12,8,13.1,103.9,101.1,2.8,21.3,3.90,34.2,6.1,13.8,9.9,8.8,42.1,47.3,12.1,100.37,9.9,544
147,Derrick White,SAS,27,20,7,13,31.2,101.6,105.4,-3.7,23.0,3.55,27.3,1.8,9.1,5.4,7.7,46.1,49.2,18.3,102.83,8.9,"1,335"
148,Donovan Mitchell,UTA,25,20,13,7,32.2,117.2,105.1,12.1,25.8,1.77,17.2,3.1,9.4,6.4,9.7,50.6,53.9,32.4,99.52,13.1,"1,330"
149,Dorian Finney-Smith,DAL,28,20,11,9,30.9,108.3,111.5,-3.2,6.3,1.56,13.4,5.5,8.8,7.1,8.6,54.2,55.2,12.9,97.34,6.2,"1,251"
150,Draymond Green,GSW,31,20,17,3,30.1,112.4,101.1,11.3,33.1,2.43,43.1,4.3,20.7,12.9,17.7,57.6,59.1,14.2,102.27,12.3,"1,280"
151,Drew Eubanks,SAS,24,20,7,13,14.7,102.6,108.1,-5.5,14.8,1.15,19.5,8.0,20.4,14.4,16.9,51.3,58.4,18.0,102.51,10.8,626
152,Dwight Howard,LAL,35,20,9,11,14.7,108.6,106.6,2.0,3.7,0.40,7.9,10.2,23.9,17.3,19.8,71.3,71.1,13.4,101.29,11.7,617
153,Dwight Powell,DAL,30,20,11,9,19.7,102.4,112.3,-10.0,8.2,1.40,16.3,9.7,14.2,11.8,11.6,63.3,65.1,12.1,97.70,8.1,799
154,Facundo Campazzo,DEN,30,20,9,11,18.3,98.4,119.0,-20.6,19.5,2.09,28.0,1.9,8.4,5.0,13.4,55.7,59.1,14.3,97.65,6.9,743
155,Gary Payton II,GSW,29,20,17,3,14.1,117.7,90.5,27.2,7.8,2.00,14.3,7.6,13.6,10.8,7.1,73.0,72.8,13.9,103.23,13.6,604
156,Isaiah Stewart,DET,20,20,4,16,25.1,93.6,107.7,-14.1,7.7,1.05,12.4,8.4,22.4,14.8,11.8,54.8,56.6,13.2,98.28,10.6,"1,026"
157,JaMychal Green,DEN,31,20,9,11,14.8,94.6,114.5,-19.8,9.1,0.64,10.7,6.0,18.5,11.6,16.7,47.5,50.5,19.4,97.32,6.8,598
158,Jaden McDaniels,MIN,21,20,10,10,25.3,103.7,101.9,1.8,4.8,0.89,10.4,5.4,10.4,7.9,11.7,47.2,48.1,11.8,101.51,3.7,"1,064"
159,John Konchar,MEM,25,20,12,8,14.9,107.2,110.2,-2.9,11.7,2.36,25.0,5.8,16.7,10.9,10.6,62.7,61.6,10.6,100.04,9.4,624
160,Jordan Nwora,MIL,23,20,11,9,18.4,99.4,106.0,-6.6,9.7,0.92,12.0,2.8,13.6,8.3,13.1,48.5,50.4,18.6,103.26,7.9,799
161,Josh Giddey,OKC,19,20,6,14,29.4,98.8,110.8,-12.0,32.2,2.11,28.9,4.8,17.7,11.2,13.7,43.2,44.7,20.8,99.62,10.3,"1,216"
162,Juan Toscano-Anderson,GSW,28,20,18,2,15.4,109.9,100.9,8.9,19.4,1.91,30.7,3.1,12.7,8.1,16.1,56.7,59.8,13.5,98.62,9.4,629
163,Keldon Johnson,SAS,22,20,7,13,31.5,106.8,104.3,2.5,8.8,1.48,11.7,3.2,15.9,9.4,7.9,51.6,54.1,20.0,101.93,10.1,"1,329"
164,Kenyon Martin Jr.,HOU,20,20,5,15,15.6,104.8,105.3,-0.4,9.1,1.90,13.2,3.5,14.6,9.3,6.9,57.5,59.0,16.5,105.49,11.7,684
165,Kevin Durant,BKN,33,20,14,6,35.8,111.5,105.3,6.2,27.2,1.85,18.0,1.3,17.6,10.1,9.8,58.7,64.1,30.6,101.72,19.0,"1,513"
166,Kyle Lowry,MIA,35,20,12,8,33.8,108.7,104.1,4.6,32.6,2.60,35.0,1.6,12.3,7.0,13.5,50.7,55.1,17.7,99.45,10.8,"1,397"
167,LaMarcus Aldridge,BKN,36,20,14,6,22.6,111.6,105.9,5.8,6.2,1.31,6.8,6.7,17.4,12.4,5.2,59.4,61.7,22.4,99.82,14.3,945
168,Lonnie Walker IV,SAS,22,20,7,13,22.2,106.5,105.9,0.7,15.8,2.08,18.1,0.2,12.7,6.4,8.7,44.0,46.7,22.4,101.81,7.6,947
169,Mason Plumlee,CHA,31,20,12,8,26.1,105.4,105.3,0.1,14.4,2.29,27.4,8.3,16.8,12.4,11.9,59.6,55.8,11.6,102.04,8.4,"1,106"
170,Naz Reid,MIN,22,20,10,10,16.0,97.2,107.0,-9.8,8.1,0.94,8.3,7.0,12.9,9.7,8.8,54.9,57.7,21.1,102.99,10.2,685
171,Precious Achiuwa,TOR,22,20,10,10,26.3,107.0,105.9,1.1,8.5,1.48,12.8,7.8,21.0,14.2,8.7,39.9,41.7,17.0,96.69,7.4,"1,057"
172,Richaun Holmes,SAC,28,20,7,13,27.9,107.9,108.6,-0.8,7.6,0.84,10.2,9.8,22.9,16.6,12.2,72.5,74.9,17.3,101.92,15.9,"1,182"
173,Seth Curry,PHI,31,20,10,10,34.0,109.2,107.3,1.9,11.8,1.55,15.5,1.3,7.0,4.2,10.0,61.1,64.7,18.4,96.38,9.2,"1,365"
174,Stephen Curry,GSW,33,20,17,3,34.3,115.4,96.7,18.6,30.6,2.06,20.9,1.6,13.6,7.9,10.1,58.5,62.7,30.1,103.07,18.3,"1,469"
175,Taurean Prince,MIN,27,20,11,9,15.0,95.6,105.6,-9.9,8.0,1.60,14.7,2.8,10.6,6.4,9.2,43.6,46.0,12.7,102.97,4.5,643
176,Tim Hardaway Jr.,DAL,29,20,11,9,32.6,108.7,113.0,-4.4,10.9,4.36,14.3,0.7,10.9,5.5,3.3,48.5,50.8,19.3,97.40,7.5,"1,326"
177,Al Horford,BOS,35,19,11,8,28.8,100.4,102.5,-2.0,18.2,2.73,20.8,5.4,22.3,13.8,7.6,52.4,56.7,18.3,98.96,14.5,"1,133"
178,Bradley Beal,WAS,28,19,11,8,36.0,106.8,105.6,1.1,29.1,1.63,19.5,2.7,10.6,6.8,12.0,47.6,52.0,30.7,98.56,12.0,"1,406"
179,Brandon Clarke,MEM,25,19,9,10,16.0,111.6,109.8,1.8,12.6,3.25,17.3,9.6,14.6,12.1,5.3,61.4,62.9,16.4,102.48,12.6,645
180,Caleb Martin,MIA,26,19,11,8,17.8,109.1,103.0,6.1,5.3,1.44,9.8,4.4,12.0,8.3,6.8,51.5,52.7,15.1,99.91,7.6,704
181,Daniel Gafford,WAS,23,19,12,7,21.1,103.0,108.4,-5.3,8.1,0.95,11.8,9.9,15.8,13.0,12.4,66.7,68.2,16.3,98.41,12.9,820
182,Danilo Gallinari,ATL,33,19,10,9,20.7,107.5,109.2,-1.7,8.6,2.56,13.3,2.6,14.7,8.5,5.2,47.6,53.3,16.3,99.54,8.8,813
183,De'Anthony Melton,MEM,23,19,11,8,24.7,110.9,109.4,1.5,13.5,1.74,17.6,3.2,12.6,7.8,10.1,50.5,51.8,18.6,102.15,8.9,"1,004"
184,Derrick Jones Jr.,CHI,24,19,12,7,16.7,114.3,108.6,5.7,4.2,1.11,9.3,7.7,12.0,9.9,8.3,64.5,68.9,12.9,101.50,9.1,672
185,Derrick Rose,NYK,33,19,9,10,23.7,111.1,100.3,10.7,25.5,2.67,23.3,2.9,7.9,5.6,8.7,52.8,56.0,22.2,98.61,13.9,931
186,Eric Paschall,UTA,25,19,14,5,12.1,100.0,102.5,-2.5,9.7,1.40,15.7,5.3,9.9,7.6,11.2,50.9,54.3,13.6,98.46,7.0,473
187,Gabe Vincent,MIA,25,19,11,8,15.8,105.1,100.2,4.9,18.9,2.12,23.1,3.4,5.8,4.6,10.9,55.2,57.2,17.5,97.29,7.4,612
188,Gorgui Dieng,ATL,31,19,10,9,8.4,94.7,92.0,2.7,13.5,1.18,18.6,10.6,26.4,18.4,15.7,42.5,46.6,14.6,101.92,10.6,338
189,Harrison Barnes,SAC,29,19,7,12,35.0,109.6,114.3,-4.7,10.2,1.18,12.4,3.8,15.7,9.8,10.5,55.9,63.5,20.4,102.04,12.5,"1,414"
190,Ja Morant,MEM,22,19,9,10,32.6,109.5,116.8,-7.3,34.7,2.15,21.7,3.9,13.2,8.4,10.1,52.0,56.4,31.0,100.66,15.3,"1,304"
191,Jalen Brunson,DAL,25,19,11,8,28.5,112.2,107.9,4.3,25.9,3.32,25.9,1.4,12.5,6.8,7.8,54.8,57.9,21.2,98.33,12.6,"1,112"
192,Jarrett Allen,CLE,23,19,12,7,33.1,106.2,102.2,4.0,8.9,0.90,12.1,10.5,21.7,16.4,13.4,70.8,71.4,17.3,99.00,16.6,"1,298"
193,Jaxson Hayes,NOP,21,19,3,16,12.2,96.3,105.9,-9.6,3.9,0.42,4.5,9.0,16.2,12.4,10.8,54.5,60.0,18.6,101.69,11.0,493
194,Josh Hart,NOP,26,19,5,14,30.1,108.6,114.2,-5.6,18.4,2.81,26.1,3.2,17.9,10.3,9.3,53.4,58.3,15.5,97.53,10.6,"1,159"
195,Josh Jackson,DET,24,19,3,16,19.0,102.9,114.7,-11.8,14.4,1.43,17.1,2.9,16.4,9.3,11.9,47.2,50.5,18.9,100.62,7.5,754
196,Kenrich Williams,OKC,27,19,6,13,20.2,98.1,99.3,-1.1,13.8,2.20,19.1,4.5,11.3,7.8,8.7,50.9,52.3,15.1,101.03,8.6,805
197,Malcolm Brogdon,IND,28,19,7,12,35.4,107.8,104.7,3.1,27.3,2.61,22.8,2.6,12.9,7.8,8.7,52.1,57.2,24.9,98.61,14.6,"1,379"
198,Mike Conley,UTA,34,19,14,5,28.2,113.9,103.8,10.1,27.7,3.16,30.2,0.8,5.4,3.2,9.6,62.5,64.6,18.6,99.85,11.5,"1,118"
199,Mitchell Robinson,NYK,23,19,9,10,25.6,107.1,113.8,-6.7,4.1,1.17,12.4,11.0,18.5,14.7,10.6,78.3,76.4,8.8,97.42,9.6,987
200,Nick Richards,CHA,24,19,10,9,8.6,102.3,112.6,-10.3,3.7,0.33,6.8,9.3,12.0,10.6,20.3,65.8,69.1,13.6,104.72,7.0,352
201,Norman Powell,POR,28,19,9,10,29.1,113.1,113.7,-0.6,7.9,1.45,9.5,1.2,7.5,4.3,6.6,57.4,62.3,21.4,99.84,9.4,"1,154"
202,Otto Porter Jr.,GSW,28,19,16,3,18.8,110.7,94.5,16.2,8.7,1.69,14.7,4.5,19.2,12.2,8.7,63.1,64.5,15.1,100.78,13.1,749
203,Reggie Bullock,DAL,30,19,10,9,22.7,102.6,104.8,-2.2,4.3,1.18,9.4,0.9,11.2,5.9,8.0,46.0,46.5,12.6,97.66,3.9,882
204,Royce O'Neale,UTA,28,19,12,7,31.0,115.7,106.5,9.2,8.7,1.74,21.7,2.9,11.4,7.3,12.5,58.3,59.2,10.4,99.57,7.3,"1,218"
205,Shai Gilgeous-Alexander,OKC,23,19,6,13,34.9,100.9,108.3,-7.4,22.7,1.85,16.5,1.5,11.6,6.5,8.9,46.8,51.9,27.4,100.14,11.4,"1,385"
206,Spencer Dinwiddie,WAS,28,19,12,7,29.8,101.9,103.8,-2.0,29.3,3.47,27.0,2.2,13.2,7.9,7.8,48.5,53.2,21.1,100.50,12.1,"1,185"
207,Terry Rozier,CHA,27,19,10,9,32.9,108.1,110.1,-2.0,16.6,2.62,17.1,1.7,8.4,4.9,6.5,51.4,54.5,21.9,102.83,10.2,"1,341"
208,Thanasis Antetokounmpo,MIL,29,19,10,9,12.7,97.3,108.7,-11.4,9.6,1.25,16.7,7.8,16.1,11.9,13.3,45.5,48.0,13.2,102.41,6.3,511
209,Tomas Satoransky,NOP,30,19,5,14,15.5,97.6,112.8,-15.1,21.8,3.00,34.7,3.5,9.7,6.5,11.6,35.8,39.6,11.6,97.33,4.5,593
210,Ty Jerome,OKC,24,19,6,13,14.3,99.5,101.9,-2.5,15.0,2.30,14.4,2.0,6.5,4.0,6.3,48.7,53.2,21.3,100.54,8.8,568
211,Tyler Herro,MIA,21,19,11,8,33.7,112.0,106.6,5.4,19.3,1.30,14.6,2.0,13.9,8.0,11.2,52.8,55.5,28.2,97.95,12.9,"1,308"
212,Will Barton,DEN,30,19,9,10,33.5,105.3,103.2,2.1,19.4,2.35,20.6,1.7,13.7,7.7,8.8,54.2,55.5,21.1,98.72,11.9,"1,309"
213,Austin Rivers,DEN,29,18,10,8,17.5,102.9,110.8,-7.9,6.7,1.40,13.3,2.3,6.3,4.3,9.5,42.9,43.4,13.1,95.02,2.6,621
214,Bam Adebayo,MIA,24,18,10,8,32.9,105.4,103.1,2.4,16.5,1.08,14.2,8.0,21.8,14.9,13.2,51.9,57.7,25.2,98.33,14.7,"1,212"
215,Bobby Portis,MIL,26,18,11,7,27.9,106.2,105.4,0.8,7.3,0.79,8.0,8.9,18.2,13.7,10.0,54.8,57.5,22.0,100.34,12.3,"1,064"
216,Bruce Brown,BKN,25,18,12,6,23.6,101.5,104.3,-2.7,6.8,1.58,12.6,4.0,11.3,7.8,7.9,52.2,53.6,13.3,102.86,7.7,909
217,Devin Vassell,SAS,21,18,5,13,25.0,107.1,107.1,0.0,7.6,1.92,11.4,1.8,12.5,7.0,5.9,56.4,57.8,17.8,103.28,9.4,967
218,Eric Gordon,HOU,32,18,5,13,29.4,101.0,105.4,-4.4,14.2,1.12,16.0,0.5,5.6,3.1,14.3,55.1,57.1,19.4,104.24,7.8,"1,148"
219,Evan Mobley,CLE,20,18,12,6,33.7,103.4,99.6,3.8,12.3,1.31,14.6,4.7,17.7,11.6,11.1,51.9,55.9,19.3,98.41,12.6,"1,242"
220,Jalen Green,HOU,19,18,2,16,30.8,91.9,112.6,-20.8,13.2,0.86,12.4,1.2,8.2,4.7,14.4,45.2,49.8,22.3,103.28,6.4,"1,194"
221,Kemba Walker,NYK,31,18,10,8,24.5,103.0,116.3,-13.3,20.6,2.29,20.6,0.4,10.0,5.0,9.0,53.7,55.9,20.8,98.85,10.1,907
222,Kevin Porter Jr.,HOU,21,18,5,13,30.9,102.7,107.0,-4.3,28.7,1.41,24.1,2.8,10.9,7.0,17.1,43.5,46.6,24.5,102.42,7.6,"1,183"
223,P.J. Dozier,DEN,25,18,9,9,18.9,96.6,109.5,-12.9,13.5,2.23,19.7,3.8,14.4,8.9,8.8,43.9,46.3,14.7,99.32,6.8,705
224,Payton Pritchard,BOS,23,18,10,8,8.8,94.1,107.8,-13.7,19.0,1.67,25.0,3.4,7.7,5.5,15.0,28.7,31.0,15.5,102.14,0.8,340
225,Sterling Brown,DAL,26,18,10,8,12.5,107.0,103.4,3.6,8.4,1.27,17.1,5.0,19.2,12.1,13.4,46.4,48.4,12.8,100.01,7.3,470
226,Tre Jones,SAS,21,18,7,11,9.6,104.2,103.9,0.3,21.4,2.27,25.8,0.6,9.6,5.3,11.3,53.4,57.3,17.8,100.29,10.1,361
227,Willie Cauley-Stein,DAL,28,18,10,8,9.8,104.5,98.4,6.1,6.9,1.29,17.3,6.5,13.7,9.9,13.5,47.1,47.4,10.2,101.88,5.7,375
228,Ziaire Williams,MEM,20,18,9,9,18.6,107.7,116.2,-8.5,4.9,1.20,9.8,1.4,6.6,3.9,8.1,43.9,44.7,13.8,100.82,2.1,704
229,Aaron Nesmith,BOS,22,17,9,8,9.3,89.0,111.0,-22.1,5.4,0.63,7.7,3.3,12.8,7.6,12.3,39.2,40.5,16.0,99.65,2.1,327
230,Armoni Brooks,HOU,23,17,5,12,12.1,109.0,97.3,11.7,6.2,2.25,9.2,1.8,8.4,5.1,4.1,53.6,55.5,17.7,104.19,7.5,444
231,Blake Griffin,BKN,32,17,13,4,21.7,109.7,103.0,6.7,12.4,3.78,21.5,5.9,15.1,10.9,5.7,36.0,39.7,14.5,102.87,5.6,793
232,Brandon Ingram,NOP,24,17,6,11,34.3,105.1,111.0,-5.9,22.0,1.30,15.4,2.3,15.7,8.9,11.8,48.9,53.2,29.5,97.85,12.0,"1,186"
233,Cade Cunningham,DET,20,17,4,13,31.4,100.4,107.5,-7.1,25.9,1.24,19.7,2.9,17.4,9.7,15.9,44.4,47.2,25.3,98.57,9.3,"1,095"
234,Cameron Payne,PHX,27,17,16,1,17.8,103.2,96.4,6.8,26.7,1.79,20.5,1.5,11.6,6.7,11.5,46.3,51.3,25.9,104.94,11.6,660
235,Cedi Osman,CLE,26,17,10,7,22.2,108.2,106.9,1.3,11.3,1.93,13.6,1.5,11.0,6.3,7.0,61.6,62.8,19.8,99.58,10.4,784
236,Chuma Okeke,ORL,23,17,4,13,21.2,95.5,110.0,-14.5,9.8,1.50,13.1,2.4,15.4,8.6,8.8,43.0,47.5,16.1,100.76,7.8,753
237,Cole Anthony,ORL,21,17,5,12,34.2,107.7,108.3,-0.6,28.3,2.10,22.2,1.4,17.4,9.3,10.6,50.4,55.0,25.7,99.14,13.6,"1,201"
238,D.J. Augustin,HOU,34,17,3,14,12.4,98.1,114.7,-16.6,23.2,1.65,31.4,0.9,5.5,3.0,19.0,52.1,58.8,13.7,108.12,5.9,477
239,Gary Harris,ORL,27,17,3,14,24.8,95.7,113.4,-17.7,11.0,1.67,17.3,2.8,4.7,3.7,10.4,44.3,45.6,14.4,99.62,3.7,877
240,Ish Smith,CHA,33,17,9,8,12.6,100.4,112.4,-12.0,25.9,2.47,27.0,0.4,7.9,4.0,10.9,39.6,39.8,19.0,105.06,5.8,467
241,Jeremy Lamb,IND,29,17,5,12,13.7,108.0,108.3,-0.3,11.7,2.25,13.5,2.0,15.6,8.7,6.0,52.1,59.3,20.0,102.27,12.9,502
242,Jimmy Butler,MIA,32,17,11,6,34.2,110.0,106.6,3.4,27.5,2.73,20.0,4.6,12.2,8.4,7.3,53.1,61.8,26.9,96.54,19.0,"1,173"
243,Jrue Holiday,MIL,31,17,12,5,31.4,116.9,105.4,11.4,27.9,2.34,25.8,2.2,11.2,6.9,11.0,50.2,51.3,23.4,100.06,10.7,"1,115"
244,Justin Robinson,MIL,24,17,10,7,11.6,95.8,106.0,-10.2,17.6,1.91,23.3,0.9,4.8,2.9,12.2,40.4,41.5,14.6,104.27,3.2,426
245,Kelan Martin,IND,26,17,8,9,16.7,103.2,108.7,-5.5,9.0,1.55,11.3,3.3,7.8,5.5,7.3,47.5,48.4,19.9,99.04,6.5,590
246,Kent Bazemore,LAL,32,17,8,9,20.4,98.9,106.7,-7.8,5.6,1.88,13.6,1.0,8.5,4.6,7.3,41.4,44.4,11.0,104.97,2.7,755
247,Killian Hayes,DET,20,17,4,13,25.9,96.4,107.6,-11.2,21.6,2.21,29.8,2.3,12.0,6.8,13.5,41.4,45.3,14.0,99.00,6.4,905
248,Lou Williams,ATL,35,17,10,7,13.0,104.1,105.0,-0.8,18.4,2.08,16.8,2.0,9.0,5.4,8.1,43.7,48.1,23.5,100.22,8.5,462
249,Luka Doncic,DAL,22,17,11,6,34.7,107.0,113.7,-6.7,46.3,1.92,23.4,2.1,21.7,11.4,12.2,51.7,54.1,35.5,97.59,16.6,"1,200"
250,Naji Marshall,NOP,23,17,3,14,12.1,96.1,103.4,-7.3,14.6,1.06,17.3,5.2,19.0,11.5,16.4,34.7,46.0,17.7,103.26,7.7,437
251,Romeo Langford,BOS,22,17,9,8,19.0,103.3,103.5,-0.1,4.1,0.90,9.1,4.5,11.0,7.7,10.1,48.7,50.7,11.7,97.81,5.3,657
252,Shake Milton,PHI,25,17,9,8,25.2,102.4,104.6,-2.2,19.4,2.78,19.8,2.2,9.2,5.7,7.1,50.3,54.3,20.4,98.08,10.8,873
253,Thaddeus Young,SAS,33,17,6,11,15.6,102.6,100.2,2.4,25.8,2.24,27.3,9.3,12.4,10.8,12.2,60.2,59.5,19.4,102.81,13.6,572
254,Tony Bradley,CHI,23,17,10,7,13.1,109.5,100.9,8.6,4.1,0.58,9.6,11.5,18.4,15.2,16.4,55.8,57.2,12.7,99.95,8.8,464
255,Tony Snell,POR,30,17,8,9,11.1,104.5,109.3,-4.8,5.8,2.67,17.0,1.0,11.4,5.9,6.4,43.1,43.9,9.1,97.00,3.0,382
256,Amir Coffey,LAC,24,16,7,9,13.0,101.1,95.2,5.9,7.4,2.20,16.9,1.4,10.2,6.0,7.7,47.5,56.9,11.0,101.59,6.3,440
257,Caris LeVert,IND,27,16,7,9,26.7,109.6,100.0,9.6,16.8,2.04,15.3,1.4,8.9,5.2,7.5,45.1,47.2,26.3,97.38,8.1,869
258,Daniel Theis,HOU,29,16,2,14,23.2,89.1,108.2,-19.1,6.3,0.65,8.8,4.3,14.9,9.7,13.6,54.8,57.2,15.3,102.34,8.0,788
259,Dean Wade,CLE,25,16,7,9,22.4,100.4,101.4,-1.0,8.6,4.20,20.8,3.3,11.2,7.2,5.0,50.0,51.6,9.7,98.00,5.5,729
260,Deandre Ayton,PHX,23,16,13,3,30.6,113.4,108.6,4.8,6.3,0.84,8.5,10.3,25.8,18.4,10.2,63.7,63.7,20.4,98.90,14.7,"1,006"
261,Derrick Favors,OKC,30,16,6,10,16.7,92.6,110.7,-18.1,3.9,1.20,5.9,7.8,19.4,13.4,4.9,50.0,51.0,15.2,99.29,9.8,555
262,Dylan Windler,CLE,25,16,9,7,11.4,102.7,103.2,-0.5,15.3,2.25,28.1,4.1,13.5,8.9,12.5,56.9,58.3,11.2,98.16,6.8,367
263,Goga Bitadze,IND,22,16,6,10,8.6,95.7,104.8,-9.1,3.3,0.60,4.7,10.0,16.2,12.8,7.8,32.7,38.1,17.8,103.05,3.4,300
264,Hamidou Diallo,DET,23,16,1,15,14.5,97.8,104.2,-6.4,8.1,1.00,10.4,6.0,13.2,9.4,10.4,54.5,57.7,17.0,103.35,10.3,497
265,Jordan McLaughlin,MIN,25,16,9,7,10.3,97.5,110.3,-12.9,29.8,3.09,40.5,1.0,6.9,3.6,13.1,34.7,38.4,12.0,104.09,6.6,357
266,Josh Richardson,BOS,28,16,10,6,24.7,107.2,105.9,1.3,7.8,1.67,12.3,2.5,9.2,5.9,7.4,53.8,57.1,15.5,98.39,7.7,815
267,Justise Winslow,LAC,25,16,10,6,8.0,94.0,98.6,-4.6,19.8,1.21,23.3,5.8,18.2,12.2,19.2,38.8,39.5,17.4,105.22,8.5,284
268,Keita Bates-Diop,SAS,25,16,6,10,13.7,105.4,94.1,11.3,2.8,0.42,7.6,4.3,16.4,10.5,18.2,46.7,49.5,11.7,100.19,7.1,459
269,Malachi Flynn,TOR,23,16,7,9,8.6,101.4,109.3,-8.0,16.7,3.00,20.8,2.9,11.3,6.7,6.9,40.0,41.2,16.5,100.94,6.1,288
270,Maurice Harkless,SAC,28,16,7,9,20.5,105.7,104.4,1.2,3.5,1.29,10.5,0.9,11.3,6.4,8.1,45.4,48.0,10.2,101.33,4.3,685
271,Mike Muscala,OKC,30,16,5,11,14.6,100.6,100.8,-0.2,6.8,1.29,7.3,2.3,18.1,10.3,5.7,59.5,63.3,20.3,100.72,15.0,490
272,Nikola Jokic,DEN,26,16,9,7,32.7,112.6,99.8,12.7,33.4,2.02,22.3,8.3,32.1,20.8,11.0,62.7,65.5,30.3,97.10,24.2,"1,059"
273,Nikola Vucevic,CHI,31,16,11,5,33.1,110.8,101.6,9.2,18.2,2.41,19.3,5.5,26.5,16.3,8.0,48.7,49.9,22.4,99.97,12.9,"1,103"
274,Patrick Beverley,MIN,33,16,8,8,25.4,110.8,106.1,4.7,24.3,3.79,35.3,5.2,10.6,7.9,9.3,54.7,56.3,13.4,99.21,10.1,841
275,Paul Millsap,BKN,36,16,11,5,11.2,105.4,102.7,2.6,10.3,1.50,16.7,6.9,18.9,13.3,11.1,38.0,43.5,14.4,98.59,5.3,371
276,Rodney Hood,MIL,29,16,9,7,14.2,98.5,105.0,-6.5,8.1,6.00,17.6,2.1,10.2,6.3,2.9,42.2,46.2,10.4,101.18,5.6,481
277,Alex Len,SAC,28,15,6,9,16.5,103.2,107.3,-4.1,9.4,0.94,14.5,5.0,17.1,10.8,15.5,58.5,61.2,15.8,103.12,7.1,530
278,Bones Hyland,DEN,21,15,8,7,15.8,107.8,111.4,-3.6,17.8,2.00,17.3,1.6,10.8,5.9,8.7,50.5,54.0,22.7,96.06,8.9,474
279,Damion Lee,GSW,29,15,13,2,21.0,108.0,99.4,8.6,8.5,1.80,12.0,1.6,10.8,6.5,6.7,52.2,55.3,18.2,99.21,8.5,653
280,Danny Green,PHI,34,15,6,9,23.1,111.5,104.5,7.0,6.5,1.23,13.7,2.9,6.9,5.0,11.1,64.5,65.5,12.8,98.10,7.2,710
281,David Nwaba,HOU,28,15,1,14,11.7,100.8,106.5,-5.8,8.5,1.25,12.3,3.8,20.9,11.8,9.9,45.2,49.4,15.7,107.99,9.2,393
282,Frank Ntilikina,DAL,23,15,8,7,14.2,106.6,97.4,9.3,14.7,2.20,19.5,1.2,11.1,6.0,8.8,45.3,49.8,17.6,102.34,7.8,453
283,Isaac Okoro,CLE,20,15,7,8,29.6,103.2,102.8,0.4,9.4,1.65,16.6,4.9,8.9,6.9,10.1,43.3,47.3,13.8,98.32,5.0,904
284,Khem Birch,TOR,29,15,7,8,22.9,110.4,108.5,1.9,8.0,2.22,16.3,12.3,11.6,12.0,7.3,50.0,55.0,12.1,97.68,9.4,703
285,Khris Middleton,MIL,30,15,11,4,30.5,108.1,103.8,4.3,23.3,1.63,19.8,1.3,14.0,8.0,12.2,48.0,53.1,25.5,103.86,12.0,998
286,Kristaps Porzingis,DAL,26,15,8,7,30.3,103.1,107.6,-4.6,11.0,1.38,9.4,7.1,18.9,12.7,6.8,51.3,56.5,26.6,98.71,14.4,941
287,Matisse Thybulle,PHI,24,15,9,6,25.5,107.0,104.4,2.7,6.1,0.94,14.5,2.1,7.5,4.8,15.5,59.3,61.2,11.0,96.96,7.3,768
288,Max Strus,MIA,25,15,10,5,21.4,107.0,103.5,3.5,6.7,1.67,11.8,1.0,14.6,7.8,7.1,57.1,57.8,15.0,98.15,8.2,659
289,Moses Moody,GSW,19,15,15,0,5.9,85.1,97.4,-12.3,5.9,3.00,9.4,1.0,9.9,5.6,3.1,40.7,41.2,13.4,106.06,4.4,195
290,OG Anunoby,TOR,24,15,7,8,37.3,110.4,109.6,0.8,11.4,1.64,11.7,4.0,10.8,7.2,7.2,50.8,53.4,23.4,96.88,9.8,"1,126"
291,Robert Williams III,BOS,24,15,9,6,29.9,109.4,98.8,10.6,6.1,1.12,14.3,12.5,17.4,15.0,12.8,73.6,73.1,10.9,98.05,13.6,914
292,Terence Davis,SAC,24,15,6,9,15.4,107.7,104.5,3.2,7.5,0.75,8.4,1.2,11.7,6.8,11.2,44.6,45.8,23.7,102.00,4.9,492
293,Timothe Luwawu-Cabarrot,ATL,26,15,10,5,5.2,94.7,104.7,-10.0,10.4,2.50,13.5,0.0,14.5,6.9,5.4,50.0,54.0,17.2,104.47,7.3,170
294,Trent Forrest,UTA,23,15,10,5,7.9,106.5,94.3,12.2,12.3,1.25,27.8,2.8,9.6,6.5,22.2,64.3,71.3,9.2,99.94,7.8,246
295,Tristan Thompson,SAC,30,15,6,9,14.1,104.9,116.2,-11.2,7.3,1.00,9.9,14.3,21.2,17.6,9.9,50.7,51.7,17.0,101.75,9.8,447
296,Wayne Ellington,LAL,34,15,7,8,20.8,108.6,110.0,-1.3,4.8,1.83,11.1,1.0,6.4,3.7,6.1,58.5,59.7,12.0,101.70,5.4,660
297,Xavier Tillman,MEM,22,15,8,7,13.5,105.9,115.6,-9.8,14.6,3.00,21.4,7.0,14.4,10.3,7.1,45.3,48.5,16.0,96.84,9.1,410
298,Abdel Nader,PHX,28,14,11,3,10.4,95.1,96.0,-0.9,6.5,0.64,12.1,2.6,14.5,8.7,19.0,40.0,43.1,13.9,107.91,3.6,327
299,Cam Thomas,BKN,20,14,8,6,9.1,95.5,109.3,-13.8,13.3,3.33,14.1,1.4,8.3,4.6,4.2,39.6,44.1,20.3,101.11,7.0,267
300,Danuel House Jr.,HOU,28,14,5,9,13.7,96.8,104.8,-8.1,11.0,0.87,12.9,1.3,17.0,8.8,14.9,40.9,46.1,18.3,107.90,6.7,431
301,Denzel Valentine,CLE,28,14,7,7,6.8,87.9,99.5,-11.6,5.9,0.60,7.0,5.4,13.1,8.7,11.6,38.6,38.6,17.8,100.82,3.2,198
302,Jared Butler,UTA,21,14,12,2,4.6,97.8,105.5,-7.7,19.4,1.00,15.6,0.0,9.0,4.8,15.6,35.7,38.6,23.8,105.58,0.0,139
303,Joe Harris,BKN,30,14,10,4,30.2,106.6,105.6,1.1,4.7,0.88,8.9,1.2,10.9,6.4,10.2,61.7,62.4,14.6,102.31,6.8,904
304,Jonathan Kuminga,GSW,19,14,12,2,7.2,100.0,92.5,7.5,8.3,0.63,8.6,6.6,14.3,10.6,13.8,43.6,47.0,21.3,106.22,5.0,221
305,Josh Okogie,MIN,23,14,4,10,16.0,100.2,98.1,2.1,10.0,2.00,22.5,5.0,8.9,6.8,11.3,38.8,42.8,10.0,101.61,4.4,476
306,Kevin Love,CLE,33,14,6,8,20.3,104.2,98.5,5.7,15.7,2.00,15.6,5.1,28.8,16.9,7.8,50.4,56.8,21.6,102.65,16.7,613
307,Nicolas Batum,LAC,32,14,9,5,27.6,104.0,102.6,1.4,7.9,1.91,16.0,1.7,16.8,9.3,8.4,68.8,68.2,12.0,102.03,11.6,823
308,Paul Reed,PHI,22,14,7,7,9.8,106.0,123.0,-17.0,8.0,1.33,16.3,11.0,16.5,13.7,12.2,51.4,51.4,12.3,98.73,7.5,282
309,Rajon Rondo,LAL,35,14,5,9,14.9,98.9,100.9,-2.0,34.0,2.17,36.8,3.3,11.1,7.2,16.9,37.3,37.3,16.5,105.77,6.8,460
310,Tobias Harris,PHI,29,14,6,8,34.1,108.9,109.3,-0.4,19.1,2.17,16.1,2.9,20.7,11.9,7.4,51.3,54.4,25.4,96.66,14.0,960
311,Tre Mann,OKC,20,14,4,10,15.3,89.2,107.0,-17.8,3.7,0.33,3.5,2.7,7.9,5.1,10.4,47.3,49.5,21.6,99.07,5.7,444
312,Troy Brown Jr.,CHI,22,14,11,3,9.5,99.3,107.6,-8.3,7.3,1.50,10.7,3.0,15.4,9.0,7.1,54.5,54.6,16.3,100.55,8.1,279
313,Alize Johnson,CHI,25,13,9,4,7.5,97.9,122.6,-24.7,14.3,1.33,21.6,13.0,21.0,16.6,16.2,57.1,58.2,13.2,96.70,8.8,193
314,Doug McDermott,SAS,29,13,4,9,25.3,104.3,106.8,-2.5,7.1,2.13,11.6,2.0,7.0,4.4,5.4,57.2,57.8,16.7,102.89,6.9,699
315,Isaiah Joe,PHI,22,13,7,6,9.6,97.3,106.6,-9.3,9.8,2.00,13.8,1.6,10.4,6.1,6.9,44.4,47.0,17.1,99.40,5.5,257
316,Jakob Poeltl,SAS,26,13,5,8,28.8,107.6,107.2,0.5,9.6,1.44,14.4,14.0,16.6,15.2,9.9,62.6,60.0,17.2,101.31,11.6,785
317,James Johnson,BKN,34,13,9,4,16.4,112.5,99.8,12.7,11.6,2.00,21.7,5.7,12.9,9.6,10.8,47.0,47.0,13.0,99.01,5.6,441
318,Jaylen Brown,BOS,25,13,6,7,32.8,104.7,98.8,5.9,12.2,0.94,9.5,1.3,12.9,7.2,10.2,53.4,57.0,27.2,100.74,12.3,897
319,Josh Christopher,HOU,19,13,3,10,7.8,103.2,97.2,5.9,18.2,1.33,18.2,3.4,9.6,6.5,13.6,42.9,46.8,21.5,103.76,7.8,222
320,Lauri Markkanen,CLE,24,13,7,6,31.1,108.0,107.5,0.5,5.4,1.36,7.4,4.3,14.4,9.6,5.4,49.4,53.4,19.7,99.79,9.9,846
321,Luka Garza,DET,22,13,0,13,10.4,95.2,112.5,-17.4,9.0,1.40,12.5,7.1,13.3,9.8,8.9,50.0,55.4,14.7,103.61,6.5,291
322,Omer Yurtseven,MIA,23,13,8,5,3.1,102.2,92.3,9.9,3.7,0.33,4.3,8.8,22.0,16.0,13.0,50.0,53.1,22.7,105.67,11.9,89
323,Oshae Brissett,IND,23,13,4,9,11.6,98.5,112.7,-14.2,6.1,0.60,9.1,3.2,15.8,9.4,15.2,51.1,49.9,16.4,103.95,5.7,330
324,Andre Iguodala,GSW,37,12,10,2,20.8,110.1,88.6,21.5,23.6,5.00,45.0,3.2,11.9,7.9,9.0,47.7,49.3,9.3,100.80,10.5,524
325,Austin Reaves,LAL,23,12,8,4,19.8,107.9,98.2,9.7,6.5,1.20,16.2,1.8,7.5,5.0,13.5,57.3,61.1,10.9,103.73,5.0,516
326,Brad Wanamaker,IND,32,12,4,8,12.8,103.6,106.7,-3.0,23.1,1.79,28.7,1.9,11.5,6.6,16.1,36.6,46.4,16.5,102.78,4.9,330
327,Chimezie Metu,SAC,24,12,4,8,23.2,107.2,110.6,-3.4,6.5,1.00,9.4,4.6,23.2,13.8,9.4,45.7,47.9,18.5,100.93,9.9,585
328,Davis Bertans,WAS,29,12,8,4,16.2,102.8,110.2,-7.3,4.3,1.20,7.3,1.4,10.4,5.7,6.1,39.4,45.7,16.1,102.89,3.4,422
329,Dennis Smith Jr.,POR,24,12,6,6,13.1,98.8,105.6,-6.8,29.4,2.00,31.7,1.8,10.2,6.0,15.8,38.0,43.0,17.8,104.39,8.1,343
330,Isaiah Roby,OKC,23,12,1,11,13.3,101.2,109.9,-8.7,11.2,1.25,11.9,6.8,13.0,9.8,9.5,56.8,60.9,19.6,100.73,11.2,335
331,Joel Embiid,PHI,27,12,8,4,32.2,108.7,101.8,6.9,22.0,1.47,15.0,6.8,25.2,16.5,10.2,45.1,53.7,33.0,96.72,16.6,780
332,Lamar Stevens,CLE,24,12,8,4,10.7,104.9,101.1,3.8,3.4,1.00,6.8,6.4,7.6,7.0,6.8,40.5,41.8,13.4,100.62,2.1,267
333,P.J. Washington,CHA,23,12,6,6,23.4,111.8,117.1,-5.2,10.5,1.24,15.4,4.5,15.2,9.6,12.5,61.7,63.4,16.8,103.76,9.3,609
334,Pascal Siakam,TOR,27,12,3,9,33.2,109.4,112.1,-2.7,18.4,1.67,16.6,5.6,16.1,10.6,10.0,50.9,54.7,24.6,95.70,11.4,795
335,Theo Maledon,OKC,20,12,3,9,12.9,93.5,105.4,-11.9,11.7,0.86,16.7,2.8,9.9,6.2,19.4,26.3,34.2,16.4,101.67,1.6,325
336,Boban Marjanovic,DAL,33,11,6,5,5.7,122.0,101.6,20.5,5.7,0.40,4.2,9.4,16.7,13.4,10.4,73.6,70.7,32.4,97.52,15.6,127
337,CJ Elleby,POR,21,11,6,5,4.9,79.0,108.3,-29.3,10.0,0.75,12.5,1.6,21.3,11.3,16.7,41.2,41.2,15.2,108.69,4.8,124
338,Collin Sexton,CLE,22,11,7,4,28.8,99.2,105.0,-5.8,12.5,0.74,10.4,4.1,6.6,5.4,14.0,48.7,52.3,26.4,99.96,7.4,663
339,De'Andre Hunter,ATL,24,11,3,8,27.8,111.3,116.1,-4.8,3.1,0.50,5.1,1.3,8.2,4.7,10.3,51.8,51.6,17.8,99.56,3.8,636
340,Enes Freedom,BOS,29,11,6,5,12.7,111.2,97.9,13.4,2.1,0.25,3.4,15.3,24.2,19.8,13.6,43.0,51.0,16.4,96.93,12.0,285
341,Ignas Brazdeikis,ORL,22,11,1,10,8.4,103.1,107.1,-4.0,7.9,1.67,13.9,4.7,12.0,8.3,8.3,31.5,32.3,14.0,102.56,1.6,196
342,Jaylen Nowell,MIN,22,11,6,5,5.8,101.4,102.2,-0.7,20.9,9.00,20.5,4.1,9.7,6.9,2.3,37.9,39.8,21.5,104.04,9.4,138
343,Juancho Hernangomez,BOS,26,11,6,5,3.5,82.6,113.4,-30.9,0.0,0.00,0.0,6.0,15.6,10.5,15.8,25.0,34.0,18.6,104.61,4.2,86
344,LeBron James,LAL,36,11,7,4,37.0,111.0,111.2,-0.1,29.6,1.83,21.1,1.3,12.3,7.0,11.5,55.7,58.6,29.2,101.50,14.7,860
345,Leandro Bolmaro,MIN,21,11,6,5,7.1,101.2,105.2,-4.0,7.0,0.57,14.3,7.1,15.5,11.3,25.0,43.3,49.4,12.7,106.13,3.6,170
346,Markus Howard,DEN,22,11,5,6,5.8,104.4,102.2,2.2,9.5,1.33,11.1,0.0,3.8,1.6,8.3,33.9,38.6,20.6,101.50,3.0,135
347,Maxi Kleber,DAL,29,11,6,5,21.9,107.9,107.4,0.6,6.4,2.50,11.9,5.1,16.8,10.8,4.8,60.2,62.8,13.6,95.19,10.8,479
348,Sandro Mamukelashvili,MIL,22,11,7,4,8.5,94.7,114.4,-19.7,5.6,1.50,9.7,10.9,11.0,10.9,6.5,54.0,55.1,12.9,98.91,8.5,190
349,Santi Aldama,MEM,20,11,5,6,10.2,116.9,97.4,19.5,13.8,0.00,17.9,9.4,15.1,12.0,0.0,41.3,43.2,19.4,98.22,9.4,231
350,Semi Ojeleye,MIL,26,11,5,6,19.8,94.1,109.8,-15.7,2.7,0.80,6.9,8.0,8.0,8.0,8.6,31.9,33.5,10.4,100.66,1.7,456
351,Solomon Hill,ATL,30,11,7,4,11.1,110.2,97.6,12.5,11.5,11.00,36.7,4.0,11.1,7.5,3.3,16.7,16.7,6.5,100.02,1.2,255
352,Taj Gibson,NYK,36,11,5,6,18.6,104.8,96.4,8.4,5.5,0.73,15.1,9.5,12.0,10.8,20.8,48.4,52.9,9.4,97.50,4.7,413
353,Trey Burke,DAL,29,11,3,8,10.9,108.2,96.0,12.2,22.5,1.60,18.8,0.0,6.1,3.4,11.8,57.4,61.2,26.5,99.32,12.8,245
354,Bol Bol,DEN,22,10,4,6,4.7,93.1,98.0,-4.8,7.7,0.00,11.8,3.4,27.3,13.6,0.0,46.7,46.0,12.5,102.13,11.8,102
355,Charles Bassey,PHI,21,10,4,6,8.1,97.5,100.0,-2.5,3.9,0.67,7.7,12.3,22.6,17.6,11.5,66.7,68.8,13.0,96.63,13.7,163
356,Chris Chiozza,GSW,26,10,9,1,11.0,93.7,100.9,-7.2,24.6,1.88,28.8,4.5,7.0,5.8,15.4,48.3,49.3,14.4,97.51,5.1,222
357,Damian Jones,SAC,26,10,4,6,8.4,120.5,104.1,16.4,8.3,2.50,17.2,13.1,14.9,14.0,6.9,73.5,73.3,11.9,96.95,11.7,171
358,Greg Brown III,POR,20,10,6,4,4.5,77.4,107.8,-30.5,21.7,2.50,16.7,9.3,16.7,13.0,6.7,35.0,34.7,21.2,109.73,7.2,106
359,Josh Green,DAL,21,10,4,6,5.2,115.8,85.5,30.4,8.9,2.00,21.1,8.3,12.7,10.7,10.5,46.2,46.2,11.3,109.15,6.2,120
360,KZ Okpala,MIA,22,10,7,3,6.3,85.2,108.6,-23.4,8.1,0.00,12.5,7.1,13.6,10.1,0.0,32.4,41.4,14.5,97.72,5.9,128
361,Kelly Olynyk,DET,30,10,2,8,22.9,104.8,112.2,-7.4,16.7,1.53,15.4,5.3,20.0,11.9,10.1,53.1,55.1,23.2,100.94,11.7,482
362,Markieff Morris,MIA,32,10,7,3,18.7,116.7,107.1,9.5,10.2,1.17,14.3,7.2,7.3,7.3,12.2,51.4,53.3,19.0,99.51,5.5,384
363,Miye Oni,UTA,24,10,9,1,3.0,78.7,127.0,-48.3,18.8,3.00,33.3,0.0,11.8,6.3,11.1,20.0,18.4,9.0,99.68,-0.9,61
364,Mychal Mulder,ORL,27,10,1,9,10.9,90.9,107.0,-16.0,1.6,0.33,2.0,1.3,6.8,3.7,6.0,36.7,38.1,18.5,101.27,1.2,232
365,Quentin Grimes,NYK,21,10,5,5,6.3,99.2,109.8,-10.5,2.6,0.33,5.3,3.0,8.8,6.0,15.8,50.0,50.0,12.2,100.16,2.2,131
366,Talen Horton-Tucker,LAL,21,10,5,5,28.8,105.0,108.5,-3.4,13.1,1.73,16.6,2.3,14.6,8.5,9.6,42.5,47.5,19.2,102.75,6.6,616
367,Willy Hernangomez,NOP,27,10,3,7,12.9,114.0,118.8,-4.7,19.5,1.42,19.8,12.5,29.5,21.0,14.0,70.0,71.9,21.8,102.96,17.0,278
368,Aaron Wiggins,OKC,22,9,1,8,14.4,104.5,101.1,3.4,11.1,1.43,26.3,0.7,9.6,5.1,18.4,61.1,61.7,9.2,99.30,3.7,266
369,Brandon Boston Jr.,LAC,20,9,5,4,9.1,93.4,102.2,-8.8,7.1,1.00,9.3,1.1,11.0,5.8,9.3,42.2,47.0,18.8,106.01,7.6,182
370,Coby White,CHI,21,9,5,4,17.5,106.7,102.7,4.0,10.3,1.50,14.0,0.7,13.7,7.3,9.3,40.5,41.6,20.4,99.97,4.1,328
371,Dillon Brooks,MEM,25,9,5,4,24.6,111.3,101.2,10.0,13.5,1.00,10.4,3.0,9.6,6.3,10.4,46.4,51.8,31.6,104.26,9.0,479
372,Frank Kaminsky,PHX,28,9,8,1,20.1,105.5,96.0,9.6,10.5,2.60,14.1,6.0,14.4,10.5,5.4,58.3,63.5,18.5,105.45,14.1,398
373,Georgios Kalaitzakis,MIL,22,9,7,2,5.3,82.0,127.2,-45.2,0.0,0.00,0.0,8.5,7.7,8.1,21.1,54.5,53.5,17.1,101.94,0.3,100
374,Justin Champagnie,TOR,20,9,5,4,4.0,111.8,108.3,3.5,3.8,0.00,9.1,10.7,10.8,10.8,0.0,25.0,41.0,9.8,97.85,3.3,76
375,Michael Porter Jr.,DEN,23,9,5,4,29.4,104.5,94.7,9.8,8.5,1.42,12.6,3.5,17.2,10.8,8.9,40.8,41.6,19.2,100.33,7.4,556
376,Nerlens Noel,NYK,27,9,4,5,24.1,112.8,106.2,6.6,3.8,0.60,12.8,10.2,14.1,12.3,21.3,51.9,59.8,8.3,99.01,6.3,444
377,Rodney McGruder,DET,30,9,0,9,5.3,105.0,87.5,17.5,9.4,3.00,15.8,3.6,9.1,6.0,5.3,42.9,47.0,13.9,102.35,6.6,101
378,Zeke Nnaji,DEN,20,9,5,4,12.1,118.7,112.1,6.6,1.4,0.20,2.0,8.7,21.3,14.7,9.8,69.2,68.9,20.7,94.84,11.3,214
379,Ben McLemore,POR,28,8,4,4,10.3,85.6,104.5,-18.8,12.5,1.00,10.9,2.1,4.5,3.3,10.9,61.8,64.9,20.3,104.90,10.6,181
380,Day'Ron Sharpe,BKN,20,8,4,4,4.5,80.0,81.7,-1.7,0.0,0.00,0.0,21.1,27.3,23.9,24.0,55.9,54.7,28.7,98.43,17.1,75
381,Ed Davis,CLE,32,8,4,4,9.4,93.3,113.2,-20.0,2.2,0.33,6.7,4.9,34.3,18.4,20.0,70.0,68.9,8.1,96.11,10.8,149
382,Elfrid Payton,PHX,27,8,6,2,12.1,102.4,108.0,-5.6,28.4,2.38,28.4,5.1,13.3,9.4,11.9,47.2,48.1,19.8,105.16,9.7,212
383,Garrison Mathews,HOU,25,8,4,4,25.5,117.5,103.0,14.5,2.6,2.00,5.6,3.5,6.3,5.0,2.8,65.6,67.4,14.0,101.74,6.5,428
384,Jericho Sims,NYK,23,8,4,4,6.7,97.4,92.0,5.4,0.0,0.00,0.0,3.3,18.2,11.0,28.6,100.0,94.5,5.3,101.08,11.1,115
385,Killian Tillie,MEM,23,8,3,5,8.5,108.4,100.7,7.7,3.8,1.00,7.1,5.7,4.9,5.4,7.1,43.5,44.0,15.3,100.40,3.2,143
386,Marvin Bagley III,SAC,22,8,3,5,17.5,110.3,107.1,3.1,6.0,1.00,11.1,6.0,23.0,13.7,11.1,52.6,54.3,13.9,96.28,10.7,282
387,Moses Brown,DAL,22,8,4,4,4.0,98.6,95.9,2.7,0.0,0.00,0.0,6.9,19.4,13.3,28.6,83.3,68.3,17.9,108.56,4.2,72
388,Nathan Knight,MIN,24,8,5,3,2.6,85.1,74.5,10.6,30.0,1.50,23.1,4.2,13.8,9.4,15.4,100.0,93.1,18.9,108.99,26.2,47
389,Robin Lopez,ORL,33,8,1,7,15.2,98.8,114.2,-15.4,11.6,0.89,13.1,8.3,7.2,7.8,14.8,59.5,61.3,18.5,97.80,7.6,248
390,Saben Lee,DET,22,8,0,8,11.6,106.7,101.0,5.6,17.5,2.20,22.0,1.0,12.4,6.3,10.0,37.9,41.9,17.3,100.99,7.6,195
391,Serge Ibaka,LAC,32,8,4,4,13.1,94.4,103.3,-8.8,13.3,1.33,14.5,6.5,16.4,11.7,10.9,40.8,43.4,19.3,97.92,5.7,216
392,Bruno Fernando,BOS,23,7,4,3,1.9,51.6,124.1,-72.5,16.7,0.50,33.3,0.0,5.6,3.0,66.7,0.0,0.0,5.9,109.74,-3.8,31
393,Isaac Bonga,TOR,22,7,3,4,4.8,87.8,94.4,-6.6,8.7,2.00,20.0,2.1,4.4,3.3,10.0,16.7,21.8,8.9,103.50,0.9,74
394,Jabari Parker,BOS,26,7,2,5,10.8,103.8,113.2,-9.4,9.1,0.80,11.1,3.8,17.3,10.6,13.9,64.6,69.4,18.3,100.64,11.1,159
395,Jahmi'us Ramsey,SAC,20,7,1,6,6.6,126.5,118.2,8.3,5.3,0.00,11.1,0.0,0.0,0.0,0.0,39.3,41.2,14.7,101.78,0.7,98
396,Jake Layman,MIN,27,7,4,3,4.9,92.4,103.9,-11.5,0.0,0.00,0.0,2.3,9.5,5.8,16.7,35.0,35.0,12.8,108.94,2.1,79
397,Jalen Johnson,ATL,19,7,5,2,2.7,85.1,104.5,-19.4,0.0,0.00,0.0,0.0,31.3,14.3,0.0,60.0,64.3,22.4,113.65,17.1,47
398,James Bouknight,CHA,21,7,4,3,1.8,57.7,137.0,-79.3,40.0,0.00,22.2,9.1,9.1,9.1,0.0,0.0,14.5,25.9,102.29,-2.8,26
399,Jarrett Culver,MEM,22,7,3,4,9.1,117.4,105.4,12.0,22.0,5.50,26.8,2.6,16.1,8.2,4.9,58.0,57.9,19.0,98.74,13.6,132
400,Jay Scrubb,LAC,21,7,3,4,6.9,108.3,100.0,8.3,12.1,4.00,12.5,0.0,7.8,4.0,3.1,50.0,50.2,22.8,108.46,8.6,108
401,Jock Landale,SAS,26,7,4,3,3.0,125.0,78.3,46.7,13.3,2.00,16.7,11.1,0.0,4.8,8.3,81.3,80.5,20.4,101.81,14.1,44
402,Jose Alvarado,NOP,23,7,1,6,5.4,128.2,88.6,39.6,28.1,0.00,39.1,4.3,7.7,5.9,0.0,46.2,48.9,14.1,109.65,10.9,85
403,Kevin Pangos,CLE,28,7,5,2,3.1,72.1,126.7,-54.6,20.0,0.67,22.2,5.3,0.0,2.6,33.3,50.0,51.5,14.6,98.52,-0.6,43
404,Matt Thomas,CHI,27,7,5,2,4.2,78.5,110.9,-32.5,0.0,0.00,0.0,0.0,6.7,3.3,0.0,28.1,28.1,22.9,104.67,-0.4,65
405,Rudy Gay,UTA,35,7,5,2,18.9,126.6,104.0,22.7,10.2,1.67,14.1,2.5,20.9,12.7,8.5,69.0,69.9,19.9,101.00,12.9,278
406,Skylar Mays,ATL,24,7,5,2,2.7,85.1,104.5,-19.4,11.1,0.50,10.0,0.0,12.5,5.7,20.0,90.0,97.2,18.4,113.65,14.6,47
407,Tacko Fall,CLE,25,7,2,5,2.8,100.0,90.0,10.0,0.0,0.00,0.0,5.9,23.5,14.7,20.0,50.0,39.9,10.0,104.19,4.5,44
408,Usman Garuba,HOU,19,7,1,6,6.4,110.4,90.5,19.9,16.7,3.00,27.3,11.5,24.0,17.6,9.1,42.9,42.9,14.5,102.59,12.8,96
409,Anthony Gill,WAS,29,6,2,4,5.5,105.5,89.9,15.6,5.3,1.00,9.1,10.5,11.6,11.1,9.1,83.3,83.3,12.0,103.76,14.2,73
410,Elijah Hughes,UTA,23,6,5,1,2.8,75.7,129.7,-54.1,0.0,0.00,0.0,0.0,4.5,3.0,25.0,0.0,34.7,10.5,107.21,-3.2,37
411,Gabriel Deck,OKC,26,6,2,4,7.5,100.0,112.1,-12.1,10.7,1.50,17.6,1.9,7.5,4.8,11.8,54.2,54.2,12.4,105.98,6.0,99
412,Jalen Smith,PHX,21,6,5,1,5.4,91.2,86.1,5.1,0.0,0.00,0.0,11.4,21.3,17.1,7.1,36.4,49.2,17.7,103.73,15.4,68
413,Kai Jones,CHA,20,6,4,2,1.4,52.9,129.4,-76.5,0.0,0.00,0.0,0.0,14.3,7.7,75.0,100.0,100.0,22.2,99.90,0.0,17
414,Marcus Morris Sr.,LAC,32,6,1,5,27.5,102.1,113.6,-11.6,10.9,1.33,14.6,1.1,11.1,5.8,11.0,38.1,40.6,18.0,99.75,3.0,340
415,Miles McBride,NYK,21,6,3,3,1.4,36.8,126.3,-89.5,50.0,0.00,10.0,6.7,0.0,5.0,0.0,11.1,11.1,36.0,107.99,-20.5,19
416,Sam Merrill,MEM,25,6,2,4,9.6,101.6,112.7,-11.1,10.8,2.00,12.9,1.2,10.7,5.0,6.5,47.9,48.5,17.8,99.60,5.4,122
417,Goran Dragic,TOR,35,5,1,4,17.9,93.8,105.2,-11.5,18.0,9.00,18.4,1.9,14.8,7.4,2.0,44.1,52.1,17.2,102.69,12.6,192
418,Isaiah Jackson,IND,19,5,2,3,6.0,91.8,98.4,-6.6,0.0,0.00,0.0,9.4,16.2,13.0,7.7,36.4,37.9,18.8,99.70,0.0,61
419,Joshua Primo,SAS,18,5,4,1,5.1,133.3,123.1,10.3,8.0,0.00,28.6,4.5,7.7,6.3,0.0,110.0,110.0,8.3,96.01,10.0,51
420,Kevin Knox II,NYK,22,5,2,3,3.7,85.7,123.1,-37.4,9.1,0.50,11.1,7.4,0.0,5.3,22.2,50.0,51.0,15.1,105.75,0.0,42
421,Patrick Williams,CHI,20,5,4,1,24.9,104.6,99.2,5.3,3.3,1.50,10.3,0.8,8.0,4.3,6.9,63.0,66.6,9.3,101.27,5.6,262
422,Petr Cornelie,DEN,26,5,0,5,4.2,104.4,77.3,27.2,20.0,1.50,25.0,17.2,16.7,17.0,16.7,28.6,28.6,16.4,102.61,3.7,45
423,Sharife Cooper,ATL,20,5,5,0,2.2,66.7,100.0,-33.3,66.7,4.00,44.4,0.0,0.0,0.0,11.1,25.0,25.0,17.9,111.93,4.7,27
424,Ish Wainright,PHX,27,4,4,0,2.9,111.5,55.2,56.4,22.2,2.00,33.3,11.1,4.5,6.5,16.7,33.3,33.3,12.9,112.84,2.0,26
425,Marcus Garrett,MIA,23,4,4,0,2.4,104.8,95.2,9.5,25.0,0.00,66.7,0.0,10.0,5.6,0.0,0.0,0.0,4.8,104.28,2.7,21
426,Nic Claxton,BKN,22,4,2,2,18.9,98.8,108.9,-10.1,6.0,1.00,10.0,3.6,21.1,12.6,10.0,55.0,54.3,15.1,105.73,9.3,164
427,Trendon Watford,POR,21,4,1,3,4.6,77.5,117.9,-40.4,37.5,3.00,25.0,0.0,12.5,5.0,8.3,37.5,35.5,19.6,102.21,9.6,40
428,Udoka Azubuike,UTA,22,4,3,1,2.0,71.4,75.0,-3.6,0.0,0.00,0.0,12.5,30.0,22.2,50.0,100.0,100.0,11.8,91.22,22.5,14
429,Udonis Haslem,MIA,41,4,3,1,4.2,91.9,77.8,14.1,9.1,0.00,14.3,5.3,21.1,13.2,0.0,50.0,50.0,13.3,103.46,12.3,37
430,Yuta Watanabe,TOR,27,4,2,2,16.6,108.2,100.7,7.5,3.7,2.00,7.7,6.6,9.0,7.8,3.8,50.0,50.8,14.0,106.55,5.5,146
431,Chandler Hutchison,PHX,25,3,2,1,3.2,95.8,62.5,33.3,14.3,0.33,20.0,0.0,23.5,15.4,60.0,100.0,100.0,14.8,121.35,14.0,24
432,Eugene Omoruyi,DAL,24,3,1,2,5.3,102.9,91.7,11.2,18.2,0.00,22.2,12.5,25.0,18.8,0.0,50.0,51.8,17.5,107.85,13.3,35
433,Isaiah Todd,WAS,20,3,0,3,2.4,107.7,57.1,50.5,0.0,0.00,0.0,0.0,12.5,6.7,0.0,60.0,59.5,42.9,88.56,27.5,13
434,Jamorko Pickett,DET,23,3,0,3,2.9,94.4,52.9,41.5,0.0,0.00,0.0,0.0,0.0,0.0,50.0,150.0,150.0,10.5,98.05,9.3,18
435,Joel Ayayi,WAS,21,3,0,3,2.1,100.0,50.0,50.0,50.0,0.00,100.0,0.0,14.3,7.1,0.0,0.0,0.0,0.0,87.39,17.6,11
436,Keon Johnson,LAC,19,3,1,2,5.3,145.5,102.9,42.6,12.5,2.00,22.2,7.1,12.5,10.0,11.1,0.0,34.7,18.4,103.17,1.8,33
437,Louis King,SAC,22,3,1,2,16.5,96.2,107.5,-11.3,3.6,0.00,4.0,0.0,13.2,5.9,0.0,42.9,49.8,19.8,103.34,6.9,106
438,Malik Fitts,UTA,24,3,3,0,2.3,73.3,100.0,-26.7,0.0,0.00,0.0,0.0,22.2,15.4,0.0,0.0,0.0,0.0,109.19,8.5,15
439,Paul Watson,OKC,26,3,0,3,23.6,95.3,120.9,-25.6,6.0,1.50,15.0,2.5,11.7,7.0,10.0,21.4,23.5,10.4,100.56,0.8,149
440,Vit Krejci,OKC,21,3,1,2,3.0,75.0,80.0,-5.0,0.0,0.00,0.0,0.0,37.5,12.5,25.0,0.0,34.7,15.4,104.99,8.0,20
441,Vlatko Cancar,DEN,24,3,1,2,7.6,106.1,122.4,-16.3,26.7,2.00,30.8,4.2,0.0,2.6,15.4,80.0,81.4,16.1,103.69,8.9,49
442,Brodric Thomas,BOS,24,2,1,1,1.1,0.0,116.7,-116.7,0.0,0.00,0.0,33.3,0.0,14.3,100.0,0.0,0.0,14.3,130.61,-9.1,6
443,Devon Dotson,CHI,22,2,1,1,6.3,103.7,88.5,15.2,30.0,3.00,42.9,0.0,26.3,16.7,14.3,33.3,33.3,13.8,100.69,11.9,27
444,Didi Louzada,NOP,22,2,0,2,3.5,92.9,113.3,-20.5,20.0,0.00,25.0,18.2,0.0,12.5,0.0,0.0,0.0,18.8,100.38,-3.2,14
445,Duane Washington Jr.,IND,21,2,1,1,2.2,100.0,154.5,-54.5,0.0,0.00,0.0,0.0,100,20.0,0.0,83.3,83.3,25.0,121.71,15.9,11
446,JT Thor,CHA,19,2,2,0,1.0,0.0,100.0,-100.0,0.0,0.00,0.0,0.0,0.0,0.0,0.0,0.0,0.0,0.0,109.92,0.0,4
447,JaQuori McLaughlin,DAL,23,2,1,1,2.7,100.0,123.1,-23.1,40.0,0.00,66.7,0.0,0.0,0.0,0.0,0.0,0.0,6.7,113.80,4.1,13
448,Jeff Dowtin,GSW,24,2,2,0,2.9,84.6,100.0,-15.4,0.0,0.00,0.0,0.0,33.3,16.7,0.0,0.0,0.0,7.7,104.96,0.0,13
449,Joe Wieskamp,SAS,22,2,2,0,2.5,162.5,200.0,-37.5,0.0,0.00,0.0,0.0,0.0,0.0,0.0,150.0,150.0,9.1,81.87,9.2,8
450,Keljin Blevins,POR,26,2,1,1,4.1,73.7,116.7,-43.0,0.0,0.00,0.0,0.0,12.5,5.3,25.0,50.0,50.0,18.2,108.07,3.8,19
451,Kessler Edwards,BKN,21,2,1,1,5.9,92.6,72.0,20.6,0.0,0.00,0.0,6.3,16.7,10.7,14.3,66.7,66.7,21.2,106.51,17.3,27
452,RJ Nembhard Jr.,CLE,22,2,0,2,1.6,75.0,71.4,3.6,100,0.00,50.0,0.0,33.3,14.3,0.0,100.0,100.0,11.1,110.20,40.0,8
453,Sam Hauser,BOS,23,2,2,0,2.5,28.6,128.6,-100.0,0.0,0.00,0.0,0.0,12.5,6.3,0.0,0.0,0.0,12.5,135.62,-8.3,14
454,Sekou Doumbouya,LAL,20,2,0,2,8.2,108.3,40.5,67.8,0.0,0.00,0.0,11.1,18.2,15.0,16.7,68.8,71.7,28.6,106.94,37.6,36
455,Aaron Henry,PHI,22,1,1,0,2.1,40.0,160.0,-120.0,0.0,0.00,0.0,0.0,0.0,0.0,0.0,0.0,0.0,14.3,116.13,-10.0,5
456,Brook Lopez,MIL,33,1,1,0,28.2,117.2,115.3,2.0,0.0,0.00,0.0,5.7,12.0,8.3,0.0,44.4,44.4,12.9,99.69,4.4,58
457,Daishen Nix,HOU,19,1,1,0,1.9,40.0,120.0,-80.0,100,0.00,100.0,0.0,0.0,0.0,0.0,0.0,0.0,0.0,129.73,20.0,5
458,David Johnson,TOR,20,1,1,0,0.5,0.0,300.0,-300.0,0.0,0.00,0.0,0.0,0.0,0.0,0.0,0.0,0.0,0.0,153.74,0.0,2
459,DeJon Jarreau,IND,23,1,0,1,0.9,200.0,100.0,100.0,0.0,0.00,0.0,0.0,0.0,0.0,0.0,0.0,0.0,0.0,111.41,0.0,2
460,DeMarcus Cousins,MIL,31,1,1,0,14.6,150.0,121.9,28.1,6.7,0.00,16.7,6.7,23.1,14.3,0.0,70.0,70.0,13.9,105.21,10.9,32
461,Devontae Cacok,SAS,25,1,1,0,1.8,200.0,100.0,100.0,100,0.00,50.0,100,50.0,66.7,0.0,100.0,100.0,33.3,68.57,56.3,2
462,Jaden Springer,PHI,19,1,1,0,2.1,40.0,160.0,-120.0,0.0,0.00,0.0,0.0,0.0,0.0,0.0,0.0,0.0,0.0,116.13,0.0,5
463,Jay Huff,LAL,24,1,0,1,8.1,122.2,27.8,94.4,12.5,0.00,50.0,14.3,8.3,10.5,0.0,0.0,0.0,5.0,107.33,7.1,18
464,Marko Simonovic,CHI,22,1,0,1,6.7,64.3,53.8,10.4,0.0,0.00,0.0,0.0,8.3,4.8,33.3,0.0,26.6,20.0,96.24,-9.5,14
465,McKinley Wright IV,MIN,23,1,1,0,4.1,90.0,166.7,-76.7,0.0,0.00,0.0,0.0,0.0,0.0,50.0,150.0,150.0,18.2,110.32,8.0,10
466,Robert Woodard II,SAC,22,1,0,1,3.2,160.0,80.0,80.0,0.0,0.00,0.0,0.0,0.0,0.0,0.0,0.0,0.0,0.0,75.79,0.0,5
467,Sam Dekker,TOR,27,1,1,0,0.9,0.0,250.0,-250.0,0.0,0.00,0.0,0.0,0.0,0.0,0.0,0.0,0.0,0.0,105.88,0.0,2
468,Tyler Cook,CHI,24,1,0,1,12.0,124.0,132.0,-8.0,20.0,2.00,28.6,0.0,20.0,11.8,14.3,66.7,77.3,18.5,100.00,10.7,25
469,Vernon Carey Jr.,CHA,20,1,1,0,0.8,0.0,0.0,0.0,0.0,0.00,0.0,0.0,100,50.0,0.0,0.0,0.0,100.0,90.19,0.0,1
470,Wayne Selden,NYK,27,1,1,0,1.0,0.0,66.7,-66.7,0.0,0.00,0.0,0.0,0.0,0.0,0.0,0.0,0.0,0.0,147.95,0.0,3
471,Yves Pons,MEM,22,1,0,1,2.8,33.3,100.0,-66.7,0.0,0.00,0.0,14.3,0.0,11.1,0.0,0.0,0.0,11.1,96.00,-8.3,6
