,PLAYER,TEAM,AGE,GP,W,L,MIN,PTS,FGM,FGA,FG%,3PM,3PA,3P%,FTM,FTA,FT%,OREB,DREB,REB,AST,TOV,STL,BLK,PF,FP,DD2,TD3,+/-
0,Kevin Durant,BKN,33,20,14,6,35.8,28.6,10.4,19.2,53.9,1.9,4.8,38.9,6.0,7.0,86.3,0.5,7.1,7.5,5.6,3.0,0.7,0.7,1.4,46.9,6,1,4.2
1,Stephen Curry,GSW,33,20,17,3,34.3,27.8,9.2,20.3,45.2,5.4,13.1,41.2,4.1,4.4,94.3,0.6,5.1,5.7,6.6,3.2,1.8,0.6,1.8,48.3,6,1,13.4
2,Giannis Antetokounmpo,MIL,26,21,14,7,32.7,27.6,9.8,18.4,53.2,1.1,4.1,27.6,6.9,10.2,67.3,1.9,10.0,11.8,6.0,3.2,1.1,1.7,2.9,56.0,13,0,9.6
3,Trae Young,ATL,23,22,12,10,33.9,26.3,9.3,19.9,46.6,2.7,6.9,38.8,5.0,5.6,89.5,0.6,3.2,3.8,9.1,3.8,0.9,0.1,1.7,43.7,10,0,3.6
4,DeMar DeRozan,CHI,32,23,15,8,35.1,26.3,9.3,18.8,49.5,0.8,2.5,32.8,6.8,7.6,89.7,0.7,4.6,5.3,4.1,2.0,1.0,0.4,2.3,40.8,1,0,6.4
5,Paul George,LAC,31,21,11,10,35.5,25.9,9.5,22.0,43.1,2.9,8.8,33.2,4.0,4.5,89.5,0.4,6.9,7.3,5.1,4.3,1.8,0.4,2.6,44.6,5,0,0.5
6,LeBron James,LAL,36,11,7,4,37.0,25.8,9.6,19.9,48.4,2.9,8.5,34.4,3.6,4.8,75.5,0.5,4.7,5.2,6.8,3.7,1.8,0.7,2.3,46.2,3,0,0.0
7,Nikola Jokic,DEN,26,16,9,7,32.7,25.7,10.0,17.3,58.0,1.6,4.3,38.2,4.1,5.4,75.6,2.6,11.1,13.8,6.4,3.2,1.2,0.8,2.8,54.7,13,2,8.7
8,Luka Doncic,DAL,22,17,11,6,34.7,25.6,9.6,21.3,45.0,2.8,8.2,34.3,3.6,5.5,66.7,0.8,7.2,7.9,8.6,4.5,1.2,0.6,2.3,48.9,11,2,-4.8
9,Zach LaVine,CHI,26,23,15,8,34.7,25.4,9.3,19.2,48.8,2.9,7.4,38.8,3.8,4.4,87.1,0.4,4.9,5.3,3.8,2.7,0.5,0.3,1.5,37.3,0,0,1.8
10,Jayson Tatum,BOS,23,22,12,10,36.6,24.4,8.6,21.7,39.7,2.7,8.4,31.9,4.4,5.5,80.8,1.1,7.7,8.9,3.6,2.6,1.0,0.8,2.6,43.0,8,0,3.3
11,Anthony Davis,LAL,28,22,11,11,35.7,24.3,9.7,18.7,51.8,0.4,2.1,19.6,4.5,6.2,72.8,2.9,7.1,10.0,3.0,2.0,1.3,2.3,2.3,49.6,10,0,-3.0
12,Ja Morant,MEM,22,19,9,10,32.6,24.1,8.9,18.8,47.6,1.6,4.6,35.6,4.6,5.9,77.7,1.3,4.3,5.6,6.8,3.2,1.6,0.3,1.3,43.4,4,0,-4.4
13,Karl-Anthony Towns,MIN,26,22,11,11,34.3,24.0,8.5,16.8,50.8,2.6,5.9,44.2,4.3,5.2,81.7,2.9,6.2,9.0,3.1,3.5,1.1,1.0,3.6,42.5,11,0,2.7
14,Jimmy Butler,MIA,32,17,11,6,34.2,23.6,7.9,15.3,51.9,0.4,1.8,20.0,7.4,8.6,85.0,1.6,4.2,5.8,5.3,1.9,2.1,0.3,1.7,43.8,3,1,2.6
15,Devin Booker,PHX,25,21,18,3,32.2,23.2,8.6,18.7,45.8,2.4,5.9,40.3,3.7,4.3,85.7,0.9,4.0,4.9,4.5,2.7,0.9,0.2,2.3,36.6,0,0,5.4
16,Donovan Mitchell,UTA,25,20,13,7,32.2,23.2,8.7,20.1,43.4,2.9,9.0,32.2,2.9,3.3,87.9,1.0,3.3,4.3,5.1,2.9,1.9,0.2,2.6,39.2,0,0,7.5
17,Bradley Beal,WAS,28,19,11,8,36.0,22.7,8.7,20.1,43.5,1.7,6.3,26.9,3.6,4.0,89.5,0.9,4.2,5.1,6.2,3.8,1.0,0.3,2.2,38.3,1,0,0.8
18,Anthony Edwards,MIN,20,22,11,11,36.4,22.1,8.2,19.1,42.8,3.0,8.7,34.9,2.7,3.5,76.9,1.5,5.0,6.5,3.5,3.2,1.5,0.7,2.4,38.7,3,0,3.5
19,Joel Embiid,PHI,27,12,8,4,32.2,22.0,6.6,16.2,40.7,1.4,3.5,40.5,7.4,9.8,75.4,2.2,8.8,10.9,4.2,2.8,0.9,1.7,2.4,46.3,5,0,4.8
20,Brandon Ingram,NOP,24,17,6,11,34.3,21.8,8.2,18.6,44.2,1.8,4.6,38.0,3.6,4.2,84.7,0.8,5.4,6.2,4.3,3.3,0.2,0.4,2.0,34.1,1,0,-4.5
21,Tyler Herro,MIA,21,19,11,8,33.7,21.7,8.3,18.5,45.0,2.9,7.4,39.3,2.2,2.5,87.5,0.7,4.8,5.5,3.8,2.9,0.5,0.1,1.3,32.9,1,0,3.8
22,Damian Lillard,POR,31,20,10,10,35.7,21.5,7.3,18.4,39.7,2.8,9.1,30.2,4.1,4.5,91.1,0.4,3.6,4.0,7.8,2.6,0.7,0.4,1.4,38.4,6,0,1.6
23,Jaylen Brown,BOS,25,13,6,7,32.8,21.4,7.8,16.8,46.3,2.4,6.5,36.5,3.5,4.5,76.3,0.5,4.8,5.2,2.2,2.4,1.1,0.5,2.7,33.2,0,0,4.4
24,Shai Gilgeous-Alexander,OKC,23,19,6,13,34.9,21.2,7.4,17.9,41.1,2.1,6.8,30.0,4.4,5.6,78.5,0.6,4.5,5.1,4.5,2.4,1.1,0.6,2.1,36.5,0,0,-5.2
25,Malcolm Brogdon,IND,28,19,7,12,35.4,21.0,7.5,16.4,46.0,2.0,6.2,32.5,3.9,4.5,87.2,0.9,4.9,5.8,6.1,2.3,0.9,0.6,2.1,39.2,4,1,2.2
26,James Harden,BKN,32,21,15,6,35.5,21.0,6.0,14.4,41.6,2.7,7.5,36.3,6.2,7.0,89.7,1.0,6.9,8.0,9.3,5.0,1.5,0.8,2.4,46.2,13,4,2.6
27,Russell Westbrook,LAL,33,23,12,11,36.2,20.7,7.7,17.3,44.5,1.3,4.4,30.7,4.0,5.8,68.4,1.3,6.9,8.2,8.6,4.7,1.3,0.2,3.1,43.1,11,5,-2.0
28,CJ McCollum,POR,30,23,11,12,35.4,20.4,8.0,18.7,42.6,3.2,8.1,39.6,1.3,1.9,69.8,1.1,3.1,4.3,4.4,1.9,1.1,0.7,2.0,35.7,0,0,-1.7
29,Fred VanVleet,TOR,27,22,10,12,38.3,20.3,7.2,16.2,44.5,3.2,8.1,39.3,2.6,3.0,86.6,0.8,4.4,5.2,6.2,3.2,1.5,0.6,2.6,39.2,2,0,2.7
30,De'Aaron Fox,SAC,23,23,9,14,34.8,20.3,7.5,17.3,43.2,1.2,4.3,27.3,4.1,5.5,74.8,0.6,3.0,3.5,5.5,3.0,1.3,0.5,2.8,35.2,1,0,-3.9
31,Jerami Grant,DET,27,21,4,17,33.1,20.1,6.6,16.0,41.1,1.8,5.5,33.0,5.2,6.2,83.8,1.0,3.8,4.8,2.5,2.0,1.2,1.0,2.2,34.0,1,0,-7.7
32,OG Anunoby,TOR,24,15,7,8,37.3,20.1,7.6,17.7,43.0,2.7,7.5,36.6,2.2,2.7,82.5,1.6,3.8,5.4,2.7,1.7,1.5,0.6,2.7,35.4,1,0,0.0
33,LaMelo Ball,CHA,20,24,13,11,33.3,20.0,7.3,17.3,41.8,2.9,7.5,39.1,2.6,2.9,90.0,1.5,6.2,7.7,8.3,3.3,1.9,0.4,3.1,45.4,10,2,2.0
34,Julius Randle,NYK,27,22,11,11,35.4,19.9,7.3,16.9,43.1,1.7,5.2,32.5,3.7,5.0,74.3,1.9,8.3,10.2,5.2,3.4,0.7,0.7,2.9,40.7,12,0,-3.5
35,Cole Anthony,ORL,21,17,5,12,34.2,19.9,6.9,16.4,42.1,2.7,7.5,35.9,3.4,3.9,86.6,0.5,6.3,6.8,5.9,2.8,1.1,0.2,2.5,38.0,4,0,-0.6
36,Miles Bridges,CHA,23,24,13,11,36.2,19.9,7.4,16.2,45.6,2.2,6.7,32.3,3.0,3.9,75.5,1.3,6.1,7.5,3.1,1.8,1.2,1.0,2.7,38.2,3,0,2.2
37,Kristaps Porzingis,DAL,26,15,8,7,30.3,19.7,7.1,15.5,45.9,1.7,5.5,30.1,3.7,4.3,87.5,2.3,5.7,8.0,1.9,1.4,0.9,1.7,2.3,38.4,5,0,-2.1
38,Tobias Harris,PHI,29,14,6,8,34.1,19.2,7.8,16.4,47.6,1.2,4.1,29.8,2.4,2.9,82.9,1.0,7.2,8.2,3.7,1.7,0.4,0.5,1.4,35.7,3,0,-0.3
39,Harrison Barnes,SAC,29,19,7,12,35.0,19.0,5.8,12.1,47.8,1.9,4.9,39.8,5.5,6.5,84.6,1.4,5.8,7.2,2.4,2.1,1.0,0.2,1.4,32.6,4,0,-3.4
40,D'Angelo Russell,MIN,25,20,11,9,32.6,18.9,6.6,17.0,38.9,2.9,8.8,32.4,2.9,3.5,81.4,0.5,3.4,3.9,6.2,2.6,0.9,0.8,2.2,35.2,1,0,7.1
41,Dejounte Murray,SAS,25,20,7,13,34.7,18.9,8.0,18.0,44.3,1.3,4.0,31.6,1.8,2.5,70.0,0.8,7.6,8.4,8.3,2.3,2.0,0.5,2.0,46.5,10,3,2.4
42,Jonas Valanciunas,NOP,29,24,6,18,31.3,18.8,7.1,14.2,50.3,1.3,2.6,48.4,3.3,3.8,86.8,3.4,8.8,12.1,2.4,2.0,0.6,0.8,3.1,39.1,17,0,-4.4
43,Bam Adebayo,MIA,24,18,10,8,32.9,18.7,7.0,13.5,51.9,0.0,0.1,0.0,4.7,6.2,75.9,2.7,7.4,10.2,3.2,2.9,1.1,0.3,3.3,37.1,9,0,1.6
44,Andrew Wiggins,GSW,26,21,18,3,30.3,18.6,7.0,14.2,49.0,1.9,5.0,37.1,2.8,3.9,72.8,1.1,3.3,4.5,1.6,1.7,0.9,0.6,1.6,28.9,0,0,7.0
45,Jordan Poole,GSW,22,21,18,3,30.4,18.5,6.7,14.6,45.6,2.9,8.2,34.7,2.3,2.6,90.7,0.3,2.9,3.1,3.3,2.5,1.1,0.2,2.9,28.8,0,0,6.0
46,Darius Garland,CLE,21,20,11,9,34.6,18.5,7.0,15.3,45.8,2.6,7.1,35.9,2.0,2.3,84.8,0.4,2.2,2.6,7.2,3.8,1.2,0.1,1.7,32.1,5,0,4.8
47,Pascal Siakam,TOR,27,12,3,9,33.2,18.1,6.8,14.7,46.6,1.3,3.9,31.9,3.2,4.3,74.5,2.0,5.2,7.2,3.8,2.3,0.8,0.9,3.5,35.1,2,0,-1.5
48,Terry Rozier,CHA,27,19,10,9,32.9,17.7,6.5,15.2,42.9,2.6,7.4,35.0,2.1,2.4,87.0,0.6,2.9,3.5,3.6,1.4,1.3,0.5,1.4,31.5,0,0,-1.3
49,Dillon Brooks,MEM,25,9,5,4,24.6,17.6,6.3,15.3,41.3,1.6,5.0,31.1,3.3,3.7,90.9,0.8,2.6,3.3,2.2,2.2,1.4,0.2,3.3,27.7,0,0,5.1
50,Domantas Sabonis,IND,25,24,9,15,33.9,17.5,6.8,12.0,56.3,0.8,2.8,28.8,3.2,4.4,73.3,3.1,8.8,11.9,4.0,3.1,1.0,0.3,3.4,38.9,17,1,2.3
51,Tyrese Maxey,PHI,21,22,11,11,35.6,17.5,6.5,14.0,46.8,1.2,3.2,36.6,3.2,3.6,88.8,0.4,3.5,3.9,4.9,1.2,0.7,0.6,2.4,32.2,0,0,1.0
52,Khris Middleton,MIL,30,15,11,4,30.5,17.5,6.1,14.7,41.2,2.0,5.9,34.1,3.3,3.9,86.2,0.4,5.0,5.4,4.7,2.9,1.3,0.2,1.8,32.7,0,0,4.0
53,Reggie Jackson,LAC,31,22,11,11,33.3,17.3,6.5,16.4,39.9,2.8,8.4,33.5,1.4,1.7,81.6,0.6,3.0,3.6,3.8,1.9,0.7,0.1,1.7,27.8,1,0,1.6
54,Gordon Hayward,CHA,31,24,13,11,33.8,17.3,6.1,13.2,46.2,1.8,4.4,40.6,3.3,3.9,84.9,0.9,4.0,4.9,3.5,1.9,0.9,0.6,1.8,30.9,1,0,-0.5
55,Bojan Bogdanovic,UTA,32,21,14,7,30.1,16.9,5.6,12.2,46.1,2.4,6.0,39.7,3.3,3.6,92.0,0.8,3.3,4.1,1.9,1.6,0.4,0.0,1.3,24.4,0,0,6.4
56,Dennis Schroder,BOS,28,21,11,10,33.1,16.9,6.1,14.1,43.4,1.5,4.5,33.0,3.1,3.5,89.0,0.8,3.0,3.8,4.8,2.8,1.0,0.0,2.4,28.8,0,0,1.1
57,Gary Trent Jr.,TOR,22,21,10,11,34.4,16.9,6.2,14.8,41.9,2.6,7.2,36.2,1.9,2.0,92.9,0.5,2.8,3.3,1.7,1.0,2.0,0.4,2.1,29.7,0,0,-0.1
58,Norman Powell,POR,28,19,9,10,29.1,16.8,5.7,11.7,48.9,2.0,4.5,44.2,3.4,4.1,83.1,0.4,2.2,2.5,1.5,1.1,0.9,0.4,1.9,25.1,0,0,0.2
59,Luguentz Dort,OKC,22,21,6,15,32.4,16.8,5.8,13.4,43.1,2.3,7.2,32.5,3.0,3.5,84.9,0.7,3.3,4.0,2.0,1.7,0.9,0.3,2.8,26.4,0,0,-8.4
60,Montrezl Harrell,WAS,27,22,14,8,26.7,16.6,6.3,9.5,65.7,0.1,0.3,28.6,4.0,5.2,76.5,2.7,5.5,8.1,2.3,1.2,0.5,0.7,2.0,32.3,6,0,3.6
61,John Collins,ATL,24,22,12,10,32.2,16.5,6.4,11.2,57.1,1.1,2.7,40.0,2.5,3.3,77.8,1.7,6.0,7.7,2.2,1.0,0.8,1.4,2.8,34.6,5,0,5.0
62,Jarrett Allen,CLE,23,19,12,7,33.1,16.3,6.7,9.5,70.6,0.1,0.2,25.0,2.9,4.4,65.5,3.4,7.9,11.3,1.8,2.1,0.9,1.2,1.6,36.8,12,0,2.9
63,Seth Curry,PHI,31,20,10,10,34.0,16.3,5.9,11.5,51.3,2.3,5.3,42.5,2.2,2.4,91.7,0.5,2.4,2.9,2.6,1.7,0.9,0.1,2.4,24.7,0,0,1.4
64,Buddy Hield,SAC,28,23,9,14,29.1,16.2,5.4,14.0,38.9,3.7,10.2,36.8,1.6,1.9,81.8,0.8,3.5,4.3,2.3,1.6,0.6,0.2,2.1,25.6,0,0,-2.1
65,Deandre Ayton,PHX,23,16,13,3,30.6,16.1,7.4,11.6,63.4,0.1,0.3,20.0,1.3,2.3,55.6,3.1,8.4,11.5,1.3,1.6,0.9,0.6,2.4,34.8,10,0,2.8
66,Will Barton,DEN,30,19,9,10,33.5,16.1,6.2,13.7,45.2,2.5,6.4,38.8,1.2,1.6,71.0,0.6,4.7,5.3,4.2,1.8,0.9,0.4,1.2,31.0,0,0,1.6
67,Christian Wood,HOU,26,21,5,16,31.6,16.0,6.1,13.1,46.4,1.5,4.5,34.0,2.3,4.0,57.1,1.8,9.4,11.2,2.2,1.9,0.5,1.0,2.4,35.6,11,0,-6.1
68,Collin Sexton,CLE,22,11,7,4,28.8,16.0,6.2,13.7,45.0,1.0,4.1,24.4,2.6,3.5,74.4,1.2,2.1,3.3,2.1,2.8,0.9,0.0,2.3,23.0,0,0,-2.7
69,Jaren Jackson Jr.,MEM,22,22,12,10,26.6,16.0,5.4,12.7,42.5,2.3,6.1,37.3,2.9,3.3,87.5,1.2,4.4,5.6,1.0,1.5,0.9,2.1,3.3,31.5,0,0,3.7
70,Jordan Clarkson,UTA,29,21,14,7,25.1,15.3,5.4,14.3,38.0,2.7,8.9,29.9,1.8,2.2,82.6,0.8,2.4,3.2,2.1,1.3,0.7,0.2,1.6,23.8,0,0,7.7
71,Desmond Bane,MEM,23,22,12,10,28.4,15.3,5.9,12.6,46.6,2.5,6.4,39.0,1.1,1.2,88.9,0.5,3.5,4.0,2.0,1.5,0.8,0.4,2.5,25.2,0,0,1.0
72,Kelly Oubre Jr.,CHA,25,24,13,11,27.3,15.3,5.7,12.6,45.0,2.7,7.1,37.6,1.3,1.9,68.9,1.2,2.7,3.9,1.0,1.0,0.9,0.3,2.6,24.0,0,0,0.2
73,Scottie Barnes,TOR,20,21,8,13,35.6,15.3,6.2,12.7,48.9,0.7,1.9,37.5,2.2,3.0,73.0,3.0,5.2,8.1,3.3,2.1,1.2,0.8,2.7,34.0,3,0,-2.5
74,Nikola Vucevic,CHI,31,16,11,5,33.1,15.3,6.3,14.5,43.1,1.6,4.5,36.1,1.1,1.8,64.3,1.8,9.1,10.9,4.1,1.7,1.0,1.1,2.4,39.0,9,0,6.4
75,Jrue Holiday,MIL,31,17,12,5,31.4,15.2,6.2,14.1,43.9,1.8,5.1,34.9,1.1,1.8,63.3,0.7,3.9,4.6,6.1,2.6,1.4,0.5,2.1,32.8,1,0,8.0
76,Richaun Holmes,SAC,28,20,7,13,27.9,15.2,6.4,8.9,71.9,0.1,0.2,50.0,2.3,2.8,81.8,2.8,7.0,9.8,1.3,1.6,0.3,1.0,3.1,31.2,8,0,-1.0
77,Rudy Gobert,UTA,29,21,14,7,31.4,15.1,5.4,7.4,73.1,0.0,0.0,0.0,4.3,6.4,66.7,2.9,11.6,14.5,1.0,1.9,1.0,2.1,2.6,41.4,16,0,7.0
78,Bobby Portis,MIL,26,18,11,7,27.9,15.1,5.7,12.1,47.2,1.8,4.3,42.3,1.8,2.2,80.0,2.7,5.8,8.4,1.3,1.6,0.7,0.9,2.7,30.3,7,0,2.0
79,Keldon Johnson,SAS,22,20,7,13,31.5,14.9,5.8,12.4,47.0,1.2,2.8,41.1,2.2,3.3,66.2,1.1,5.4,6.5,2.0,1.4,1.0,0.2,1.7,27.7,2,0,0.7
80,Jalen Brunson,DAL,25,19,11,8,28.5,14.6,5.7,11.5,49.8,1.2,3.3,35.5,2.0,2.5,79.2,0.4,3.6,4.0,4.9,1.5,0.8,0.1,1.8,27.8,3,0,2.6
81,Lauri Markkanen,CLE,24,13,7,6,31.1,14.5,5.1,12.5,40.5,2.2,6.8,33.0,2.2,2.5,87.5,1.3,4.8,6.2,1.2,0.8,1.0,0.6,1.5,27.7,1,0,1.2
82,Evan Mobley,CLE,20,18,12,6,33.7,14.5,5.7,11.6,49.0,0.7,1.9,34.3,2.5,3.2,77.6,1.6,6.6,8.2,2.6,1.9,0.9,1.9,2.1,34.7,5,0,2.4
83,Chris Paul,PHX,36,22,19,3,32.3,14.4,5.1,10.6,47.9,1.0,3.0,34.8,3.2,3.7,85.4,0.3,3.8,4.0,10.2,2.3,2.1,0.3,2.0,39.4,11,0,5.2
84,Carmelo Anthony,LAL,37,23,12,11,28.7,14.3,4.9,11.2,43.6,2.7,6.3,42.1,2.0,2.3,83.3,0.7,3.0,3.7,0.9,0.8,0.8,0.7,2.4,23.6,0,0,0.4
85,Cade Cunningham,DET,20,17,4,13,31.4,14.1,5.2,14.1,37.1,2.1,7.2,28.7,1.6,1.9,84.4,1.0,5.3,6.3,4.6,3.7,1.2,0.6,2.5,30.5,3,1,-4.6
86,Spencer Dinwiddie,WAS,28,19,12,7,29.8,14.1,4.8,12.1,40.2,2.0,5.7,35.2,2.4,2.7,88.5,0.7,4.5,5.2,5.5,1.6,0.3,0.2,2.1,28.5,3,0,-1.1
87,Tim Hardaway Jr.,DAL,29,20,11,9,32.6,14.1,5.1,13.0,39.0,2.5,7.1,34.5,1.6,2.1,73.8,0.3,3.4,3.7,2.4,0.6,1.0,0.1,2.1,24.7,0,0,-2.5
88,Aaron Gordon,DEN,26,21,10,11,32.1,14.0,5.4,10.4,52.1,1.0,2.9,34.4,2.2,3.0,74.2,1.9,4.3,6.1,2.3,1.5,0.5,0.8,2.0,27.3,2,0,4.9
89,RJ Barrett,NYK,21,21,11,10,31.2,14.0,5.1,13.0,39.7,1.6,5.0,32.1,2.1,3.1,69.2,0.6,5.3,5.9,2.1,1.7,0.4,0.3,2.1,24.8,1,0,-1.8
90,Jalen Green,HOU,19,18,2,16,30.8,14.0,4.8,12.7,38.2,1.8,6.4,27.8,2.6,3.2,80.7,0.4,2.7,3.1,2.3,2.7,0.6,0.2,1.6,21.0,0,0,-13.8
91,Devonte' Graham,NOP,26,21,5,16,30.8,14.0,4.7,12.4,37.9,2.7,7.8,35.0,1.8,2.3,79.2,0.6,1.7,2.3,4.7,1.9,1.3,0.2,1.5,26.3,0,0,-1.4
92,Caris LeVert,IND,27,16,7,9,26.7,13.9,5.7,13.9,40.8,1.2,4.6,25.7,1.4,1.9,73.3,0.4,2.5,2.9,2.9,1.4,0.7,0.4,2.1,23.7,0,0,5.6
93,Nickeil Alexander-Walker,NOP,23,24,6,18,28.9,13.9,5.1,14.0,36.7,2.0,6.9,29.5,1.6,2.0,79.2,1.1,3.0,4.1,2.6,1.4,1.0,0.4,1.8,25.6,2,0,-4.3
94,Ricky Rubio,CLE,31,22,12,10,29.2,13.8,4.5,12.6,36.0,2.0,5.5,35.2,2.8,3.2,85.9,0.5,3.6,4.0,6.3,3.0,1.3,0.1,2.3,29.3,3,0,4.8
95,Grayson Allen,MIL,26,23,14,9,29.0,13.8,4.7,10.3,45.6,3.1,7.3,42.6,1.3,1.4,87.9,0.6,3.3,3.8,1.4,0.7,0.7,0.3,1.7,22.5,0,0,5.4
96,Mike Conley,UTA,34,19,14,5,28.2,13.6,4.9,9.9,50.0,2.5,5.7,43.5,1.3,1.5,85.7,0.2,1.6,1.8,5.3,1.7,1.1,0.3,2.0,26.2,1,0,6.3
97,LaMarcus Aldridge,BKN,36,20,14,6,22.6,13.6,5.8,10.2,57.1,0.5,1.2,37.5,1.5,1.9,78.9,1.5,4.4,5.9,0.9,0.7,0.3,1.2,1.6,25.7,1,0,3.3
98,Franz Wagner,ORL,20,23,5,18,31.6,13.4,5.2,11.9,43.6,1.4,3.9,36.0,1.7,2.2,78.0,1.3,3.0,4.3,2.5,1.2,1.1,0.5,2.4,26.0,0,0,-3.9
99,Wendell Carter Jr.,ORL,22,23,5,18,28.7,13.3,5.2,10.0,51.9,1.4,4.0,36.3,1.4,2.0,68.1,2.0,7.5,9.5,2.2,1.3,0.7,0.6,2.6,30.6,10,0,-3.4
100,Evan Fournier,NYK,29,22,11,11,28.6,13.2,4.8,11.5,41.5,2.6,6.7,39.5,1.0,1.4,76.7,0.5,2.3,2.8,1.6,1.3,1.0,0.2,1.6,21.2,0,0,-3.2
101,Kevin Porter Jr.,HOU,21,18,5,13,30.9,13.1,4.5,12.4,36.2,1.8,5.8,31.7,2.3,3.7,62.1,0.9,3.7,4.6,5.8,4.1,1.4,0.3,2.3,28.4,3,0,-3.2
102,Chris Duarte,IND,24,22,9,13,29.5,13.0,5.2,12.4,41.8,2.0,5.5,35.8,0.7,1.1,66.7,0.5,3.6,4.0,2.0,1.8,0.9,0.1,1.9,22.3,0,0,1.7
103,Kyle Kuzma,WAS,26,22,14,8,32.8,13.0,4.8,11.4,42.4,2.0,5.8,35.4,1.4,2.1,63.8,1.0,7.9,8.9,2.8,2.2,0.6,0.7,2.3,29.7,8,0,-2.6
104,Eric Gordon,HOU,32,18,5,13,29.4,13.0,4.6,10.3,44.6,2.2,5.2,41.9,1.6,2.4,67.4,0.2,1.8,2.0,2.6,2.3,0.6,0.6,0.9,20.7,0,0,-2.8
105,Mikal Bridges,PHX,25,22,19,3,34.8,12.6,5.2,9.6,54.0,1.3,3.3,39.7,1.0,1.1,84.0,0.7,3.2,3.9,1.9,0.8,1.6,0.6,2.3,25.9,0,0,8.5
106,Jakob Poeltl,SAS,26,13,5,8,28.8,12.6,5.9,9.5,62.6,0.0,0.0,0.0,0.8,2.4,32.3,4.5,4.8,9.3,2.0,1.4,0.6,1.5,2.7,31.6,5,0,-0.4
107,Myles Turner,IND,25,23,9,14,28.7,12.6,4.5,8.7,52.3,1.8,4.6,40.0,1.7,2.4,70.9,1.6,6.0,7.7,1.0,1.3,0.6,2.8,2.4,32.1,6,0,3.0
108,Kelly Olynyk,DET,30,10,2,8,22.9,12.5,4.5,9.8,45.9,1.4,4.1,34.1,2.1,3.5,60.0,1.3,4.0,5.3,2.3,1.5,1.4,0.7,2.7,27.1,1,0,-3.7
109,Jusuf Nurkic,POR,27,23,11,12,24.7,12.4,4.8,8.2,58.2,0.2,0.7,23.5,2.7,3.6,75.6,2.6,8.0,10.6,2.3,1.9,1.2,0.5,2.9,31.8,9,0,2.0
110,Derrick Rose,NYK,33,19,9,10,23.7,12.4,4.8,10.5,45.7,1.5,3.6,40.6,1.4,1.4,96.3,0.7,2.2,2.8,3.8,1.4,0.9,0.6,0.7,24.7,0,0,5.8
111,Jae'Sean Tate,HOU,26,21,5,16,27.8,12.4,4.9,9.6,50.7,0.7,2.6,25.9,2.0,2.6,77.8,2.1,4.5,6.6,2.5,1.9,0.8,0.7,3.1,26.6,4,0,-5.2
112,Al Horford,BOS,35,19,11,8,28.8,12.4,4.5,9.8,46.0,1.3,4.2,30.4,2.1,2.4,84.8,1.6,6.7,8.3,3.2,1.2,0.7,1.8,2.4,33.5,8,0,-0.8
113,Saddiq Bey,DET,22,22,4,18,32.1,12.3,4.5,13.0,35.1,1.8,6.2,28.7,1.5,2.0,74.4,2.0,4.1,6.1,2.5,1.4,1.0,0.2,1.7,25.5,1,0,-8.5
114,Lonzo Ball,CHI,24,23,15,8,34.7,12.3,4.5,10.9,41.4,3.0,7.0,42.9,0.3,0.3,75.0,0.8,4.4,5.2,4.9,2.3,1.7,0.8,2.6,31.2,2,1,3.9
115,Jalen Suggs,ORL,20,21,4,17,27.7,12.3,4.1,12.2,33.9,1.2,4.9,25.5,2.8,3.6,76.3,0.8,2.6,3.4,3.6,3.2,1.1,0.4,2.8,23.2,0,0,-4.5
116,Kyle Lowry,MIA,35,20,12,8,33.8,12.3,4.3,10.2,41.7,1.9,6.1,30.6,1.9,2.1,90.5,0.6,4.3,4.8,7.6,2.9,1.2,0.3,2.8,30.8,4,1,2.9
117,Patty Mills,BKN,33,21,15,6,27.9,12.2,4.3,9.4,45.7,3.1,6.6,47.8,0.5,0.5,90.9,0.3,1.5,1.8,2.5,0.8,0.5,0.2,1.4,19.4,0,0,6.9
118,Derrick White,SAS,27,20,7,13,31.2,12.1,4.5,11.5,39.3,1.6,5.1,30.4,1.6,1.9,81.6,0.6,3.0,3.6,5.2,1.5,1.2,1.0,2.2,29.1,1,0,-2.7
119,Anfernee Simons,POR,22,22,11,11,23.0,12.0,4.5,9.9,45.9,2.0,5.4,38.1,0.8,0.9,94.7,0.5,2.1,2.6,2.2,1.1,0.5,0.2,1.6,19.2,0,0,0.6
120,Clint Capela,ATL,27,22,12,10,29.8,11.9,5.4,9.1,58.7,0.0,0.0,0.0,1.2,2.3,52.0,3.9,8.6,12.5,1.3,0.6,1.0,1.5,2.5,35.6,15,0,2.4
121,Monte Morris,DEN,26,21,10,11,29.7,11.9,5.2,11.0,47.4,1.2,3.9,31.7,0.3,0.5,60.0,0.3,2.3,2.6,4.2,1.4,0.7,0.1,1.7,22.5,0,0,4.4
122,Shake Milton,PHI,25,17,9,8,25.2,11.9,4.6,10.1,45.9,0.9,2.9,30.0,1.7,1.9,90.6,0.6,2.5,3.1,2.9,1.1,0.7,0.4,2.0,22.3,0,0,-1.2
123,Pat Connaughton,MIL,28,23,14,9,28.8,11.9,4.3,8.8,49.0,2.6,6.3,41.0,0.7,1.0,72.7,0.8,4.1,4.9,1.5,0.9,1.0,0.3,1.5,23.2,0,0,-0.5
124,Kemba Walker,NYK,31,18,10,8,24.5,11.7,4.2,9.8,42.9,2.1,5.1,41.3,1.1,1.4,80.0,0.1,2.4,2.6,3.1,1.3,1.1,0.3,1.1,22.0,0,0,-6.8
125,Cedi Osman,CLE,26,17,10,7,22.2,11.6,4.1,8.6,46.9,2.5,5.9,43.0,1.0,1.4,70.8,0.4,2.5,2.9,1.6,0.8,0.7,0.2,1.6,19.5,0,0,0.6
126,Devin Vassell,SAS,21,18,5,13,25.0,11.6,4.4,9.5,46.8,1.8,4.7,38.8,0.9,1.2,72.7,0.5,3.2,3.7,1.4,0.7,1.2,0.7,2.0,22.9,0,0,-0.1
127,Bogdan Bogdanovic,ATL,29,20,11,9,28.2,11.6,4.5,10.0,44.7,2.2,5.5,39.1,0.6,0.7,78.6,0.4,3.2,3.6,2.5,0.9,0.7,0.2,1.9,21.2,0,0,2.8
128,Cam Reddish,ATL,22,21,11,10,22.5,11.5,4.0,9.6,41.3,1.6,4.2,38.2,2.0,2.2,89.1,0.9,2.0,2.8,0.9,1.3,1.1,0.2,1.4,18.7,0,0,-2.5
129,Tyrese Haliburton,SAC,21,21,9,12,33.2,11.5,4.5,10.5,42.7,1.5,4.2,36.4,1.0,1.3,75.0,1.0,2.7,3.7,5.5,1.8,1.8,0.7,1.1,29.8,2,0,-2.3
130,Alec Burks,NYK,30,22,11,11,24.0,11.4,3.5,8.5,41.9,2.1,4.8,43.4,2.2,2.7,81.4,0.4,3.6,4.0,2.0,0.8,1.2,0.3,2.1,22.9,0,0,1.7
131,Joe Harris,BKN,30,14,10,4,30.2,11.3,4.0,8.9,45.2,2.9,6.3,46.6,0.4,0.4,83.3,0.4,3.6,4.0,1.0,1.1,0.5,0.1,2.2,18.4,0,0,1.1
132,Georges Niang,PHI,28,22,11,11,24.7,11.3,4.0,9.4,42.7,2.1,5.6,37.1,1.2,1.3,92.9,0.3,2.4,2.7,1.6,0.8,0.6,0.3,2.6,18.9,0,0,2.7
133,Garrison Mathews,HOU,25,8,4,4,25.5,11.3,3.6,7.6,47.5,2.8,6.6,41.5,1.3,1.6,76.9,0.9,1.8,2.6,0.5,0.3,0.4,0.3,2.9,16.8,0,0,6.6
134,Kentavious Caldwell-Pope,WAS,28,22,14,8,29.4,11.2,3.9,9.1,42.8,2.1,5.4,38.7,1.3,1.5,87.5,0.6,3.0,3.7,1.5,1.1,1.4,0.4,1.8,22.0,0,0,-1.2
135,Kevin Love,CLE,33,14,6,8,20.3,11.1,3.6,8.7,41.0,1.6,4.6,35.9,2.4,2.5,94.3,1.1,6.4,7.5,2.0,1.0,0.3,0.3,1.2,23.9,2,0,3.1
136,Josh Hart,NOP,26,19,5,14,30.1,11.1,4.1,8.4,48.8,0.8,2.4,32.6,2.1,2.4,84.8,1.0,5.3,6.3,3.8,1.4,0.9,0.4,2.8,26.9,2,0,-3.8
137,Marcus Smart,BOS,27,21,12,9,34.8,10.9,3.8,9.9,38.6,1.4,5.0,28.8,1.9,2.5,75.0,0.5,3.4,4.0,5.8,1.9,2.1,0.3,2.2,29.7,0,0,4.9
138,Talen Horton-Tucker,LAL,21,10,5,5,28.8,10.9,4.0,10.6,37.7,1.0,3.5,28.6,1.9,2.0,95.0,0.7,4.4,5.1,2.6,1.5,0.9,0.6,3.3,23.9,1,0,-2.0
139,Rudy Gay,UTA,35,7,5,2,18.9,10.9,3.7,7.1,52.0,2.4,4.6,53.1,1.0,1.4,70.0,0.4,4.4,4.9,1.4,0.9,0.1,0.3,1.3,19.3,0,0,9.0
140,Doug McDermott,SAS,29,13,4,9,25.3,10.8,4.2,9.1,45.8,2.1,4.8,42.9,0.5,0.7,66.7,0.5,1.8,2.4,1.3,0.6,0.2,0.0,1.2,15.5,0,0,-2.2
141,De'Andre Hunter,ATL,24,11,3,8,27.8,10.8,4.5,10.1,45.0,1.4,3.5,39.5,0.4,0.9,40.0,0.4,2.4,2.7,0.6,1.3,0.6,0.3,2.9,16.5,0,0,-2.5
142,Mo Bamba,ORL,23,22,5,17,29.8,10.7,4.3,9.5,45.0,1.4,4.2,32.6,0.8,1.1,70.8,2.5,6.8,9.3,1.8,1.4,0.8,2.2,2.8,32.1,9,0,-7.1
143,Frank Kaminsky,PHX,28,9,8,1,20.1,10.6,4.0,7.3,54.5,0.6,1.7,33.3,2.0,2.2,90.0,1.2,3.3,4.6,1.4,0.6,0.9,0.8,1.6,22.6,0,0,4.3
144,De'Anthony Melton,MEM,23,19,11,8,24.7,10.5,4.0,9.7,41.1,1.8,5.1,36.5,0.6,0.8,75.0,0.9,3.4,4.3,2.5,1.4,1.4,0.6,1.6,24.0,0,0,1.4
145,Duncan Robinson,MIA,27,22,13,9,28.5,10.4,3.6,10.4,34.9,2.9,9.0,31.8,0.2,0.4,62.5,0.4,3.2,3.6,1.4,0.8,0.8,0.3,3.1,19.3,0,0,1.0
146,Josh Giddey,OKC,19,20,6,14,29.4,10.4,4.3,11.0,39.1,0.9,3.5,25.7,0.9,1.3,65.4,1.6,5.6,7.2,5.8,2.8,1.0,0.7,1.8,29.8,3,0,-7.6
147,P.J. Washington,CHA,23,12,6,6,23.4,10.3,3.7,7.5,48.9,1.9,4.0,47.9,1.0,1.3,75.0,1.2,3.5,4.7,1.8,1.4,0.7,1.0,1.7,22.1,0,0,-2.2
148,Malik Beasley,MIN,25,22,11,11,25.4,10.2,3.5,10.2,34.8,2.5,7.6,32.9,0.6,0.9,70.0,0.4,2.6,3.0,1.5,0.7,0.7,0.1,1.0,17.7,0,0,-3.8
149,Ivica Zubac,LAC,24,22,11,11,24.4,10.1,3.8,5.7,66.7,0.0,0.0,0.0,2.5,3.2,76.1,2.6,5.6,8.2,1.2,1.1,0.4,0.8,1.9,24.3,6,0,-2.1
150,JaVale McGee,PHX,33,22,19,3,15.9,10.1,4.4,6.5,67.4,0.0,0.0,0.0,1.3,2.0,63.6,2.2,4.7,7.0,0.6,1.7,0.3,0.9,2.5,21.3,3,0,4.3
151,Cameron Payne,PHX,27,17,16,1,17.8,10.0,3.5,8.7,39.9,1.1,3.4,32.8,1.9,2.4,82.5,0.3,2.4,2.6,2.9,1.6,0.6,0.3,1.6,18.6,0,0,2.5
152,Luke Kennard,LAC,25,22,11,11,27.8,10.0,3.5,8.5,41.7,2.4,5.8,41.7,0.5,0.5,91.7,0.2,3.0,3.2,2.0,0.8,0.8,0.1,1.5,18.6,0,0,4.6
153,Terance Mann,LAC,25,21,10,11,28.3,10.0,3.7,8.0,45.8,1.0,3.0,34.9,1.6,2.0,81.0,1.4,3.6,5.0,2.6,1.2,0.7,0.1,2.3,21.1,2,0,2.4
154,Malik Monk,LAL,23,23,12,11,24.2,9.9,3.7,8.1,45.5,1.7,4.7,35.8,0.8,1.0,82.6,0.3,2.3,2.6,2.2,1.3,0.7,0.3,1.4,17.8,0,0,2.8
155,Michael Porter Jr.,DEN,23,9,5,4,29.4,9.9,4.1,11.4,35.9,1.1,5.3,20.8,0.6,1.0,55.6,1.0,5.6,6.6,1.9,1.3,1.1,0.2,1.8,23.3,1,0,6.4
156,Justin Holiday,IND,32,23,9,14,28.1,9.9,3.6,9.0,39.8,2.4,6.7,35.7,0.3,0.5,72.7,0.3,2.6,2.8,1.7,0.9,0.5,0.3,2.1,17.3,0,0,1.3
157,Kevin Huerter,ATL,23,21,11,10,25.9,9.9,4.0,8.5,47.8,1.5,4.0,36.9,0.3,0.4,75.0,0.3,3.1,3.4,2.3,1.2,0.4,0.2,1.7,18.1,0,0,3.8
158,Lonnie Walker IV,SAS,22,20,7,13,22.2,9.9,3.7,10.0,36.7,1.5,5.2,27.9,1.1,1.4,81.5,0.1,2.9,3.0,2.6,1.3,0.7,0.4,1.4,19.2,0,0,0.7
159,Eric Bledsoe,LAC,31,22,11,11,27.9,9.8,3.6,8.6,42.1,0.9,3.1,27.9,1.7,2.0,82.2,0.7,3.5,4.3,3.4,2.2,1.4,0.5,1.7,23.4,1,0,-3.7
160,Nicolas Batum,LAC,32,14,9,5,27.6,9.8,3.6,6.9,52.1,2.3,5.2,43.8,0.4,0.7,50.0,0.5,5.0,5.5,1.5,0.8,1.1,0.8,1.2,23.6,0,0,1.3
161,Immanuel Quickley,NYK,22,22,11,11,20.8,9.7,3.2,8.0,39.8,1.8,4.9,36.4,1.5,1.7,91.9,0.5,1.8,2.3,2.5,1.0,0.6,0.0,1.8,17.0,0,0,4.9
162,Frank Jackson,DET,23,22,4,18,21.4,9.6,3.3,8.5,39.2,1.6,5.5,30.0,1.4,1.6,83.3,0.2,1.1,1.3,0.8,0.8,0.5,0.2,1.4,13.9,0,0,-3.6
163,Terrence Ross,ORL,30,22,5,17,24.8,9.6,3.4,8.8,38.1,1.3,4.5,29.6,1.6,2.0,77.8,0.2,1.8,2.0,2.0,1.4,0.5,0.2,1.1,15.7,0,0,-10.4
164,Jeff Green,DEN,35,21,10,11,23.9,9.6,3.3,7.1,46.3,0.8,2.6,30.9,2.2,2.8,79.3,0.4,2.2,2.6,1.1,0.9,0.2,0.4,1.9,15.4,0,0,-2.5
165,Robert Williams III,BOS,24,15,9,6,29.9,9.5,4.3,5.8,73.6,0.0,0.0,0.0,0.9,1.5,60.9,3.9,5.4,9.3,1.3,1.1,0.9,1.9,1.4,29.6,6,0,6.3
166,Davion Mitchell,SAC,23,23,9,14,25.5,9.4,3.7,9.8,38.1,1.2,4.1,28.7,0.7,1.1,65.4,0.7,2.0,2.7,3.4,1.1,0.8,0.2,2.3,19.7,0,0,-2.7
167,Daniel Gafford,WAS,23,19,12,7,21.1,9.3,4.0,6.0,66.7,0.0,0.0,0.0,1.3,1.9,69.4,2.1,3.8,5.9,1.1,1.1,0.6,2.1,2.4,24.8,3,0,-2.5
168,Josh Richardson,BOS,28,16,10,6,24.7,9.3,3.5,7.5,46.7,1.1,3.1,34.0,1.3,1.5,83.3,0.6,2.4,3.0,1.3,0.8,0.6,0.6,1.9,17.4,0,0,1.2
169,Cameron Johnson,PHX,25,22,19,3,22.6,9.2,3.3,7.7,42.6,2.0,4.8,40.6,0.7,1.0,69.6,0.4,3.0,3.3,1.2,0.6,0.7,0.3,1.3,17.3,0,0,2.9
170,Furkan Korkmaz,PHI,24,21,10,11,23.7,9.2,3.3,8.8,37.3,1.7,5.3,32.1,0.9,1.1,79.2,0.3,2.5,2.8,2.7,1.0,0.8,0.1,0.9,18.4,0,0,-0.7
171,Dorian Finney-Smith,DAL,28,20,11,9,30.9,9.0,3.3,7.7,43.1,1.7,4.8,35.4,0.7,1.1,61.9,1.8,2.6,4.4,1.4,0.9,1.5,0.5,2.2,21.1,0,0,-2.1
172,Damion Lee,GSW,29,15,13,2,21.0,8.9,3.3,7.5,43.8,1.3,3.6,35.2,1.1,1.4,81.0,0.3,2.5,2.9,1.2,0.7,0.2,0.1,1.3,14.5,0,0,3.9
173,Chimezie Metu,SAC,24,12,4,8,23.2,8.9,3.4,8.8,39.0,1.2,4.5,25.9,0.9,1.3,73.3,1.2,5.8,6.9,1.1,1.1,0.8,0.6,1.2,22.0,2,0,-1.7
174,Jae Crowder,PHX,31,22,19,3,27.7,8.7,3.0,7.8,37.8,1.8,5.4,33.9,1.0,1.3,78.6,0.5,4.2,4.7,1.4,0.8,1.2,0.5,2.3,20.7,0,0,5.5
175,Naz Reid,MIN,22,20,10,10,16.0,8.7,3.3,6.7,49.3,0.8,2.3,33.3,1.4,1.9,71.1,1.4,2.1,3.5,0.8,0.8,0.6,1.0,2.6,17.8,0,0,-3.4
176,Alex Caruso,CHI,27,22,15,7,29.5,8.6,2.9,6.5,44.1,1.0,3.0,32.3,1.9,2.2,85.7,1.0,2.9,3.9,4.3,1.5,2.3,0.4,2.8,26.1,1,0,5.5
177,Mike Muscala,OKC,30,16,5,11,14.6,8.6,2.7,5.9,45.3,1.7,3.9,43.5,1.5,1.9,80.0,0.4,2.9,3.3,0.6,0.4,0.4,0.6,1.3,15.9,0,0,0.1
178,Darius Bazley,OKC,21,22,6,16,27.3,8.5,3.2,9.1,34.8,1.0,3.6,27.5,1.1,1.8,62.5,1.0,5.5,6.5,1.4,1.5,0.7,1.1,0.8,22.3,1,0,-7.9
179,T.J. McConnell,IND,29,24,9,15,24.2,8.4,3.8,7.5,50.3,0.3,1.0,28.0,0.5,0.6,80.0,0.8,2.5,3.3,4.8,1.2,1.0,0.4,1.8,22.6,1,0,-2.4
180,Alperen Sengun,HOU,19,20,5,15,18.0,8.4,2.9,5.8,49.1,0.5,1.1,40.9,2.2,3.3,66.7,1.4,3.3,4.7,2.6,1.9,1.2,0.6,3.0,21.2,1,0,-3.7
181,Marcus Morris Sr.,LAC,32,6,1,5,27.5,8.3,3.2,9.8,32.2,1.2,4.8,24.1,0.8,1.0,83.3,0.3,3.2,3.5,2.0,1.5,0.5,0.7,3.0,17.5,0,0,-7.5
182,Nassir Little,POR,21,21,10,11,22.4,8.3,3.1,6.5,47.8,1.0,3.0,31.7,1.1,1.4,82.8,1.4,3.9,5.3,0.8,0.9,0.8,0.6,2.1,19.1,1,0,-0.8
183,Willy Hernangomez,NOP,27,10,3,7,12.9,8.2,3.4,5.0,68.0,0.2,0.2,100,1.2,1.6,75.0,1.6,3.8,5.4,1.7,1.2,0.4,0.2,1.9,17.8,1,0,-1.2
184,Draymond Green,GSW,31,20,17,3,30.1,8.2,3.3,5.9,55.1,0.3,1.0,31.6,1.4,2.3,60.0,1.3,6.7,8.0,7.7,3.2,1.1,0.9,2.7,32.0,2,0,7.0
185,Obi Toppin,NYK,23,22,11,11,15.3,8.1,3.2,5.9,54.3,0.3,1.5,17.6,1.5,2.0,75.0,1.0,2.5,3.5,1.0,1.0,0.4,0.7,1.6,16.1,0,0,4.1
186,Daniel Theis,HOU,29,16,2,14,23.2,8.1,3.1,6.5,48.1,0.9,2.9,29.8,1.0,1.4,72.7,1.1,3.9,4.9,0.8,1.3,0.4,0.6,2.5,17.0,1,0,-9.8
187,Patrick Beverley,MIN,33,16,8,8,25.4,8.1,3.1,6.7,45.8,1.2,3.5,33.9,0.8,1.1,70.6,1.4,2.9,4.4,4.5,1.2,0.9,1.0,3.1,24.5,1,0,2.7
188,Bones Hyland,DEN,21,15,8,7,15.8,8.0,2.7,6.9,38.5,1.7,4.7,35.2,1.0,1.1,93.8,0.3,1.6,1.9,1.7,0.9,0.7,0.2,1.7,14.8,0,0,-1.1
189,Brook Lopez,MIL,33,1,1,0,28.2,8.0,3.0,9.0,33.3,2.0,4.0,50.0,0.0,0.0,0.0,2.0,3.0,5.0,0.0,0.0,1.0,3.0,3.0,26.0,0,0,0.0
190,Goran Dragic,TOR,35,5,1,4,17.9,8.0,2.6,6.8,38.2,0.8,2.8,28.6,2.0,2.0,100,0.4,2.4,2.8,1.8,0.2,1.0,0.2,1.6,17.5,0,0,-4.4
191,Louis King,SAC,22,3,1,2,16.5,8.0,2.3,7.0,33.3,1.3,4.7,28.6,2.0,2.3,85.7,0.0,2.3,2.3,0.3,0.0,0.7,0.0,2.3,13.3,0,0,-4.3
192,Max Strus,MIA,25,15,10,5,21.4,8.0,2.8,6.5,42.9,1.9,4.9,38.4,0.5,0.9,61.5,0.2,3.1,3.3,1.0,0.6,0.5,0.1,1.5,14.6,0,0,1.9
193,Danilo Gallinari,ATL,33,19,10,9,20.7,7.9,2.5,6.7,37.8,1.3,3.5,37.3,1.6,1.7,90.9,0.6,3.2,3.7,1.2,0.5,0.5,0.2,1.2,16.0,0,0,-0.9
194,Maxi Kleber,DAL,29,11,6,5,21.9,7.9,2.7,5.8,46.9,1.5,3.9,39.5,0.9,1.1,83.3,1.2,3.8,5.0,0.9,0.4,0.5,1.1,2.1,19.5,1,0,0.6
195,Joe Ingles,UTA,34,21,14,7,24.9,7.9,2.8,6.0,45.7,2.0,4.9,40.8,0.4,0.4,88.9,0.5,2.6,3.0,3.2,1.0,0.6,0.1,1.7,17.5,0,0,5.5
196,Precious Achiuwa,TOR,22,20,10,10,26.3,7.9,3.3,8.7,37.9,0.4,1.3,28.0,1.0,1.8,54.3,2.3,5.7,8.0,1.6,1.1,0.5,0.6,2.6,22.0,3,0,0.3
197,Isaac Okoro,CLE,20,15,7,8,29.6,7.9,2.9,7.5,39.3,0.6,2.9,20.9,1.4,1.9,72.4,1.5,2.7,4.2,1.9,1.1,0.9,0.3,2.4,18.2,0,0,-0.7
198,Kyle Anderson,MEM,28,21,11,10,21.6,7.9,3.1,7.3,42.9,0.9,2.4,36.0,0.7,0.9,78.9,1.1,4.1,5.2,2.4,1.0,0.9,0.5,1.4,20.8,0,0,-7.2
199,Brandon Clarke,MEM,25,19,9,10,16.0,7.7,3.4,5.5,61.0,0.1,0.6,9.1,0.9,1.4,66.7,1.7,2.6,4.4,1.4,0.4,0.4,0.9,1.7,18.4,0,0,0.2
200,Otto Porter Jr.,GSW,28,19,16,3,18.8,7.7,2.7,5.6,47.7,1.7,4.0,43.4,0.6,0.8,75.0,0.8,3.9,4.7,1.2,0.7,0.9,0.4,1.2,18.4,1,0,6.4
201,George Hill,MIL,35,22,14,8,27.3,7.7,2.8,6.3,44.2,1.0,3.0,32.8,1.2,1.3,92.9,0.9,2.7,3.6,2.5,1.0,0.8,0.1,1.8,17.7,0,0,7.6
202,Markieff Morris,MIA,32,10,7,3,18.7,7.7,3.2,7.0,45.7,0.8,2.2,36.4,0.5,0.5,100,1.3,1.5,2.8,1.4,1.2,0.3,0.1,2.2,13.2,0,0,2.7
203,Cody Martin,CHA,26,22,13,9,24.6,7.7,2.8,5.9,47.7,0.9,1.9,47.6,1.1,1.6,71.4,1.3,2.9,4.1,2.2,0.4,1.3,0.5,1.7,21.2,0,0,0.5
204,Trey Lyles,DET,26,22,4,18,16.0,7.7,2.5,6.1,41.8,0.8,2.9,28.6,1.8,2.3,78.0,1.3,2.8,4.1,0.8,1.0,0.3,0.2,1.3,14.2,0,0,-1.5
205,Danny Green,PHI,34,15,6,9,23.1,7.7,2.7,5.7,46.5,2.1,4.9,41.9,0.3,0.3,100,0.7,1.7,2.3,1.1,0.9,1.6,0.7,1.9,18.0,0,0,3.7
206,Isaiah Stewart,DET,20,20,4,16,25.1,7.7,3.4,6.3,54.4,0.1,0.6,9.1,0.8,1.2,69.6,2.5,5.5,8.0,1.1,1.1,0.4,1.2,2.5,22.3,2,0,-7.4
207,Royce O'Neale,UTA,28,19,12,7,31.0,7.6,2.8,6.1,46.1,1.5,4.2,35.4,0.5,0.8,66.7,0.9,3.8,4.7,2.1,1.2,1.7,0.8,2.3,22.6,0,0,5.4
208,Landry Shamet,PHX,24,21,18,3,19.2,7.6,2.4,6.3,38.6,1.8,4.7,38.8,0.9,1.1,82.6,0.2,2.1,2.4,1.6,0.5,0.3,0.1,1.1,13.5,0,0,1.3
209,R.J. Hampton,ORL,20,23,5,18,18.6,7.4,2.6,6.4,40.8,1.0,2.6,40.0,1.2,2.1,56.3,0.3,2.9,3.2,2.3,1.5,0.5,0.2,1.4,15.4,0,0,-6.5
210,Jeremy Lamb,IND,29,17,5,12,13.7,7.4,2.3,5.5,41.5,1.2,2.9,40.8,1.6,1.6,100,0.3,2.3,2.6,1.1,0.5,0.5,0.4,1.1,14.3,0,0,0.4
211,Grant Williams,BOS,23,22,12,10,21.2,7.4,2.5,5.0,51.4,1.5,3.4,43.2,0.9,1.0,90.5,0.6,2.8,3.4,1.1,0.5,0.3,0.5,1.8,15.2,0,0,-1.2
212,Isaiah Hartenstein,LAC,23,21,11,10,15.7,7.4,3.1,4.8,64.4,0.1,0.1,66.7,1.1,1.7,63.9,2.0,3.1,5.1,1.6,1.0,0.9,1.1,2.3,20.8,1,0,3.0
213,Thaddeus Young,SAS,33,17,6,11,15.6,7.4,3.5,5.8,60.2,0.0,0.1,0.0,0.4,0.9,43.8,1.6,2.0,3.6,2.8,1.2,1.1,0.4,1.5,18.8,0,0,1.4
214,Josh Jackson,DET,24,19,3,16,19.0,7.3,2.6,6.5,40.7,0.8,3.0,28.1,1.2,1.7,69.7,0.6,2.9,3.5,1.7,1.2,0.4,0.5,1.7,15.6,0,0,-5.1
215,Raul Neto,WAS,29,21,13,8,19.7,7.3,2.9,6.4,45.5,0.4,1.6,23.5,1.1,1.6,69.7,0.1,1.8,2.0,2.4,1.3,0.8,0.0,1.8,14.4,0,0,0.7
216,Bruce Brown,BKN,25,18,12,6,23.6,7.2,3.2,6.4,49.1,0.4,1.2,31.8,0.5,0.7,75.0,0.9,2.9,3.9,1.1,0.7,1.3,0.5,2.1,18.3,0,0,-1.7
217,Svi Mykhailiuk,TOR,24,23,10,13,18.8,7.2,2.7,6.1,43.6,1.1,3.4,32.9,0.8,0.9,90.0,0.6,2.0,2.6,1.1,0.7,0.8,0.1,1.3,14.0,0,0,-2.0
218,Jordan Nwora,MIL,23,20,11,9,18.4,7.2,2.7,6.9,39.4,1.3,3.6,35.2,0.6,0.7,84.6,0.6,2.9,3.4,1.2,1.3,0.3,0.5,1.1,13.9,0,0,-2.0
219,Ty Jerome,OKC,24,19,6,13,14.3,7.2,2.4,6.1,40.0,1.1,3.4,30.8,1.3,1.5,82.8,0.3,0.9,1.2,1.2,0.5,0.7,0.1,1.3,12.4,0,0,-0.9
220,Tre Mann,OKC,20,14,4,10,15.3,7.1,2.7,6.6,40.9,0.9,2.6,33.3,0.8,1.1,68.8,0.5,1.2,1.7,0.3,0.9,0.5,0.4,1.4,11.3,0,0,-5.4
221,Terence Davis,SAC,24,15,6,9,15.4,7.1,2.7,7.4,36.9,1.1,4.4,25.8,0.5,0.7,63.6,0.2,2.1,2.3,0.8,1.1,0.7,0.3,2.0,13.2,0,0,1.3
222,Jeremiah Robinson-Earl,OKC,21,22,6,16,22.1,7.0,2.7,6.4,42.6,1.1,3.1,34.8,0.5,0.8,64.7,1.7,4.0,5.7,0.9,0.9,0.6,0.3,1.5,17.1,2,0,-6.3
223,DeMarcus Cousins,MIL,31,1,1,0,14.6,7.0,3.0,5.0,60.0,1.0,2.0,50.0,0.0,0.0,0.0,1.0,3.0,4.0,1.0,0.0,1.0,0.0,1.0,16.3,0,0,9.0
224,Kelan Martin,IND,26,17,8,9,16.7,7.0,2.9,7.0,42.0,0.8,2.9,26.5,0.4,0.5,66.7,0.6,1.3,1.9,1.0,0.6,0.5,0.4,1.3,12.8,0,0,-1.5
225,Mitchell Robinson,NYK,23,19,9,10,25.6,7.0,2.8,3.6,78.3,0.0,0.0,0.0,1.3,2.2,61.0,3.0,4.8,7.8,0.7,0.6,0.4,1.7,2.8,23.0,3,0,-3.7
226,Sekou Doumbouya,LAL,20,2,0,2,8.2,7.0,2.5,4.0,62.5,0.5,1.0,50.0,1.5,2.0,75.0,1.0,2.0,3.0,0.0,1.0,1.5,1.0,0.5,17.1,0,0,12.0
227,Hassan Whiteside,UTA,32,21,14,7,15.4,7.0,2.8,4.8,58.0,0.0,0.0,0.0,1.4,2.0,69.8,2.0,4.5,6.5,0.2,1.0,0.2,1.3,3.0,18.9,2,0,3.7
228,Chuma Okeke,ORL,23,17,4,13,21.2,6.9,2.5,6.7,37.7,0.7,3.1,22.6,1.2,1.4,87.0,0.6,3.5,4.1,1.2,0.8,0.7,0.2,1.4,15.7,0,0,-6.8
229,Khem Birch,TOR,29,15,7,8,22.9,6.9,2.7,5.3,50.0,0.0,0.4,0.0,1.6,2.2,72.7,3.2,2.5,5.7,1.3,0.6,1.0,0.5,1.8,19.5,0,0,1.3
230,P.J. Tucker,MIA,36,22,13,9,27.8,6.8,2.6,5.2,50.4,1.1,2.6,43.9,0.4,0.5,81.8,1.7,4.0,5.7,1.5,0.8,0.6,0.2,2.4,17.6,2,0,0.8
231,Kenyon Martin Jr.,HOU,20,20,5,15,15.6,6.8,2.9,5.3,53.8,0.4,1.5,27.6,0.7,1.1,66.7,0.6,2.6,3.1,1.0,0.5,0.5,0.5,0.9,14.3,0,0,-0.2
232,Mason Plumlee,CHA,31,20,12,8,26.1,6.8,3.0,5.0,59.6,0.0,0.0,0.0,0.9,2.6,34.6,2.6,4.7,7.3,2.8,1.2,0.9,1.0,3.0,24.0,3,0,-0.5
233,Kenrich Williams,OKC,27,19,6,13,20.2,6.8,2.6,5.8,45.0,0.7,2.1,33.3,0.8,1.5,57.1,1.1,2.5,3.5,1.7,0.8,0.7,0.2,1.7,15.4,0,0,-0.7
234,Zeke Nnaji,DEN,20,9,5,4,12.1,6.8,2.3,4.3,53.8,1.3,2.0,66.7,0.8,1.3,58.3,1.0,2.2,3.2,0.1,0.6,0.0,0.4,1.1,11.6,0,0,1.4
235,Gary Harris,ORL,27,17,3,14,24.8,6.8,2.8,7.2,39.0,0.8,3.2,24.1,0.4,0.4,85.7,0.8,1.2,1.9,1.8,1.1,0.7,0.1,1.8,13.2,0,0,-9.0
236,Isaiah Roby,OKC,23,12,1,11,13.3,6.8,2.6,4.9,52.5,0.4,1.3,33.3,1.2,1.4,82.4,1.0,1.8,2.8,0.8,0.7,0.3,0.4,1.3,12.6,0,0,-2.4
237,Robin Lopez,ORL,33,8,1,7,15.2,6.8,2.8,4.6,59.5,0.0,0.1,0.0,1.3,2.0,62.5,1.5,1.1,2.6,1.0,1.1,0.0,0.6,1.8,12.2,0,0,-4.6
238,Robert Covington,POR,30,23,11,12,26.5,6.7,2.4,5.9,41.2,1.7,4.5,37.5,0.1,0.1,100,0.5,4.0,4.5,1.2,1.0,1.0,1.0,2.1,18.9,0,0,-0.4
239,Wayne Ellington,LAL,34,15,7,8,20.8,6.7,2.2,5.5,40.2,2.0,5.1,39.5,0.3,0.3,100,0.2,1.4,1.6,0.7,0.4,0.4,0.1,1.0,10.9,0,0,-0.7
240,Patrick Williams,CHI,20,5,4,1,24.9,6.6,2.6,4.6,56.5,0.6,1.2,50.0,0.8,0.8,100,0.2,2.0,2.2,0.6,0.4,0.6,0.4,1.8,12.7,0,0,2.4
241,Andre Drummond,PHI,28,21,10,11,21.9,6.6,2.7,5.7,47.1,0.0,0.0,0.0,1.2,2.2,56.5,3.4,7.3,10.7,2.1,1.8,0.9,1.2,2.8,27.0,4,0,0.2
242,Cory Joseph,DET,30,22,4,18,21.5,6.5,2.2,5.2,42.6,0.5,1.8,30.8,1.5,1.9,82.9,0.3,1.5,1.8,3.5,1.4,0.8,0.2,1.5,15.7,0,0,-3.2
243,Steven Adams,MEM,28,22,12,10,24.2,6.5,2.4,4.8,50.5,0.0,0.0,0.0,1.7,2.5,70.4,3.5,4.5,8.0,2.7,1.5,0.8,0.8,1.7,23.6,1,0,0.5
244,Trey Burke,DAL,29,11,3,8,10.9,6.5,2.5,4.9,50.0,0.7,1.7,42.1,0.9,1.0,90.9,0.0,0.7,0.7,1.5,0.9,0.5,0.0,0.5,10.1,0,0,2.3
245,Bryn Forbes,SAS,28,20,7,13,13.7,6.5,2.5,5.2,48.1,1.2,2.8,41.8,0.4,0.5,77.8,0.1,1.1,1.2,0.6,0.9,0.4,0.1,0.8,9.3,0,0,-3.2
246,Nic Claxton,BKN,22,4,2,2,18.9,6.5,2.8,5.0,55.0,0.0,0.0,0.0,1.0,2.3,44.4,0.8,4.8,5.5,0.8,0.8,0.0,1.0,1.3,16.5,0,0,-5.5
247,Derrick Jones Jr.,CHI,24,19,12,7,16.7,6.5,2.5,4.0,61.8,0.2,0.8,26.7,1.3,1.6,83.3,1.3,2.1,3.3,0.5,0.5,0.6,0.8,2.3,15.0,0,0,1.9
248,Gary Payton II,GSW,29,20,17,3,14.1,6.4,2.6,3.8,67.1,0.5,1.3,36.0,0.9,1.4,63.0,1.1,2.2,3.2,0.8,0.4,1.5,0.1,1.7,15.7,0,0,8.0
249,Lou Williams,ATL,35,17,10,7,13.0,6.4,2.4,6.1,38.8,0.6,1.6,35.7,1.1,1.2,85.7,0.3,1.2,1.5,1.5,0.7,0.5,0.1,0.9,11.5,0,0,-0.4
250,Matisse Thybulle,PHI,24,15,9,6,25.5,6.3,2.6,5.0,52.0,0.7,2.4,30.6,0.4,0.4,100,0.5,1.9,2.5,1.1,1.1,2.1,1.5,1.9,20.6,0,0,0.5
251,Moritz Wagner,ORL,24,21,5,16,11.2,6.2,2.0,4.5,45.7,1.0,2.9,36.7,1.1,1.5,71.9,0.5,2.0,2.5,0.7,0.8,0.1,0.2,1.7,10.5,0,0,-0.5
252,Killian Hayes,DET,20,17,4,13,25.9,6.2,2.2,6.5,33.6,1.0,2.8,36.2,0.9,0.9,93.8,0.7,3.1,3.8,3.6,1.6,1.3,0.4,2.7,19.7,1,0,-6.3
253,Tyus Jones,MEM,25,22,12,10,17.1,6.2,2.5,5.2,47.0,0.9,2.0,43.2,0.5,0.5,83.3,0.2,2.1,2.3,3.7,0.6,0.8,0.1,0.4,16.5,0,0,-0.2
254,Larry Nance Jr.,POR,28,23,11,12,19.5,6.2,2.5,4.7,53.2,0.5,1.5,31.4,0.7,1.2,59.3,1.5,3.4,4.9,1.4,0.8,0.8,0.4,1.4,17.1,0,0,1.3
255,Alex Len,SAC,28,15,6,9,16.5,6.2,2.3,4.3,53.8,0.4,0.9,46.2,1.1,1.7,68.0,0.9,2.9,3.9,1.1,1.1,0.2,1.0,3.1,14.9,0,0,-1.9
256,Herbert Jones,NOP,23,21,6,15,26.1,6.2,2.6,5.7,45.4,0.2,0.9,27.8,0.8,1.0,81.0,1.3,2.0,3.3,1.6,1.1,1.5,0.7,3.0,18.0,0,0,-0.1
257,Gabe Vincent,MIA,25,19,11,8,15.8,6.2,2.2,5.1,43.3,1.2,3.1,39.0,0.5,0.6,83.3,0.5,0.9,1.4,1.9,0.9,0.6,0.0,1.8,11.5,0,0,2.0
258,Dwight Powell,DAL,30,20,11,9,19.7,6.2,2.4,4.0,59.5,0.3,0.8,40.0,1.2,1.8,65.7,2.1,2.6,4.7,1.1,0.8,0.6,0.7,2.4,16.3,0,0,-4.2
259,Jaden McDaniels,MIN,21,20,10,10,25.3,6.2,2.6,6.2,41.5,0.7,2.7,26.4,0.4,0.6,63.6,1.6,2.9,4.5,0.9,1.0,1.0,0.6,3.8,16.5,0,0,0.4
260,Nemanja Bjelica,GSW,33,21,18,3,14.3,6.1,2.2,4.9,45.1,0.9,2.4,36.0,0.9,1.1,79.2,0.9,3.0,4.0,1.6,1.1,0.7,0.3,1.2,15.1,1,0,5.5
261,Hamidou Diallo,DET,23,16,1,15,14.5,6.1,2.5,4.8,51.9,0.3,0.9,26.7,0.9,1.1,77.8,0.9,1.9,2.8,0.7,0.7,0.7,0.4,1.7,13.2,0,0,-2.5
262,Coby White,CHI,21,9,5,4,17.5,6.1,2.4,7.0,34.9,0.8,3.4,22.6,0.4,0.8,57.1,0.1,2.4,2.6,1.3,0.9,0.1,0.1,1.7,11.0,0,0,1.3
263,Caleb Martin,MIA,26,19,11,8,17.8,6.1,2.4,5.3,46.0,0.6,1.9,30.6,0.7,1.2,56.5,0.7,2.1,2.8,0.7,0.5,0.9,0.4,1.4,14.0,0,0,2.2
264,Deni Avdija,WAS,20,22,14,8,21.7,6.1,2.2,5.3,41.9,0.7,2.5,29.1,0.9,1.4,64.5,0.9,4.3,5.1,1.2,0.6,0.6,0.8,2.1,17.6,1,0,2.8
265,Tyler Cook,CHI,24,1,0,1,12.0,6.0,2.0,3.0,66.7,0.0,0.0,0.0,2.0,2.0,100,0.0,2.0,2.0,2.0,1.0,0.0,0.0,1.0,10.4,0,0,-2.0
266,Chris Boucher,TOR,28,21,10,11,13.5,5.9,2.2,5.9,37.9,0.5,2.5,18.9,1.0,1.4,69.0,1.4,2.5,3.9,0.3,0.6,0.5,0.8,1.3,14.4,1,0,-1.0
267,Jaxson Hayes,NOP,21,19,3,16,12.2,5.9,2.1,4.1,51.9,0.2,0.6,36.4,1.5,1.9,75.7,1.3,2.0,3.3,0.3,0.6,0.3,0.6,1.6,12.3,0,0,-2.3
268,Ben McLemore,POR,28,8,4,4,10.3,5.9,1.9,4.3,44.1,1.5,3.9,38.7,0.6,0.6,100,0.3,0.5,0.8,0.6,0.6,0.3,0.0,0.6,7.8,0,0,-4.0
269,Marvin Bagley III,SAC,22,8,3,5,17.5,5.9,2.3,4.8,47.4,0.5,1.8,28.6,0.9,1.5,58.3,1.3,4.0,5.3,0.8,0.8,0.1,0.1,1.0,13.3,0,0,1.4
270,Kira Lewis Jr.,NOP,20,21,5,16,14.7,5.9,2.5,6.2,39.7,0.6,2.5,23.1,0.3,0.4,77.8,0.4,1.4,1.8,2.0,1.2,0.5,0.0,0.8,11.3,0,0,-5.2
271,DeAndre' Bembry,BKN,27,20,14,6,19.9,5.8,2.5,4.4,57.5,0.4,0.9,41.2,0.5,1.0,47.4,0.8,2.5,3.2,1.2,0.7,1.0,0.5,2.3,15.1,0,0,0.8
272,Derrick Favors,OKC,30,16,6,10,16.7,5.8,2.6,5.3,48.8,0.1,0.5,25.0,0.5,0.9,57.1,1.5,3.5,5.0,0.4,0.3,0.5,0.1,1.3,13.9,1,0,-5.9
273,Drew Eubanks,SAS,24,20,7,13,14.7,5.8,2.1,4.0,51.3,0.0,0.2,0.0,1.7,2.1,78.6,1.2,3.3,4.5,1.5,1.3,0.4,0.9,1.6,15.8,1,0,-2.0
274,Facundo Campazzo,DEN,30,20,9,11,18.3,5.8,1.9,4.4,43.2,1.1,2.9,38.6,0.9,1.1,81.0,0.4,1.4,1.8,2.3,1.1,1.0,0.3,1.9,13.8,0,0,-8.0
275,Yuta Watanabe,TOR,27,4,2,2,16.6,5.8,1.8,5.0,35.0,1.5,3.8,40.0,0.8,1.5,50.0,1.3,1.8,3.0,0.5,0.3,0.8,0.5,2.0,13.6,0,0,2.0
276,Armoni Brooks,HOU,23,17,5,12,12.1,5.6,1.9,4.9,38.6,1.5,4.1,36.2,0.4,0.5,87.5,0.2,1.1,1.4,0.5,0.2,0.6,0.2,1.4,10.1,0,0,2.7
277,Garrett Temple,NOP,35,22,6,16,18.3,5.6,1.9,4.8,40.0,1.0,2.8,37.1,0.8,1.0,77.3,0.6,1.8,2.4,1.0,0.9,0.9,0.5,1.6,13.5,0,0,-8.9
278,Reggie Bullock,DAL,30,19,10,9,22.7,5.6,2.1,5.9,35.7,1.2,4.2,28.8,0.2,0.4,57.1,0.2,2.6,2.8,0.7,0.6,0.3,0.1,1.5,10.5,0,0,-0.5
279,Torrey Craig,IND,30,24,9,15,16.2,5.6,2.2,4.4,49.5,0.6,2.1,28.0,0.7,0.9,77.3,1.3,2.2,3.4,0.9,0.6,0.4,0.3,1.7,12.6,1,0,-1.6
280,Jarred Vanderbilt,MIN,22,21,10,11,22.3,5.6,2.2,4.2,52.8,0.0,0.3,0.0,1.1,1.4,82.8,3.0,4.9,7.9,1.1,1.1,1.3,0.8,3.0,22.1,2,0,3.2
281,Ayo Dosunmu,CHI,21,22,14,8,15.8,5.6,2.3,4.9,46.7,0.7,1.7,42.1,0.3,0.5,63.6,0.5,1.5,2.0,0.8,0.7,0.4,0.1,1.4,10.1,0,0,-1.8
282,Dewayne Dedmon,MIA,32,22,13,9,14.7,5.5,2.0,3.7,54.9,0.2,0.4,50.0,1.3,1.6,77.8,1.7,3.5,5.3,0.5,0.9,0.4,0.4,2.0,14.1,1,0,4.0
283,Tristan Thompson,SAC,30,15,6,9,14.1,5.5,2.3,4.5,50.7,0.0,0.0,0.0,1.0,2.0,50.0,2.4,3.2,5.6,0.7,0.7,0.3,0.4,1.7,14.8,0,0,-3.7
284,Davis Bertans,WAS,29,12,8,4,16.2,5.5,1.6,5.5,28.8,1.2,4.4,26.4,1.2,1.2,100,0.3,1.7,1.9,0.5,0.4,0.2,0.0,1.5,8.6,0,0,-1.8
285,Blake Griffin,BKN,32,17,13,4,21.7,5.5,2.0,6.3,31.8,0.5,3.3,16.1,0.9,1.4,69.6,1.2,3.7,4.9,2.0,0.5,0.5,0.6,2.3,17.2,1,0,3.4
286,Jalen McDaniels,CHA,23,22,12,10,15.1,5.5,1.9,3.6,52.5,0.9,2.0,45.5,0.7,1.1,64.0,0.6,2.7,3.3,1.0,0.6,0.4,0.4,1.7,12.4,0,0,1.7
287,JaMychal Green,DEN,31,20,9,11,14.8,5.5,2.2,5.0,43.0,0.5,2.2,20.5,0.7,0.9,77.8,1.0,2.5,3.5,0.8,1.3,0.9,0.4,2.4,13.4,0,0,-6.1
288,Aaron Holiday,WAS,25,21,13,8,17.5,5.4,2.2,5.3,41.1,0.6,1.7,34.3,0.5,0.6,76.9,0.2,1.5,1.7,1.9,1.2,0.5,0.4,1.6,11.7,0,0,-1.0
289,Kevon Looney,GSW,25,21,18,3,18.3,5.4,2.2,4.2,52.8,0.0,0.0,0.0,1.0,1.7,55.6,2.5,4.0,6.6,1.1,0.7,0.6,0.8,2.3,18.2,1,0,2.7
290,Javonte Green,CHI,28,23,15,8,20.6,5.4,2.1,4.2,49.5,0.4,1.1,38.5,0.8,1.0,75.0,1.5,2.7,4.3,0.7,0.7,0.8,0.3,2.0,14.4,0,0,1.5
291,P.J. Dozier,DEN,25,18,9,9,18.9,5.4,2.0,5.5,36.4,0.8,2.7,31.3,0.6,0.7,76.9,0.8,2.7,3.5,1.6,0.7,0.6,0.3,1.8,14.1,0,0,-5.0
292,Boban Marjanovic,DAL,33,11,6,5,5.7,5.4,2.4,3.3,72.2,0.1,0.1,100,0.5,1.2,46.2,0.5,1.0,1.5,0.2,0.5,0.0,0.1,1.3,7.2,0,0,2.2
293,Austin Reaves,LAL,23,12,8,4,19.8,5.3,1.9,4.0,47.9,0.8,2.3,32.1,0.8,0.8,90.0,0.3,1.8,2.1,1.0,0.8,0.3,0.2,1.8,9.8,0,0,4.6
294,Frank Ntilikina,DAL,23,15,8,7,14.2,5.3,1.8,5.0,36.0,0.9,2.6,35.9,0.8,0.8,100,0.2,1.7,1.9,1.5,0.7,0.7,0.2,1.2,11.8,0,0,2.7
295,Jabari Parker,BOS,26,7,2,5,10.8,5.3,1.9,3.4,54.2,0.7,1.3,55.6,0.9,0.9,100,0.4,2.0,2.4,0.6,0.7,0.4,0.1,1.6,10.1,0,0,-2.1
296,Dwight Howard,LAL,35,20,9,11,14.7,5.2,1.8,2.7,66.7,0.3,0.4,71.4,1.3,2.1,61.9,1.5,3.8,5.3,0.4,1.0,0.9,0.7,1.9,15.6,1,0,0.5
297,Ziaire Williams,MEM,20,18,9,9,18.6,5.0,1.9,5.4,35.7,0.9,3.6,24.6,0.2,0.3,66.7,0.3,1.3,1.6,0.7,0.6,0.4,0.3,1.8,9.6,0,0,-3.4
298,Avery Bradley,LAL,31,21,10,11,22.3,5.0,1.9,5.0,38.1,1.0,3.0,34.9,0.1,0.1,100,0.5,2.0,2.5,0.9,0.6,0.6,0.2,1.4,11.1,0,0,-5.1
299,Cody Zeller,POR,29,22,11,11,13.0,4.9,1.7,2.8,60.7,0.0,0.2,0.0,1.5,2.0,75.6,1.6,2.5,4.2,0.8,0.7,0.3,0.2,2.2,12.0,0,0,-1.4
300,Trey Murphy III,NOP,21,23,5,18,15.1,4.8,1.6,4.3,37.8,1.2,3.1,38.9,0.4,0.4,90.0,0.7,1.7,2.3,0.6,0.4,0.3,0.2,1.1,9.5,0,0,-1.7
301,Dean Wade,CLE,25,16,7,9,22.4,4.8,1.8,4.5,40.3,0.9,2.9,29.8,0.3,0.4,83.3,0.8,2.5,3.3,1.3,0.3,0.7,0.1,2.0,12.6,0,0,-0.8
302,DeAndre Jordan,LAL,33,20,11,9,13.8,4.8,2.3,3.2,70.3,0.0,0.0,0.0,0.3,0.5,60.0,1.7,4.3,6.0,0.4,0.8,0.4,0.9,1.8,15.4,0,0,-2.2
303,Danuel House Jr.,HOU,28,14,5,9,13.7,4.8,1.6,4.7,33.3,0.7,2.1,33.3,0.9,1.1,86.7,0.2,2.6,2.8,0.9,1.1,0.4,0.4,0.9,10.6,0,0,-2.6
304,Romeo Langford,BOS,22,17,9,8,19.0,4.8,1.7,4.4,38.7,0.9,2.1,42.9,0.5,0.6,72.7,0.9,2.2,3.2,0.5,0.6,0.4,0.1,1.4,10.4,0,0,-0.2
305,Elfrid Payton,PHX,27,8,6,2,12.1,4.8,2.1,4.5,47.2,0.0,0.1,0.0,0.5,1.0,50.0,0.6,1.9,2.5,2.4,1.0,0.4,0.0,1.0,11.4,0,0,-1.6
306,Jarrett Culver,MEM,22,7,3,4,9.1,4.7,1.9,3.6,52.0,0.4,1.3,33.3,0.6,1.1,50.0,0.3,1.3,1.6,1.6,0.3,0.4,0.0,0.1,10.0,0,0,2.6
307,Enes Freedom,BOS,29,11,6,5,12.7,4.6,1.6,3.9,41.9,0.1,0.3,33.3,1.3,1.5,87.5,2.3,3.5,5.8,0.2,0.7,0.2,0.5,1.4,13.3,1,0,3.9
308,Aleksej Pokusevski,OKC,19,22,6,16,14.7,4.6,2.0,5.6,34.7,0.5,2.5,18.5,0.2,0.4,62.5,1.0,3.0,4.0,1.3,1.2,0.4,0.5,1.2,12.7,0,0,-2.3
309,Xavier Tillman,MEM,22,15,8,7,13.5,4.5,1.8,4.3,42.2,0.3,1.3,20.0,0.7,0.9,71.4,1.1,1.8,2.9,1.4,0.5,1.1,0.3,0.9,13.8,0,0,-2.6
310,Kent Bazemore,LAL,32,17,8,9,20.4,4.5,1.6,4.8,33.3,0.8,2.5,30.2,0.6,0.8,76.9,0.2,1.8,2.1,0.9,0.5,0.9,0.3,2.5,11.6,0,0,-3.8
311,Serge Ibaka,LAC,32,8,4,4,13.1,4.5,1.6,4.8,34.2,0.6,1.9,33.3,0.6,1.0,62.5,0.9,2.4,3.3,1.0,0.8,0.3,0.4,2.0,11.0,0,0,-2.0
312,Dalano Banton,TOR,22,23,10,13,13.0,4.5,1.7,3.6,48.8,0.2,0.7,31.3,0.8,1.0,75.0,0.7,1.7,2.4,1.5,1.1,0.4,0.2,1.4,10.3,0,0,-0.2
313,Santi Aldama,MEM,20,11,5,6,10.2,4.4,1.8,4.7,38.5,0.3,2.0,13.6,0.5,0.7,62.5,1.2,1.6,2.8,1.1,0.0,0.1,0.3,0.8,10.5,1,0,4.3
314,Juan Toscano-Anderson,GSW,28,20,18,2,15.4,4.4,1.7,3.4,50.7,0.4,1.4,29.6,0.6,0.7,84.6,0.5,2.1,2.6,2.1,1.1,0.7,0.4,1.4,12.8,0,0,2.6
315,Maurice Harkless,SAC,28,16,7,9,20.5,4.2,1.6,4.1,38.5,0.6,2.5,22.5,0.5,0.7,72.7,0.2,2.6,2.8,0.6,0.4,0.5,0.5,1.6,11.0,0,0,-0.3
316,Sam Merrill,MEM,25,6,2,4,9.6,4.2,1.3,4.0,33.3,1.2,3.8,30.4,0.3,0.7,50.0,0.2,1.0,1.2,0.7,0.3,0.0,0.0,0.5,6.2,0,0,-1.5
317,Nerlens Noel,NYK,27,9,4,5,24.1,4.1,1.6,3.0,51.9,0.0,0.2,0.0,1.0,1.0,100,2.3,3.7,6.0,0.7,1.1,1.1,1.4,3.1,18.9,0,0,2.7
318,John Konchar,MEM,25,20,12,8,14.9,4.1,1.8,3.2,55.6,0.5,1.2,37.5,0.2,0.4,37.5,1.0,2.6,3.6,1.3,0.6,0.7,0.2,1.1,12.5,0,0,-0.7
319,David Nwaba,HOU,28,15,1,14,11.7,4.1,1.5,3.5,44.2,0.1,0.9,7.7,0.9,1.5,63.6,0.5,2.5,3.1,0.7,0.5,0.7,0.3,1.0,11.0,0,0,-1.9
320,Ish Smith,CHA,33,17,9,8,12.6,4.0,1.9,4.8,39.0,0.1,0.1,50.0,0.2,0.5,37.5,0.1,1.0,1.1,2.2,0.9,0.4,0.2,0.6,9.6,0,0,-3.3
321,James Johnson,BKN,34,13,9,4,16.4,4.0,1.7,3.8,44.0,0.2,0.8,27.3,0.4,0.9,41.7,0.9,2.5,3.4,1.4,0.7,0.4,0.4,2.2,11.8,1,0,4.3
322,Kessler Edwards,BKN,21,2,1,1,5.9,4.0,1.5,3.0,50.0,1.0,2.0,50.0,0.0,0.0,0.0,0.5,1.0,1.5,0.0,0.5,0.0,0.0,0.0,5.3,0,0,3.5
323,Tre Jones,SAS,21,18,7,11,9.6,3.9,1.7,3.2,53.4,0.0,0.2,0.0,0.5,0.5,100,0.1,1.0,1.1,1.4,0.6,0.3,0.0,0.7,7.5,0,0,0.2
324,Austin Rivers,DEN,29,18,10,8,17.5,3.9,1.5,4.3,34.6,0.7,2.7,27.1,0.2,0.3,50.0,0.4,1.1,1.4,0.8,0.6,0.5,0.1,1.2,8.1,0,0,-2.8
325,Naji Marshall,NOP,23,17,3,14,12.1,3.9,1.1,3.5,32.2,0.2,1.4,13.0,1.5,1.7,86.2,0.8,2.4,3.1,1.1,1.1,0.5,0.2,1.2,10.2,0,0,-2.4
326,Jay Scrubb,LAC,21,7,3,4,6.9,3.9,1.6,3.7,42.3,0.6,1.7,33.3,0.1,0.3,50.0,0.0,0.6,0.6,0.6,0.1,0.1,0.3,0.4,6.5,0,0,1.1
327,Taurean Prince,MIN,27,20,11,9,15.0,3.9,1.4,3.9,34.6,0.7,2.7,25.9,0.5,0.7,69.2,0.5,1.7,2.2,0.8,0.5,0.4,0.2,1.5,9.0,0,0,-3.5
328,Luka Garza,DET,22,13,0,13,10.4,3.8,1.3,3.0,43.6,0.4,1.2,33.3,0.8,1.1,78.6,0.8,1.2,2.1,0.5,0.4,0.5,0.1,1.7,8.4,0,0,-4.2
329,Oshae Brissett,IND,23,13,4,9,11.6,3.8,1.5,3.6,42.6,0.6,1.8,34.8,0.2,0.5,28.6,0.4,1.8,2.2,0.5,0.8,0.3,0.2,0.9,8.1,0,0,-3.1
330,Dennis Smith Jr.,POR,24,12,6,6,13.1,3.8,1.3,3.8,34.8,0.3,1.0,25.0,0.9,1.4,64.7,0.3,1.4,1.7,2.7,1.3,1.3,0.3,1.2,13.3,0,0,-1.6
331,Andre Iguodala,GSW,37,12,10,2,20.8,3.8,1.5,3.6,41.9,0.4,1.9,21.7,0.3,0.5,66.7,0.7,2.8,3.5,3.8,0.8,0.8,0.8,1.0,17.6,0,0,9.3
332,Brad Wanamaker,IND,32,12,4,8,12.8,3.8,1.1,3.4,31.7,0.3,1.1,30.8,1.3,1.4,88.2,0.3,1.5,1.8,2.1,1.2,0.2,0.4,1.8,9.6,0,0,-0.8
333,D.J. Augustin,HOU,34,17,3,14,12.4,3.7,1.1,2.8,38.3,0.8,2.1,37.1,0.8,0.9,93.3,0.1,0.6,0.8,1.9,1.2,0.2,0.0,0.6,6.9,0,0,-4.1
334,Eric Paschall,UTA,25,19,14,5,12.1,3.7,1.3,3.0,42.1,0.5,1.9,27.8,0.6,0.9,70.6,0.7,1.3,2.0,0.7,0.5,0.1,0.2,0.8,7.5,0,0,-0.5
335,Brandon Boston Jr.,LAC,20,9,5,4,9.1,3.7,1.3,3.6,37.5,0.3,1.1,30.0,0.7,0.8,85.7,0.1,1.0,1.1,0.4,0.4,0.6,0.3,0.4,7.9,0,0,-1.3
336,Vlatko Cancar,DEN,24,3,1,2,7.6,3.7,1.0,1.7,60.0,0.7,0.7,100,1.0,1.3,75.0,0.3,0.0,0.3,1.3,0.7,0.3,0.0,1.0,6.4,0,0,-2.7
337,Tony Bradley,CHI,23,17,10,7,13.1,3.6,1.7,3.1,55.8,0.0,0.0,0.0,0.2,0.3,80.0,1.5,2.7,4.2,0.4,0.7,0.1,0.6,1.5,10.5,0,0,2.5
338,Cam Thomas,BKN,20,14,8,6,9.1,3.6,1.4,3.8,35.8,0.3,1.6,17.4,0.6,0.8,81.8,0.1,0.7,0.9,0.7,0.2,0.3,0.2,0.4,7.0,0,0,-2.7
339,Troy Brown Jr.,CHI,22,14,11,3,9.5,3.6,1.4,3.1,45.5,0.6,1.5,38.1,0.1,0.3,50.0,0.3,1.4,1.6,0.4,0.3,0.2,0.0,0.7,6.5,0,0,-1.5
340,Corey Kispert,WAS,22,20,12,8,12.4,3.6,1.4,3.4,39.7,0.5,2.1,21.4,0.4,0.6,72.7,0.5,1.5,2.0,0.6,0.4,0.2,0.2,0.4,7.4,0,0,2.4
341,Mychal Mulder,ORL,27,10,1,9,10.9,3.5,1.2,4.5,26.7,0.9,3.0,30.0,0.2,0.2,100,0.2,0.8,1.0,0.1,0.3,0.2,0.1,0.7,5.5,0,0,-3.4
342,Saben Lee,DET,22,8,0,8,11.6,3.5,1.3,3.6,34.5,0.3,1.5,16.7,0.8,1.3,60.0,0.1,1.4,1.5,1.4,0.6,0.9,0.1,0.5,9.7,0,0,1.3
343,Amir Coffey,LAC,24,16,7,9,13.0,3.4,0.9,2.5,35.0,0.6,1.9,33.3,1.1,1.2,89.5,0.2,1.4,1.6,0.7,0.3,0.1,0.1,0.8,6.7,0,0,1.8
344,Isaiah Joe,PHI,22,13,7,6,9.6,3.4,1.2,3.5,33.3,0.8,2.6,29.4,0.3,0.3,100,0.2,1.1,1.2,0.6,0.3,0.1,0.0,0.7,5.7,0,0,-1.9
345,Taj Gibson,NYK,36,11,5,6,18.6,3.4,1.4,2.8,48.4,0.0,0.3,0.0,0.6,0.8,77.8,1.9,2.8,4.7,0.7,1.0,0.4,1.3,3.3,14.0,0,0,2.6
346,Rajon Rondo,LAL,35,14,5,9,14.9,3.4,1.4,4.5,31.7,0.5,1.8,28.0,0.0,0.0,0.0,0.6,1.9,2.4,3.6,1.6,0.8,0.2,1.4,13.0,0,0,-0.5
347,Josh Christopher,HOU,19,13,3,10,7.8,3.3,1.2,3.2,38.1,0.3,0.8,40.0,0.5,0.7,77.8,0.3,0.8,1.2,0.9,0.7,0.5,0.0,0.7,6.8,0,0,1.3
348,Nick Richards,CHA,24,19,10,9,8.6,3.2,1.3,2.0,65.8,0.0,0.0,0.0,0.6,0.7,78.6,0.9,1.1,1.9,0.2,0.6,0.2,0.6,1.5,7.8,0,0,-2.3
349,Damian Jones,SAC,26,10,4,6,8.4,3.2,1.2,1.7,70.6,0.1,0.2,50.0,0.7,1.1,63.6,1.1,1.4,2.5,0.5,0.2,0.0,0.3,1.2,7.7,0,0,2.9
350,Thanasis Antetokounmpo,MIL,29,19,10,9,12.7,3.2,1.3,2.9,45.5,0.0,0.3,0.0,0.5,0.9,58.8,1.0,2.1,3.1,0.8,0.6,0.5,0.2,1.7,9.5,0,0,-3.4
351,Rodney Hood,MIL,29,16,9,7,14.2,3.1,1.0,3.2,31.4,0.7,2.1,32.4,0.4,0.4,100,0.3,1.6,1.9,0.8,0.1,0.3,0.0,0.8,7.2,0,0,-1.7
352,Keita Bates-Diop,SAS,25,16,6,10,13.7,3.1,1.3,2.9,45.7,0.1,0.7,9.1,0.4,0.5,75.0,0.6,2.6,3.2,0.3,0.8,0.4,0.4,0.6,8.9,0,0,3.3
353,Sterling Brown,DAL,26,18,10,8,12.5,3.1,1.1,3.1,36.4,0.6,2.1,29.7,0.2,0.2,100,0.7,2.6,3.2,0.8,0.6,0.4,0.1,1.2,9.1,0,0,1.1
354,Delon Wright,ATL,29,20,12,8,13.1,3.1,1.1,2.9,36.8,0.3,0.9,33.3,0.7,0.9,76.5,0.9,1.9,2.7,2.0,0.5,0.6,0.1,0.4,10.8,0,0,0.5
355,Jevon Carter,BKN,26,21,15,6,13.6,3.0,1.0,3.5,28.8,0.9,2.7,31.6,0.1,0.2,75.0,0.2,1.4,1.6,1.1,0.3,0.4,0.3,1.4,8.5,0,0,-0.4
356,Jonathan Kuminga,GSW,19,14,12,2,7.2,3.0,1.1,2.8,41.0,0.1,1.0,14.3,0.6,0.9,61.5,0.5,1.1,1.6,0.4,0.6,0.3,0.1,1.2,6.2,0,0,0.9
357,McKinley Wright IV,MIN,23,1,1,0,4.1,3.0,1.0,1.0,100,1.0,1.0,100,0.0,0.0,0.0,0.0,0.0,0.0,0.0,1.0,0.0,0.0,0.0,2.0,0,0,-6.0
358,Semi Ojeleye,MIL,26,11,5,6,19.8,3.0,1.1,4.3,25.5,0.5,2.5,21.4,0.3,0.5,60.0,1.9,1.7,3.6,0.4,0.5,0.4,0.5,1.5,9.9,0,0,-6.7
359,Josh Okogie,MIN,23,14,4,10,16.0,2.9,1.0,2.9,35.0,0.2,1.1,20.0,0.7,1.3,55.6,0.9,1.5,2.4,1.1,0.6,0.8,0.4,1.5,10.4,0,0,1.1
360,Charles Bassey,PHI,21,10,4,6,8.1,2.9,1.2,1.8,66.7,0.0,0.3,0.0,0.5,0.7,71.4,1.0,1.9,2.9,0.2,0.3,0.1,0.7,1.1,8.8,0,0,-0.4
361,Chris Chiozza,GSW,26,10,9,1,11.0,2.9,1.0,2.9,34.5,0.8,2.1,38.1,0.1,0.1,100,0.5,0.8,1.3,1.5,0.8,0.5,0.0,1.4,7.4,0,0,-1.7
362,Aaron Wiggins,OKC,22,9,1,8,14.4,2.9,0.9,2.0,44.4,0.7,1.8,37.5,0.4,0.8,57.1,0.1,1.4,1.6,1.1,0.8,0.3,0.1,1.7,7.0,0,0,0.4
363,Justin Robinson,MIL,24,17,10,7,11.6,2.8,1.1,3.4,31.6,0.6,2.2,27.0,0.1,0.1,100,0.1,0.6,0.8,1.2,0.6,0.5,0.0,1.0,6.4,0,0,-3.0
364,Paul Millsap,BKN,36,16,11,5,11.2,2.8,0.9,2.9,32.6,0.3,1.3,23.8,0.6,0.8,76.9,0.8,2.6,3.4,0.8,0.5,0.3,0.3,2.1,9.2,0,0,1.1
365,Dylan Windler,CLE,25,16,9,7,11.4,2.8,1.0,2.3,44.4,0.6,1.4,39.1,0.2,0.3,75.0,0.4,1.5,1.9,1.1,0.5,0.2,0.1,1.1,7.2,0,0,-0.7
366,Tomas Satoransky,NOP,30,19,5,14,15.5,2.7,1.1,3.2,33.3,0.2,0.7,21.4,0.5,0.7,69.2,0.6,1.4,2.0,2.2,0.7,0.4,0.0,1.3,8.8,0,0,-5.3
367,Goga Bitadze,IND,22,16,6,10,8.6,2.7,0.9,3.1,28.6,0.3,1.6,16.0,0.7,1.1,64.7,1.0,1.3,2.3,0.2,0.3,0.6,0.6,1.6,9.0,0,0,-1.3
368,Malachi Flynn,TOR,23,16,7,9,8.6,2.7,1.1,3.1,34.0,0.4,1.5,25.0,0.2,0.3,60.0,0.3,1.0,1.3,0.9,0.3,0.5,0.1,0.9,7.2,0,0,-1.5
369,Lamar Stevens,CLE,24,12,8,4,10.7,2.7,1.1,3.1,35.1,0.3,0.9,36.4,0.2,0.3,66.7,0.7,0.8,1.5,0.3,0.3,0.2,0.3,1.3,6.1,0,0,0.3
370,Sandro Mamukelashvili,MIL,22,11,7,4,8.5,2.6,1.1,2.3,48.0,0.3,0.7,37.5,0.2,0.3,66.7,0.9,1.0,1.9,0.3,0.2,0.0,0.1,0.5,5.4,0,0,-3.8
371,Day'Ron Sharpe,BKN,20,8,4,4,4.5,2.6,1.1,2.1,52.9,0.1,0.4,33.3,0.3,0.6,40.0,1.0,1.1,2.1,0.0,0.8,0.3,0.3,0.5,5.9,0,0,0.3
372,Killian Tillie,MEM,23,8,3,5,8.5,2.6,1.0,2.9,34.8,0.5,1.6,30.8,0.1,0.3,50.0,0.6,0.4,1.0,0.3,0.3,0.5,0.6,1.0,7.3,0,0,1.8
373,Theo Maledon,OKC,20,12,3,9,12.9,2.6,0.8,3.3,22.5,0.3,2.2,11.5,0.8,1.0,83.3,0.4,1.3,1.8,1.0,1.2,0.3,0.1,0.8,6.3,0,0,-3.8
374,Paul Reed,PHI,22,14,7,7,9.8,2.6,1.3,2.5,51.4,0.0,0.2,0.0,0.0,0.0,0.0,1.1,1.6,2.7,0.6,0.4,0.6,0.6,1.5,10.1,0,0,-3.4
375,Anthony Gill,WAS,29,6,2,4,5.5,2.5,1.0,1.5,66.7,0.5,0.5,100,0.0,0.0,0.0,0.7,0.8,1.5,0.2,0.2,0.0,0.3,0.5,5.4,0,0,2.5
376,Duane Washington Jr.,IND,21,2,1,1,2.2,2.5,1.0,1.5,66.7,0.5,1.0,50.0,0.0,0.0,0.0,0.0,0.5,0.5,0.0,0.0,0.0,0.0,0.0,3.1,0,0,-3.0
377,Aaron Nesmith,BOS,22,17,9,8,9.3,2.5,0.9,3.0,31.4,0.5,2.2,21.1,0.1,0.1,100,0.4,1.1,1.5,0.3,0.5,0.2,0.0,1.1,4.9,0,0,-4.2
378,Jaylen Nowell,MIN,22,11,6,5,5.8,2.5,1.1,3.0,36.4,0.1,0.7,12.5,0.2,0.2,100,0.3,0.6,0.9,0.8,0.1,0.3,0.3,0.3,6.3,0,0,-0.2
379,Abdel Nader,PHX,28,14,11,3,10.4,2.4,0.9,2.5,34.3,0.3,1.0,28.6,0.4,0.7,60.0,0.3,1.6,1.9,0.5,0.8,0.6,0.3,1.4,7.3,0,0,-0.1
380,Eugene Omoruyi,DAL,24,3,1,2,5.3,2.3,0.7,1.7,40.0,0.3,0.7,50.0,0.7,1.3,50.0,0.7,1.3,2.0,0.7,0.0,0.0,0.0,0.7,5.7,0,0,1.0
381,Isaiah Todd,WAS,20,3,0,3,2.4,2.3,0.7,1.7,40.0,0.7,1.0,66.7,0.3,0.7,50.0,0.0,0.3,0.3,0.0,0.0,0.3,0.3,0.0,4.7,0,0,2.0
382,Paul Watson,OKC,26,3,0,3,23.6,2.3,0.7,4.7,14.3,0.7,4.0,16.7,0.3,0.7,50.0,0.7,3.0,3.7,1.0,0.7,0.0,1.0,1.3,10.6,0,0,-12.3
383,Gorgui Dieng,ATL,31,19,10,9,8.4,2.3,0.8,2.1,37.5,0.2,0.9,23.5,0.5,0.7,64.3,1.0,2.5,3.5,0.7,0.6,0.3,0.3,1.2,8.5,0,0,0.6
384,Joshua Primo,SAS,18,5,4,1,5.1,2.2,0.8,1.0,80.0,0.6,0.8,75.0,0.0,0.0,0.0,0.2,0.4,0.6,0.4,0.0,0.0,0.0,0.4,3.5,0,0,0.8
385,Gabriel Deck,OKC,26,6,2,4,7.5,2.2,1.0,2.0,50.0,0.2,0.5,33.3,0.0,0.0,0.0,0.2,0.7,0.8,0.5,0.3,0.2,0.0,0.3,4.1,0,0,-2.0
386,Jalen Smith,PHX,21,6,5,1,5.4,2.2,0.7,1.8,36.4,0.0,0.3,0.0,0.8,0.8,100,0.7,1.7,2.3,0.0,0.2,0.2,0.2,0.5,5.8,0,0,0.0
387,Jock Landale,SAS,26,7,4,3,3.0,2.1,0.9,1.1,75.0,0.1,0.3,50.0,0.3,0.4,66.7,0.3,0.0,0.3,0.3,0.1,0.0,0.1,0.1,3.2,0,0,2.7
388,Timothe Luwawu-Cabarrot,ATL,26,15,10,5,5.2,2.1,0.7,1.8,37.0,0.5,1.3,36.8,0.3,0.4,83.3,0.0,0.7,0.7,0.3,0.1,0.1,0.1,0.5,4.0,0,0,-1.1
389,Markus Howard,DEN,22,11,5,6,5.8,2.1,0.6,2.5,25.0,0.5,1.9,23.8,0.4,0.4,100,0.0,0.2,0.2,0.4,0.3,0.4,0.0,0.2,3.7,0,0,0.4
390,Alize Johnson,CHI,25,13,9,4,7.5,2.1,0.9,1.6,57.1,0.0,0.1,0.0,0.2,0.4,60.0,1.0,1.3,2.3,0.6,0.5,0.2,0.0,0.9,6.0,0,0,-4.2
391,Justise Winslow,LAC,25,16,10,6,8.0,2.1,0.9,2.5,37.5,0.1,0.5,12.5,0.1,0.3,50.0,0.5,1.7,2.2,1.1,0.9,0.4,0.3,0.7,7.7,0,0,-0.6
392,Devontae Cacok,SAS,25,1,1,0,1.8,2.0,1.0,1.0,100,0.0,0.0,0.0,0.0,0.0,0.0,1.0,1.0,2.0,1.0,0.0,0.0,0.0,0.0,5.9,0,0,1.0
393,Jalen Johnson,ATL,19,7,5,2,2.7,2.0,0.7,1.4,50.0,0.3,0.6,50.0,0.3,0.3,100,0.0,0.7,0.7,0.0,0.0,0.0,0.0,0.0,2.9,0,0,-0.9
394,Jose Alvarado,NOP,23,7,1,6,5.4,2.0,0.7,1.9,38.5,0.3,0.7,40.0,0.3,0.4,66.7,0.3,0.4,0.7,1.3,0.0,0.4,0.0,0.4,6.1,0,0,4.4
395,Skylar Mays,ATL,24,7,5,2,2.7,2.0,0.6,0.7,80.0,0.1,0.3,50.0,0.7,0.7,100,0.0,0.3,0.3,0.1,0.3,0.0,0.0,0.3,2.3,0,0,-0.9
396,Denzel Valentine,CLE,28,14,7,7,6.8,1.9,0.7,2.5,28.6,0.5,1.6,31.8,0.0,0.0,0.0,0.4,0.8,1.2,0.2,0.4,0.4,0.0,0.6,4.4,0,0,-1.9
397,Willie Cauley-Stein,DAL,28,18,10,8,9.8,1.9,0.9,1.9,45.7,0.1,0.1,50.0,0.1,0.1,50.0,0.7,1.4,2.1,0.5,0.4,0.3,0.2,0.9,6.3,0,0,1.2
398,Tony Snell,POR,30,17,8,9,11.1,1.9,0.6,2.1,30.6,0.5,1.7,31.0,0.1,0.1,100,0.1,1.2,1.3,0.5,0.2,0.2,0.1,0.9,4.8,0,0,-0.8
399,Ed Davis,CLE,32,8,4,4,9.4,1.9,0.9,1.3,70.0,0.0,0.0,0.0,0.1,0.3,50.0,0.5,3.0,3.5,0.1,0.4,0.3,0.5,1.0,8.1,0,0,-4.0
400,Jordan McLaughlin,MIN,25,16,9,7,10.3,1.9,0.7,2.3,30.6,0.2,1.1,17.6,0.3,0.4,71.4,0.1,0.7,0.8,2.1,0.7,0.6,0.0,0.4,7.0,0,0,-2.9
401,Jahmi'us Ramsey,SAC,20,7,1,6,6.6,1.9,0.7,2.0,35.7,0.1,0.9,16.7,0.3,0.6,50.0,0.0,0.0,0.0,0.3,0.0,0.0,0.1,0.4,2.7,0,0,1.0
402,Isaiah Jackson,IND,19,5,2,3,6.0,1.8,0.8,2.2,36.4,0.0,0.0,0.0,0.2,0.4,50.0,0.6,1.2,1.8,0.0,0.2,0.2,0.2,1.8,5.0,0,0,-1.4
403,Georgios Kalaitzakis,MIL,22,9,7,2,5.3,1.8,0.6,1.2,45.5,0.2,0.4,50.0,0.4,1.0,44.4,0.4,0.4,0.9,0.0,0.4,0.1,0.1,0.9,3.1,0,0,-5.4
404,Nathan Knight,MIN,24,8,5,3,2.6,1.8,0.5,0.5,100,0.0,0.0,0.0,0.8,1.0,75.0,0.1,0.5,0.6,0.4,0.3,0.1,0.1,0.3,3.6,0,0,0.6
405,Jared Butler,UTA,21,14,12,2,4.6,1.7,0.6,2.0,28.6,0.3,1.1,25.0,0.3,0.5,57.1,0.0,0.5,0.5,0.5,0.5,0.1,0.4,0.9,4.3,0,0,-1.2
406,Usman Garuba,HOU,19,7,1,6,6.4,1.7,0.7,2.0,35.7,0.3,1.1,25.0,0.0,0.0,0.0,0.9,1.7,2.6,0.9,0.3,0.3,0.6,0.6,8.4,0,0,2.9
407,KZ Okpala,MIA,22,10,7,3,6.3,1.7,0.5,1.7,29.4,0.1,0.9,11.1,0.6,0.8,75.0,0.5,0.8,1.3,0.3,0.0,0.1,0.1,0.6,4.3,0,0,-3.0
408,Payton Pritchard,BOS,23,18,10,8,8.8,1.7,0.6,2.6,21.3,0.4,1.7,23.3,0.2,0.2,100,0.3,0.8,1.1,1.1,0.7,0.0,0.1,0.8,4.3,0,0,-2.1
409,Trent Forrest,UTA,23,15,10,5,7.9,1.7,0.6,0.9,64.3,0.0,0.1,0.0,0.5,0.5,87.5,0.2,0.9,1.1,0.7,0.5,0.3,0.0,0.6,4.2,0,0,1.9
410,Ignas Brazdeikis,ORL,22,11,1,10,8.4,1.6,0.6,2.5,25.9,0.3,1.5,18.8,0.1,0.2,50.0,0.5,1.1,1.5,0.5,0.3,0.3,0.0,1.0,4.7,0,0,-0.9
411,Moses Brown,DAL,22,8,4,4,4.0,1.6,0.6,0.8,83.3,0.0,0.0,0.0,0.4,1.0,37.5,0.3,0.8,1.0,0.0,0.5,0.1,0.3,0.9,3.5,0,0,0.0
412,Omer Yurtseven,MIA,23,13,8,5,3.1,1.6,0.7,1.4,50.0,0.0,0.0,0.0,0.2,0.3,75.0,0.2,0.7,0.9,0.1,0.2,0.0,0.2,0.2,3.1,0,0,0.5
413,Greg Brown III,POR,20,10,6,4,4.5,1.6,0.7,2.0,35.0,0.0,0.4,0.0,0.2,0.7,28.6,0.5,0.9,1.4,0.5,0.2,0.2,0.4,0.6,5.6,0,0,-2.8
414,Rodney McGruder,DET,30,9,0,9,5.3,1.6,0.6,1.6,35.7,0.2,0.9,25.0,0.2,0.2,100,0.2,0.4,0.7,0.3,0.1,0.0,0.1,0.1,3.1,0,0,1.7
415,Leandro Bolmaro,MIN,21,11,6,5,7.1,1.5,0.5,1.4,40.0,0.1,0.5,16.7,0.4,0.5,80.0,0.5,1.2,1.7,0.4,0.6,0.1,0.0,0.9,3.8,0,0,-0.9
416,Moses Moody,GSW,19,15,15,0,5.9,1.5,0.7,1.8,37.0,0.1,1.0,13.3,0.1,0.1,50.0,0.1,0.7,0.7,0.2,0.1,0.0,0.1,0.3,3.0,0,0,-1.5
417,Bol Bol,DEN,22,10,4,6,4.7,1.5,0.7,1.5,46.7,0.0,0.3,0.0,0.1,0.3,33.3,0.2,1.2,1.4,0.2,0.0,0.1,0.2,0.3,4.4,0,0,-0.2
418,Joe Wieskamp,SAS,22,2,2,0,2.5,1.5,0.5,0.5,100,0.5,0.5,100,0.0,0.0,0.0,0.0,0.0,0.0,0.0,0.0,0.0,0.0,0.0,1.5,0,0,-2.5
419,Keljin Blevins,POR,26,2,1,1,4.1,1.5,0.5,1.5,33.3,0.5,1.0,50.0,0.0,0.0,0.0,0.0,0.5,0.5,0.0,0.5,0.0,0.0,0.0,1.6,0,0,-3.5
420,Quentin Grimes,NYK,21,10,5,5,6.3,1.5,0.5,1.5,33.3,0.5,1.3,38.5,0.0,0.0,0.0,0.2,0.6,0.8,0.1,0.3,0.0,0.0,0.5,2.3,0,0,-1.6
421,Trendon Watford,POR,21,4,1,3,4.6,1.5,0.8,2.0,37.5,0.0,0.0,0.0,0.0,0.3,0.0,0.0,0.5,0.5,0.8,0.3,0.3,0.3,0.0,4.5,0,0,-3.8
422,Udonis Haslem,MIA,41,4,3,1,4.2,1.5,0.8,1.5,50.0,0.0,0.3,0.0,0.0,0.0,0.0,0.3,1.0,1.3,0.3,0.0,0.0,0.3,1.3,4.1,0,0,1.5
423,Keon Johnson,LAC,19,3,1,2,5.3,1.3,0.0,1.3,0.0,0.0,0.3,0.0,1.3,1.3,100,0.3,0.7,1.0,0.7,0.3,0.3,0.0,1.0,4.2,0,0,4.0
424,Matt Thomas,CHI,27,7,5,2,4.2,1.3,0.6,2.3,25.0,0.1,1.0,14.3,0.0,0.0,0.0,0.0,0.3,0.3,0.0,0.0,0.1,0.1,0.1,2.5,0,0,-2.9
425,CJ Elleby,POR,21,11,6,5,4.9,1.3,0.5,1.5,35.3,0.2,0.8,22.2,0.0,0.0,0.0,0.1,1.2,1.3,0.3,0.4,0.0,0.0,0.6,2.8,0,0,-2.9
426,Josh Green,DAL,21,10,4,6,5.2,1.2,0.6,1.3,46.2,0.0,0.2,0.0,0.0,0.0,0.0,0.4,0.7,1.1,0.4,0.2,0.2,0.1,0.5,3.8,0,0,3.9
427,Kevin Knox II,NYK,22,5,2,3,3.7,1.2,0.4,1.0,40.0,0.2,0.6,33.3,0.2,0.4,50.0,0.4,0.0,0.4,0.2,0.4,0.0,0.0,0.4,1.6,0,0,-2.4
428,Jericho Sims,NYK,23,8,4,4,6.7,1.1,0.4,0.4,100,0.0,0.0,0.0,0.4,0.5,75.0,0.3,1.5,1.8,0.0,0.3,0.3,0.4,0.5,4.9,0,0,1.1
429,Devon Dotson,CHI,22,2,1,1,6.3,1.0,0.5,1.5,33.3,0.0,1.0,0.0,0.0,0.0,0.0,0.0,2.5,2.5,1.5,0.5,0.0,0.0,1.0,5.8,0,0,2.5
430,Jake Layman,MIN,27,7,4,3,4.9,1.0,0.4,1.4,30.0,0.1,0.6,25.0,0.0,0.0,0.0,0.1,0.6,0.7,0.0,0.3,0.1,0.1,0.1,2.4,0,0,-1.0
431,Jamorko Pickett,DET,23,3,0,3,2.9,1.0,0.3,0.3,100,0.3,0.3,100,0.0,0.0,0.0,0.0,0.0,0.0,0.0,0.3,0.0,0.0,0.0,0.7,0,0,2.7
432,Juancho Hernangomez,BOS,26,11,6,5,3.5,1.0,0.3,1.3,21.4,0.1,0.7,12.5,0.4,0.5,80.0,0.3,0.6,0.9,0.0,0.3,0.4,0.0,0.3,2.9,0,0,-2.0
433,Marko Simonovic,CHI,22,1,0,1,6.7,1.0,0.0,1.0,0.0,0.0,1.0,0.0,1.0,2.0,50.0,0.0,1.0,1.0,0.0,1.0,0.0,0.0,0.0,1.2,0,0,2.0
434,RJ Nembhard Jr.,CLE,22,2,0,2,1.6,1.0,0.5,0.5,100,0.0,0.0,0.0,0.0,0.0,0.0,0.0,0.5,0.5,0.5,0.0,0.0,0.0,0.0,2.4,0,0,0.5
435,Justin Champagnie,TOR,20,9,5,4,4.0,0.9,0.2,0.9,25.0,0.0,0.1,0.0,0.4,0.4,100,0.7,0.4,1.1,0.1,0.0,0.0,0.1,0.7,2.7,0,0,0.8
436,Petr Cornelie,DEN,26,5,0,5,4.2,0.8,0.4,1.4,28.6,0.0,0.8,0.0,0.0,0.0,0.0,1.0,0.6,1.6,0.6,0.4,0.0,0.0,0.6,3.2,0,0,2.6
437,Chandler Hutchison,PHX,25,3,2,1,3.2,0.7,0.3,0.3,100,0.0,0.0,0.0,0.0,0.0,0.0,0.0,1.3,1.3,0.3,1.0,0.0,0.0,0.3,1.8,0,0,2.7
438,Vit Krejci,OKC,21,3,1,2,3.0,0.7,0.0,0.7,0.0,0.0,0.7,0.0,0.7,0.7,100,0.0,1.0,1.0,0.0,0.3,0.0,0.0,0.0,1.5,0,0,-0.3
439,Kevin Pangos,CLE,28,7,5,2,3.1,0.6,0.1,0.4,33.3,0.1,0.3,50.0,0.1,0.3,50.0,0.1,0.0,0.1,0.3,0.4,0.1,0.0,0.3,1.2,0,0,-3.7
440,Solomon Hill,ATL,30,11,7,4,11.1,0.5,0.2,1.6,11.1,0.2,1.1,16.7,0.0,0.0,0.0,0.5,1.3,1.7,1.0,0.1,0.4,0.2,1.5,5.7,0,0,2.9
441,Ish Wainright,PHX,27,4,4,0,2.9,0.5,0.3,0.8,33.3,0.0,0.3,0.0,0.0,0.0,0.0,0.3,0.3,0.5,0.5,0.3,0.3,0.0,0.8,2.4,0,0,3.3
442,Udoka Azubuike,UTA,22,4,3,1,2.0,0.5,0.3,0.3,100,0.0,0.0,0.0,0.0,0.0,0.0,0.3,0.8,1.0,0.0,0.3,0.0,0.0,0.0,1.5,0,0,-0.5
443,Isaac Bonga,TOR,22,7,3,4,4.8,0.4,0.1,0.9,16.7,0.0,0.3,0.0,0.1,0.3,50.0,0.1,0.3,0.4,0.3,0.1,0.6,0.1,0.6,3.4,0,0,-0.4
444,Tacko Fall,CLE,25,7,2,5,2.8,0.4,0.1,0.3,50.0,0.0,0.0,0.0,0.1,0.6,25.0,0.1,0.6,0.7,0.0,0.1,0.0,0.1,0.0,1.6,0,0,1.1
445,Sharife Cooper,ATL,20,5,5,0,2.2,0.4,0.2,0.8,25.0,0.0,0.4,0.0,0.0,0.0,0.0,0.0,0.0,0.0,0.8,0.2,0.0,0.0,0.0,1.4,0,0,-1.4
446,Elijah Hughes,UTA,23,6,5,1,2.8,0.3,0.0,0.3,0.0,0.0,0.2,0.0,0.3,0.3,100,0.0,0.2,0.2,0.0,0.2,0.0,0.0,0.3,0.4,0,0,-3.3
447,Kai Jones,CHA,20,6,4,2,1.4,0.3,0.2,0.2,100,0.0,0.0,0.0,0.0,0.0,0.0,0.0,0.2,0.2,0.0,0.5,0.0,0.0,0.0,0.0,0,0,-2.2
448,Miles McBride,NYK,21,6,3,3,1.4,0.3,0.2,1.5,11.1,0.0,1.0,0.0,0.0,0.0,0.0,0.2,0.0,0.2,0.2,0.0,0.2,0.2,0.2,1.8,0,0,-2.8
449,James Bouknight,CHA,21,7,4,3,1.8,0.3,0.0,0.9,0.0,0.0,0.1,0.0,0.3,0.3,100,0.1,0.1,0.3,0.3,0.0,0.0,0.0,0.1,1.1,0,0,-3.1
450,Miye Oni,UTA,24,10,9,1,3.0,0.2,0.1,0.5,20.0,0.0,0.4,0.0,0.0,0.1,0.0,0.0,0.4,0.4,0.3,0.1,0.0,0.0,0.4,1.0,0,0,-3.2
451,Aaron Henry,PHI,22,1,1,0,2.1,0.0,0.0,1.0,0.0,0.0,1.0,0.0,0.0,0.0,0.0,0.0,0.0,0.0,0.0,0.0,0.0,0.0,0.0,0.0,0,0,-6.0
452,Brodric Thomas,BOS,24,2,1,1,1.1,0.0,0.0,0.0,0.0,0.0,0.0,0.0,0.0,0.0,0.0,0.5,0.0,0.5,0.0,0.5,0.0,0.0,0.0,0.1,0,0,-3.5
453,Bruno Fernando,BOS,23,7,4,3,1.9,0.0,0.0,0.0,0.0,0.0,0.0,0.0,0.0,0.0,0.0,0.0,0.1,0.1,0.1,0.3,0.0,0.1,0.3,0.5,0,0,-2.9
454,Daishen Nix,HOU,19,1,1,0,1.9,0.0,0.0,0.0,0.0,0.0,0.0,0.0,0.0,0.0,0.0,0.0,0.0,0.0,1.0,0.0,0.0,0.0,0.0,1.5,0,0,-4.0
455,David Johnson,TOR,20,1,1,0,0.5,0.0,0.0,0.0,0.0,0.0,0.0,0.0,0.0,0.0,0.0,0.0,0.0,0.0,0.0,0.0,0.0,0.0,0.0,0.0,0,0,-3.0
456,DeJon Jarreau,IND,23,1,0,1,0.9,0.0,0.0,0.0,0.0,0.0,0.0,0.0,0.0,0.0,0.0,0.0,0.0,0.0,0.0,0.0,0.0,0.0,0.0,0.0,0,0,2.0
457,Didi Louzada,NOP,22,2,0,2,3.5,0.0,0.0,1.5,0.0,0.0,1.5,0.0,0.0,0.0,0.0,1.0,0.0,1.0,0.5,0.0,0.0,0.0,0.0,2.0,0,0,-2.0
458,JT Thor,CHA,19,2,2,0,1.0,0.0,0.0,0.0,0.0,0.0,0.0,0.0,0.0,0.0,0.0,0.0,0.0,0.0,0.0,0.0,0.0,0.0,0.0,0.0,0,0,-2.5
459,JaQuori McLaughlin,DAL,23,2,1,1,2.7,0.0,0.0,0.5,0.0,0.0,0.0,0.0,0.0,0.0,0.0,0.0,0.0,0.0,1.0,0.0,0.0,0.0,0.0,1.5,0,0,-1.5
460,Jaden Springer,PHI,19,1,1,0,2.1,0.0,0.0,0.0,0.0,0.0,0.0,0.0,0.0,0.0,0.0,0.0,0.0,0.0,0.0,0.0,0.0,0.0,0.0,0.0,0,0,-6.0
461,Jay Huff,LAL,24,1,0,1,8.1,0.0,0.0,1.0,0.0,0.0,1.0,0.0,0.0,0.0,0.0,1.0,1.0,2.0,1.0,0.0,0.0,0.0,0.0,3.9,0,0,17.0
462,Jeff Dowtin,GSW,24,2,2,0,2.9,0.0,0.0,0.5,0.0,0.0,0.0,0.0,0.0,0.0,0.0,0.0,1.0,1.0,0.0,0.0,0.0,0.0,0.5,1.2,0,0,-0.5
463,Joel Ayayi,WAS,21,3,0,3,2.1,0.0,0.0,0.0,0.0,0.0,0.0,0.0,0.0,0.0,0.0,0.0,0.3,0.3,0.7,0.0,0.0,0.0,0.0,1.4,0,0,1.7
464,Malik Fitts,UTA,24,3,3,0,2.3,0.0,0.0,0.0,0.0,0.0,0.0,0.0,0.0,0.0,0.0,0.0,0.7,0.7,0.0,0.0,0.0,0.0,0.0,0.8,0,0,-2.0
465,Marcus Garrett,MIA,23,4,4,0,2.4,0.0,0.0,0.3,0.0,0.0,0.0,0.0,0.0,0.0,0.0,0.0,0.3,0.3,0.5,0.0,0.0,0.0,0.3,1.1,0,0,0.5
466,Robert Woodard II,SAC,22,1,0,1,3.2,0.0,0.0,0.0,0.0,0.0,0.0,0.0,0.0,0.0,0.0,0.0,0.0,0.0,0.0,0.0,0.0,0.0,0.0,0.0,0,0,4.0
467,Sam Dekker,TOR,27,1,1,0,0.9,0.0,0.0,0.0,0.0,0.0,0.0,0.0,0.0,0.0,0.0,0.0,0.0,0.0,0.0,0.0,0.0,0.0,0.0,0.0,0,0,-5.0
468,Sam Hauser,BOS,23,2,2,0,2.5,0.0,0.0,1.0,0.0,0.0,1.0,0.0,0.0,0.0,0.0,0.0,0.5,0.5,0.0,0.0,0.5,0.0,0.5,2.1,0,0,-7.0
469,Vernon Carey Jr.,CHA,20,1,1,0,0.8,0.0,0.0,1.0,0.0,0.0,0.0,0.0,0.0,0.0,0.0,0.0,1.0,1.0,0.0,0.0,0.0,0.0,0.0,1.2,0,0,0.0
470,Wayne Selden,NYK,27,1,1,0,1.0,0.0,0.0,0.0,0.0,0.0,0.0,0.0,0.0,0.0,0.0,0.0,0.0,0.0,0.0,0.0,0.0,0.0,0.0,0.0,0,0,-2.0
471,Yves Pons,MEM,22,1,0,1,2.8,0.0,0.0,1.0,0.0,0.0,0.0,0.0,0.0,0.0,0.0,1.0,0.0,1.0,0.0,0.0,0.0,0.0,0.0,1.2,0,0,-3.0
