,PLAYER,TEAM,AGE,GP,W,L,MIN,USG%,%FGM,%FGA,%3PM,%3PA,%FTM,%FTA,%OREB,%DREB,%REB,%AST,%TOV,%STL,%BLK,%BLKA,%PF,%PFD,%PTS
0,Domantas Sabonis,IND,25,24,9,15,813.0,21.3,23.5,19.2,9.4,10.8,36.2,37.5,43.9,34.3,36.3,23.9,29.5,20.7,9.1,25.3,25.2,37.2,23.4
1,Gordon Hayward,CHA,31,24,13,11,811.0,20.5,20.4,20.2,17.8,17.0,29.4,26.0,12.7,17.2,16.2,18.7,20.8,13.0,16.9,14.0,13.2,26.7,21.4
2,Jonas Valanciunas,NOP,29,24,6,18,750.0,24.4,28.6,24.4,17.1,12.4,34.5,33.2,44.3,39.0,40.3,15.2,20.3,11.5,37.0,23.7,24.8,33.3,28.2
3,Kelly Oubre Jr.,CHA,25,24,13,11,656.0,21.6,24.2,24.2,33.0,33.8,13.4,14.6,19.6,13.9,15.3,6.6,13.4,19.8,8.2,24.4,22.6,15.0,23.7
4,LaMelo Ball,CHA,20,24,13,11,799.0,26.8,23.8,26.5,27.6,27.9,26.6,21.9,20.4,26.5,25.0,43.1,36.8,30.1,11.5,23.3,22.3,22.7,24.6
5,Miles Bridges,CHA,23,24,13,11,868.0,22.4,22.7,23.1,20.5,23.9,26.8,26.8,16.9,24.2,22.5,15.6,18.8,17.5,23.0,22.4,19.0,23.8,22.9
6,Nickeil Alexander-Walker,NOP,23,24,6,18,694.0,23.7,21.7,25.7,28.7,33.6,18.0,18.4,15.9,15.0,15.2,17.8,16.4,22.0,18.5,26.2,14.8,15.9,22.0
7,T.J. McConnell,IND,29,24,9,15,581.0,15.5,18.5,17.0,4.9,5.9,7.3,7.1,16.8,15.4,15.7,39.4,16.3,26.3,12.3,16.3,17.1,15.3,15.6
8,Torrey Craig,IND,30,24,9,15,389.0,14.0,16.5,15.0,14.6,17.7,13.1,13.3,34.5,19.0,22.7,11.4,12.4,18.9,11.7,5.4,20.8,14.5,15.7
9,Buddy Hield,SAC,28,23,9,14,668.0,23.1,22.9,25.8,50.0,44.3,14.3,13.2,11.8,18.0,16.5,17.1,19.8,14.9,8.6,18.4,16.8,12.8,24.6
10,CJ McCollum,POR,30,23,11,12,813.0,25.9,26.9,28.5,29.6,27.9,12.4,13.9,14.9,12.5,13.0,25.6,19.9,20.2,21.3,24.3,14.5,16.3,25.4
11,Carmelo Anthony,LAL,37,23,12,11,659.0,18.9,19.9,21.8,34.5,31.3,18.8,17.3,12.3,14.6,14.1,5.9,8.7,18.2,19.7,13.0,19.2,15.6,21.4
12,Dalano Banton,TOR,22,23,10,13,299.0,16.2,15.9,14.6,7.8,7.9,19.6,18.9,19.8,20.0,19.9,27.2,29.5,15.5,21.7,25.0,27.5,19.1,15.7
13,Davion Mitchell,SAC,23,23,9,14,586.0,18.6,18.7,21.0,18.6,21.0,9.0,10.2,12.4,11.2,11.5,29.7,14.1,19.4,9.6,19.7,21.3,10.6,17.3
14,De'Aaron Fox,SAC,23,23,9,14,800.0,27.3,25.2,27.0,15.0,18.2,30.5,31.4,7.7,12.1,11.1,33.5,28.8,27.3,16.0,26.4,20.2,31.8,25.1
15,DeMar DeRozan,CHI,32,23,15,8,808.0,29.2,30.6,29.4,10.2,12.2,51.1,49.2,10.1,17.8,16.2,25.1,21.1,15.6,12.3,27.3,16.0,43.2,31.9
16,Franz Wagner,ORL,20,23,5,18,726.0,19.0,20.8,20.6,17.6,16.5,18.2,17.1,19.0,12.8,14.2,17.4,12.6,24.8,15.8,26.7,17.9,15.0,20.1
17,Grayson Allen,MIL,26,23,14,9,667.0,16.6,18.7,18.9,34.1,30.1,14.4,12.2,9.6,14.2,13.2,9.7,8.6,13.8,9.2,14.1,15.8,11.7,20.2
18,Javonte Green,CHI,28,23,15,8,474.0,11.3,11.7,11.2,8.8,9.0,11.9,13.0,37.2,18.5,22.5,6.7,11.3,21.8,19.0,8.3,23.7,13.0,11.4
19,Justin Holiday,IND,32,23,9,14,647.0,15.2,15.0,17.1,31.3,29.7,5.2,5.3,4.4,11.9,10.3,11.5,11.6,14.5,8.0,5.5,18.2,8.3,16.0
20,Jusuf Nurkic,POR,27,23,11,12,568.0,20.1,22.4,17.8,2.5,3.7,34.3,35.3,58.8,41.9,45.1,18.7,29.5,30.0,19.4,24.4,33.2,33.0,21.7
21,Larry Nance Jr.,POR,28,23,11,12,449.0,13.4,15.7,13.4,8.3,9.8,10.4,14.6,30.6,26.2,27.4,15.3,15.1,24.1,22.5,9.1,17.6,16.6,13.9
22,Lonzo Ball,CHI,24,23,15,8,799.0,16.8,15.0,17.3,34.5,31.6,2.3,2.5,13.8,17.6,16.9,27.7,23.6,27.0,25.7,14.8,19.8,7.3,15.3
23,Malik Monk,LAL,23,23,12,11,558.0,16.9,18.0,18.4,27.5,26.7,9.5,8.5,7.5,12.2,11.3,19.3,17.7,15.6,8.7,19.5,13.4,8.2,17.8
24,Myles Turner,IND,25,23,9,14,661.0,16.5,18.4,16.4,25.1,21.0,22.4,24.3,27.6,27.5,27.5,7.1,15.8,15.6,66.0,11.4,20.7,21.2,19.6
25,Pat Connaughton,MIL,28,23,14,9,663.0,14.5,18.1,16.4,29.1,25.5,7.3,7.4,13.5,19.0,17.8,11.4,11.2,22.8,12.5,7.0,15.2,10.1,18.0
26,R.J. Hampton,ORL,20,23,5,18,428.0,20.0,19.9,19.0,20.3,16.3,20.8,27.6,10.8,21.4,19.4,29.3,24.1,18.8,11.8,17.2,19.0,23.7,20.1
27,Robert Covington,POR,30,23,11,12,610.0,11.3,10.9,12.0,22.5,20.7,1.6,1.2,11.2,20.2,18.5,9.3,15.1,23.0,36.5,5.8,22.1,4.5,11.0
28,Russell Westbrook,LAL,33,23,12,11,833.0,27.8,25.1,26.0,17.3,18.4,32.3,33.8,18.0,25.4,23.8,50.8,40.3,21.1,3.9,41.4,20.7,28.7,25.4
29,Svi Mykhailiuk,TOR,24,23,10,13,432.0,15.6,17.5,16.8,26.0,25.2,12.9,11.9,11.7,16.3,14.9,13.8,14.0,22.4,4.8,18.9,17.9,10.5,17.7
30,Trey Murphy III,NOP,21,23,5,18,347.0,12.9,14.9,15.1,32.6,27.4,6.1,5.7,14.3,15.5,15.1,9.0,7.9,12.3,15.4,17.1,18.6,9.8,15.2
31,Wendell Carter Jr.,ORL,22,23,5,18,659.0,18.3,23.3,19.5,20.4,18.6,15.6,17.2,37.6,35.0,35.6,16.8,14.7,16.7,19.7,15.3,23.0,20.6,21.9
32,Zach LaVine,CHI,26,23,15,8,799.0,29.5,31.9,30.4,33.2,32.4,33.7,32.2,6.6,19.3,16.9,21.8,28.6,9.3,11.3,25.0,11.8,29.5,32.3
33,Alec Burks,NYK,30,22,11,11,528.0,18.5,18.9,19.8,33.6,27.9,22.9,22.6,7.7,20.4,17.4,19.6,11.3,29.9,10.3,10.2,20.2,23.9,21.3
34,Aleksej Pokusevski,OKC,19,22,6,16,324.0,19.6,18.5,19.9,13.3,19.3,5.9,7.3,27.1,27.8,27.6,21.7,27.3,18.8,38.5,23.8,22.2,11.4,16.1
35,Alex Caruso,CHI,27,22,15,7,650.0,13.2,11.5,12.3,15.0,16.3,15.6,15.4,15.9,14.0,14.5,30.5,18.5,40.7,14.1,12.5,23.3,19.1,12.5
36,Anfernee Simons,POR,22,22,11,11,505.0,21.5,23.9,23.4,31.7,29.6,12.2,10.4,9.2,13.5,12.4,21.0,19.4,12.7,8.9,18.0,17.9,10.6,23.4
37,Anthony Davis,LAL,28,22,11,11,786.0,27.1,32.1,28.2,5.0,8.6,39.4,38.6,39.0,27.7,30.2,17.0,17.8,20.4,48.5,19.2,16.0,35.1,30.4
38,Anthony Edwards,MIN,20,22,11,11,800.0,27.2,27.3,27.8,28.9,27.7,24.1,24.5,13.9,20.3,18.4,20.9,27.8,24.3,14.3,18.1,13.7,18.0,27.0
39,Ayo Dosunmu,CHI,21,22,14,8,348.0,15.3,17.2,16.7,26.2,19.4,6.6,8.7,11.9,14.9,14.1,11.4,14.3,16.4,8.3,22.2,17.6,7.4,16.5
40,Cameron Johnson,PHX,25,22,19,3,498.0,15.8,17.2,18.6,35.8,30.8,9.2,9.9,7.8,17.0,15.1,10.7,8.1,15.5,12.2,13.6,14.4,10.7,18.0
41,Chris Duarte,IND,24,22,9,13,649.0,20.9,20.2,22.5,28.7,25.8,10.0,11.2,7.3,15.9,14.0,13.9,19.8,21.1,3.7,20.6,15.7,15.2,20.0
42,Chris Paul,PHX,36,22,19,3,711.0,19.8,17.3,18.0,13.6,14.6,33.8,30.6,5.4,15.6,13.9,56.0,28.7,32.6,10.5,6.5,16.9,28.4,19.0
43,Clint Capela,ATL,27,22,12,10,655.0,15.5,19.4,16.3,0.0,0.2,14.4,21.3,61.4,40.3,45.1,8.5,8.2,21.9,50.0,22.0,23.0,16.5,16.8
44,Cody Martin,CHA,26,22,13,9,542.0,11.7,12.4,12.5,13.5,10.9,15.0,15.4,22.2,17.1,18.4,16.4,5.9,29.0,18.8,18.6,15.9,17.0,12.9
45,Cody Zeller,POR,29,22,11,11,286.0,14.1,15.3,11.5,0.0,1.8,37.4,38.1,44.4,28.1,32.9,13.0,15.5,16.7,19.0,28.6,38.4,32.2,16.5
46,Cory Joseph,DET,30,22,4,18,473.0,14.6,14.0,13.8,10.8,10.7,18.0,16.5,8.1,11.2,10.5,34.7,20.7,19.4,9.6,11.6,17.7,19.1,14.4
47,Darius Bazley,OKC,21,22,6,16,601.0,17.6,14.9,17.9,15.0,16.9,14.6,18.2,18.1,26.2,24.6,11.9,18.4,18.6,36.9,38.6,9.0,17.4,14.9
48,Deni Avdija,WAS,20,22,14,8,478.0,13.0,12.6,14.0,18.2,18.9,10.4,12.3,18.8,24.9,23.6,11.6,9.2,18.8,30.9,12.2,27.5,11.3,12.7
49,Desmond Bane,MEM,23,22,12,10,625.0,20.9,23.8,23.3,35.5,31.5,10.9,10.2,7.7,17.0,14.6,14.2,18.5,13.6,11.1,17.8,22.3,7.3,23.1
50,Dewayne Dedmon,MIA,32,22,13,9,324.0,15.2,16.3,14.0,4.6,3.4,21.5,22.6,43.7,35.5,37.8,8.0,21.1,16.0,64.3,26.2,33.3,19.6,15.9
51,Duncan Robinson,MIA,27,22,13,9,627.0,17.2,16.0,20.3,41.4,42.4,2.3,3.0,5.8,15.9,13.5,9.7,9.6,17.1,21.4,14.9,25.6,6.4,16.6
52,Eric Bledsoe,LAC,31,22,11,11,614.0,17.7,16.6,17.1,11.9,14.7,20.6,20.3,12.9,17.4,16.5,25.3,24.1,30.0,22.9,17.8,16.7,23.6,16.6
53,Evan Fournier,NYK,29,22,11,11,628.0,19.9,20.6,21.9,33.1,30.6,12.9,12.3,8.9,10.8,10.4,12.4,15.9,28.9,5.8,11.7,15.7,9.7,21.2
54,Frank Jackson,DET,23,22,4,18,471.0,19.8,21.3,22.4,32.4,33.1,15.5,15.0,5.2,7.4,6.9,8.3,12.7,16.2,9.6,18.5,16.1,13.6,21.4
55,Fred VanVleet,TOR,27,22,10,12,843.0,22.8,22.6,22.6,34.8,30.1,23.5,21.3,7.7,17.5,14.7,37.2,30.0,20.6,17.3,16.8,16.5,23.7,24.1
56,Garrett Temple,NOP,35,22,6,16,402.0,13.8,14.2,14.4,24.2,21.7,14.9,15.5,14.0,14.8,14.6,11.9,13.2,34.5,36.7,12.2,21.7,15.7,15.5
57,George Hill,MIL,35,22,14,8,600.0,12.2,11.9,12.3,12.2,13.6,14.0,11.6,15.2,12.7,13.2,19.4,14.2,18.4,5.8,11.3,20.4,14.2,12.2
58,Georges Niang,PHI,28,22,11,11,544.0,18.9,19.4,21.0,31.3,31.8,14.2,12.8,6.6,14.0,12.6,13.3,12.3,13.8,9.9,20.0,24.2,13.6,20.1
59,Grant Williams,BOS,23,22,12,10,467.0,12.0,15.3,13.0,25.6,20.9,13.9,13.3,16.1,17.7,17.4,10.4,7.9,10.1,24.5,6.3,21.9,14.8,16.4
60,Immanuel Quickley,NYK,22,22,11,11,458.0,20.1,18.9,21.9,30.2,32.1,19.3,16.7,10.0,11.9,11.5,26.8,15.7,16.5,0.0,15.2,18.6,16.4,20.4
61,Ivica Zubac,LAC,24,22,11,11,537.0,14.6,18.9,13.0,0.0,0.0,34.4,36.6,60.6,30.8,36.4,10.6,14.0,11.1,40.0,36.1,25.0,26.6,18.8
62,JaVale McGee,PHX,33,22,19,3,350.0,22.9,31.2,22.1,0.0,0.0,21.9,26.0,55.1,37.8,42.0,6.6,30.3,11.5,48.8,16.7,35.7,29.6,26.4
63,Jae Crowder,PHX,31,22,19,3,609.0,14.3,11.7,15.4,28.6,31.6,11.1,11.1,10.0,20.6,18.7,8.8,12.5,23.1,22.2,8.3,21.6,13.3,13.2
64,Jalen McDaniels,CHA,23,22,12,10,331.0,13.4,14.5,13.3,19.2,18.7,13.2,15.3,20.0,26.2,24.8,11.2,14.8,12.9,17.8,5.1,26.4,15.3,14.9
65,Jaren Jackson Jr.,MEM,22,22,12,10,585.0,24.1,23.1,24.8,31.6,30.7,30.1,28.1,18.4,22.3,21.4,6.6,20.8,14.6,52.3,27.7,30.8,24.2,25.1
66,Jayson Tatum,BOS,23,22,12,10,806.0,31.3,29.7,33.0,30.1,31.6,33.1,33.1,14.6,28.2,25.2,21.4,26.7,17.4,16.5,38.6,18.3,30.8,30.3
67,Jeremiah Robinson-Earl,OKC,21,22,6,16,486.0,14.6,16.5,15.5,19.4,17.8,9.2,10.2,36.9,24.4,27.2,10.5,13.8,20.0,15.2,14.8,20.6,11.8,16.0
68,John Collins,ATL,24,22,12,10,709.0,18.4,21.8,18.8,13.5,13.3,24.7,24.5,25.7,24.8,25.0,12.9,13.2,19.1,40.8,19.7,23.6,27.9,21.3
69,Julius Randle,NYK,27,22,11,11,779.0,27.3,26.1,26.3,17.5,19.1,33.2,32.9,26.6,32.1,30.9,33.4,33.2,15.0,17.2,28.2,22.2,33.0,26.0
70,Karl-Anthony Towns,MIN,26,22,11,11,754.0,27.1,30.3,26.1,25.2,19.7,38.4,36.9,29.4,26.4,27.3,19.1,30.6,19.5,26.7,35.3,22.1,38.4,30.8
71,Kentavious Caldwell-Pope,WAS,28,22,14,8,646.0,16.1,16.2,17.5,32.2,27.3,13.5,12.2,12.0,13.8,13.5,10.7,13.2,38.5,11.3,12.5,15.7,13.3,17.4
72,Kyle Kuzma,WAS,26,22,14,8,722.0,19.5,17.9,19.7,27.6,26.2,14.9,18.2,16.3,31.8,28.8,17.1,21.5,14.6,18.8,17.4,18.2,15.0,18.5
73,Luke Kennard,LAC,25,22,11,11,613.0,14.4,15.6,16.8,31.9,26.8,6.0,5.2,3.3,14.2,11.9,14.9,9.3,16.3,3.2,3.6,13.7,5.4,16.3
74,Malik Beasley,MIN,25,22,11,11,559.0,17.9,17.4,21.2,30.6,32.5,8.0,8.8,5.8,16.6,13.5,11.8,8.1,14.9,4.9,19.0,8.8,5.2,18.0
75,Mikal Bridges,PHX,25,22,19,3,765.0,13.5,16.0,14.9,15.6,15.4,8.8,8.4,12.9,12.1,12.3,9.4,9.5,23.2,21.7,14.0,17.4,12.8,15.0
76,Mo Bamba,ORL,23,22,5,17,655.0,16.2,18.7,17.4,18.5,18.1,9.9,10.6,39.4,29.4,31.5,13.3,13.9,20.7,59.3,18.2,21.8,14.2,17.5
77,Montrezl Harrell,WAS,27,22,14,8,588.0,21.2,27.9,20.4,1.7,2.0,39.8,40.5,53.2,27.0,32.2,17.5,15.7,15.4,34.9,26.4,20.4,35.7,27.6
78,Obi Toppin,NYK,23,22,11,11,336.0,21.2,24.8,21.5,6.5,14.0,24.6,27.8,27.5,23.0,24.1,14.6,21.0,12.7,34.1,21.2,21.7,23.2,22.7
79,P.J. Tucker,MIA,36,22,13,9,612.0,9.8,12.2,10.6,16.8,12.8,3.8,3.9,27.0,21.3,22.7,11.0,9.6,13.0,19.2,8.2,19.6,9.6,11.2
80,Reggie Jackson,LAC,31,22,11,11,733.0,24.6,23.9,27.0,31.2,32.4,13.5,13.6,11.6,11.7,11.7,25.1,19.4,13.5,3.1,12.7,15.0,15.6,23.3
81,Ricky Rubio,CLE,31,22,12,10,642.0,24.4,19.3,23.9,26.1,25.8,25.0,23.2,6.8,16.9,14.5,41.9,32.5,27.5,5.8,26.1,22.2,23.7,21.0
82,Saddiq Bey,DET,22,22,4,18,707.0,20.0,19.5,21.6,25.0,25.0,13.5,14.1,25.0,19.4,20.9,18.0,15.1,18.4,6.7,20.8,13.1,13.0,19.1
83,Steven Adams,MEM,28,22,12,10,533.0,12.4,10.9,10.3,0.0,0.0,23.0,27.0,52.4,25.5,32.8,22.5,19.6,17.3,28.8,17.8,20.2,26.3,11.4
84,Terrence Ross,ORL,30,22,5,17,546.0,18.4,18.4,19.6,22.3,23.1,20.7,19.6,4.7,10.6,9.3,18.1,16.2,15.5,7.5,15.2,10.8,16.1,19.2
85,Trae Young,ATL,23,22,12,10,747.0,32.8,30.0,31.4,31.9,31.4,45.7,41.2,8.3,13.1,12.0,52.8,46.4,18.7,2.6,45.1,13.6,36.8,32.3
86,Trey Lyles,DET,26,22,4,18,351.0,21.2,20.7,21.9,21.2,22.4,27.1,26.6,42.6,28.1,31.6,10.2,18.4,9.4,13.3,12.1,20.9,22.9,22.0
87,Tyrese Maxey,PHI,21,22,11,11,783.0,21.0,22.5,22.2,14.4,14.5,24.6,22.8,5.8,13.9,12.2,29.8,14.8,13.2,16.3,27.2,17.7,19.5,22.0
88,Tyus Jones,MEM,25,22,12,10,377.0,14.3,16.9,15.5,18.3,14.9,9.7,9.4,4.1,17.0,13.6,38.4,13.7,21.3,3.3,14.3,5.5,14.7,16.2
89,Aaron Gordon,DEN,26,21,10,11,673.0,18.3,19.2,18.2,12.6,13.3,25.3,25.0,32.2,18.2,21.0,13.4,17.2,12.1,32.7,21.9,17.6,23.3,19.2
90,Aaron Holiday,WAS,25,21,13,8,368.0,16.9,16.0,17.4,17.9,15.3,7.7,7.8,5.9,11.2,10.1,22.9,23.8,24.4,18.2,16.1,23.8,12.4,14.8
91,Andre Drummond,PHI,28,21,10,11,459.0,16.8,14.5,14.2,0.0,0.3,17.7,25.3,70.3,49.2,54.3,19.9,32.8,23.2,43.1,27.7,32.0,25.0,13.4
92,Andrew Wiggins,GSW,26,21,18,3,637.0,24.5,26.5,25.8,20.6,20.3,28.0,29.1,16.9,14.3,14.9,8.7,16.7,14.5,19.4,21.3,13.3,29.5,26.0
93,Avery Bradley,LAL,31,21,10,11,468.0,10.6,10.6,12.3,22.7,21.1,1.5,1.1,10.8,12.6,12.2,8.3,7.8,14.9,7.5,10.0,15.9,3.8,10.6
94,Bojan Bogdanovic,UTA,32,21,14,7,632.0,21.7,21.4,22.3,26.9,24.1,30.3,26.2,13.0,14.8,14.4,13.7,18.6,7.9,1.3,33.9,10.5,19.5,23.4
95,Cam Reddish,ATL,22,21,11,10,472.0,22.0,22.6,22.9,30.4,27.3,25.2,23.0,15.7,11.5,12.5,9.2,22.4,32.9,10.8,28.6,17.0,19.6,23.8
96,Chris Boucher,TOR,28,21,10,11,283.0,21.1,21.6,23.0,16.9,26.9,24.1,26.6,31.2,27.1,28.4,5.7,13.3,18.6,54.8,34.2,22.5,21.9,21.5
97,Christian Wood,HOU,26,21,5,16,663.0,21.8,24.9,23.4,19.5,19.1,22.4,26.3,28.4,38.2,36.2,15.4,14.8,12.0,32.4,26.2,18.6,30.0,23.9
98,Dennis Schroder,BOS,28,21,11,10,696.0,24.2,23.9,23.8,19.6,19.3,26.1,24.0,11.6,12.7,12.5,33.0,32.8,17.7,1.3,34.3,19.2,25.4,23.8
99,Devin Booker,PHX,25,21,18,3,676.0,30.8,29.2,31.2,32.7,30.0,34.7,32.6,14.6,16.7,16.3,24.7,31.3,14.6,8.9,42.9,18.6,30.3,30.3
100,Devonte' Graham,NOP,26,21,5,16,647.0,20.7,18.5,21.6,36.5,35.6,15.6,16.2,8.2,8.2,8.2,30.4,21.4,26.7,7.8,8.3,12.4,15.7,20.0
101,Furkan Korkmaz,PHI,24,21,10,11,498.0,18.9,16.7,20.2,26.5,29.6,14.0,14.5,7.5,15.9,14.0,23.2,16.4,18.5,4.3,11.1,8.6,14.2,17.6
102,Gary Trent Jr.,TOR,22,21,10,11,723.0,20.3,21.4,22.7,31.4,30.9,17.0,14.5,5.7,12.6,10.6,11.4,10.8,30.1,11.3,9.8,15.8,13.9,21.8
103,Giannis Antetokounmpo,MIL,26,21,14,7,686.0,33.5,33.8,30.3,11.4,15.1,62.1,66.7,31.0,36.0,35.1,35.6,36.4,19.0,47.4,34.9,24.3,60.0,34.9
104,Hassan Whiteside,UTA,32,21,14,7,323.0,17.8,20.2,16.6,0.0,0.0,25.9,30.1,55.8,38.1,42.3,3.8,21.9,7.9,62.2,27.3,41.0,30.7,18.7
105,Herbert Jones,NOP,23,21,6,15,549.0,11.6,12.0,11.7,4.6,5.3,8.4,8.4,20.0,10.9,13.3,12.8,14.9,30.8,31.8,16.1,26.5,9.8,10.7
106,Isaiah Hartenstein,LAC,23,21,11,10,331.0,17.1,22.7,16.5,2.4,1.3,25.3,30.3,62.3,25.3,33.1,18.8,18.8,28.1,57.5,10.5,37.4,32.3,20.7
107,Jae'Sean Tate,HOU,26,21,5,16,584.0,18.9,22.9,19.6,9.5,12.4,23.7,21.3,38.1,20.8,24.4,20.2,16.7,20.3,24.2,20.6,25.9,18.2,21.4
108,Jalen Suggs,ORL,20,21,4,17,583.0,25.4,19.1,23.9,19.1,23.6,34.3,32.9,13.1,12.3,12.5,29.3,34.5,28.6,14.8,34.7,24.4,33.8,21.2
109,James Harden,BKN,32,21,15,6,745.0,27.0,20.3,23.0,29.4,29.5,46.5,42.7,17.3,25.7,24.2,49.5,46.1,27.9,18.6,35.2,17.7,33.8,25.6
110,Jarred Vanderbilt,MIN,22,21,10,11,469.0,10.7,12.2,9.9,0.0,1.5,16.3,15.7,42.9,33.6,36.6,10.8,13.9,31.5,27.9,27.6,26.7,17.1,11.1
111,Jeff Green,DEN,35,21,10,11,502.0,17.4,17.0,17.0,14.8,15.7,29.9,29.0,10.5,13.3,12.8,9.3,14.5,7.2,25.7,16.4,23.3,22.7,18.6
112,Jerami Grant,DET,27,21,4,17,694.0,26.4,27.8,26.4,24.8,22.4,44.9,42.6,12.7,16.7,15.7,17.7,20.3,22.3,27.8,17.1,15.2,33.5,30.4
113,Jevon Carter,BKN,26,21,15,6,285.0,12.6,10.3,15.0,24.7,26.8,2.9,3.2,7.7,14.2,12.9,19.5,9.3,23.5,17.9,6.3,21.8,7.0,10.8
114,Joe Ingles,UTA,34,21,14,7,523.0,12.3,13.4,13.6,24.7,21.4,4.7,4.3,9.6,13.6,12.8,26.6,12.2,16.4,5.2,4.9,17.2,5.0,13.8
115,Jordan Clarkson,UTA,29,21,14,7,527.0,27.2,25.7,31.3,32.0,37.7,19.5,17.8,12.9,12.0,12.2,18.8,17.0,18.4,7.4,18.4,15.7,16.0,25.6
116,Jordan Poole,GSW,22,21,18,3,639.0,25.4,25.4,26.9,31.9,34.0,23.6,19.8,4.7,12.2,10.7,17.9,23.7,18.5,7.7,35.2,22.6,18.2,25.9
117,Kevin Huerter,ATL,23,21,11,10,544.0,16.3,17.6,17.4,23.3,22.3,3.8,4.2,6.4,15.0,13.2,18.6,18.3,11.0,8.8,5.8,18.8,4.5,16.5
118,Kevon Looney,GSW,25,21,18,3,385.0,13.2,14.0,13.0,0.0,0.0,16.8,21.7,58.2,28.5,35.5,9.6,10.7,17.1,33.3,29.6,32.7,18.7,12.7
119,Kira Lewis Jr.,NOP,20,21,5,16,309.0,21.2,22.1,22.4,19.7,24.9,8.5,9.4,10.1,12.8,12.1,28.3,22.9,20.0,0.0,11.9,13.7,11.4,20.1
120,Kyle Anderson,MEM,28,21,11,10,455.0,16.3,17.6,17.9,17.5,14.7,11.6,10.4,20.0,28.8,26.4,21.8,14.8,21.2,18.9,13.1,16.0,10.4,16.8
121,Landry Shamet,PHX,24,21,18,3,403.0,15.7,15.2,18.2,34.5,32.8,14.5,13.3,6.7,14.6,13.1,15.8,8.2,8.5,5.9,20.0,14.4,9.9,17.5
122,Luguentz Dort,OKC,22,21,6,15,680.0,21.8,23.5,22.2,30.8,28.3,28.1,24.5,11.6,13.5,13.1,14.3,18.4,18.0,8.8,15.5,25.9,27.5,25.1
123,Marcus Smart,BOS,27,21,12,9,730.0,15.7,13.5,15.6,16.4,19.1,14.8,15.9,7.1,13.0,11.7,34.7,19.9,37.6,8.1,11.9,17.2,21.1,14.0
124,Monte Morris,DEN,26,21,10,11,625.0,18.6,20.0,20.3,18.1,19.4,3.8,4.6,5.0,10.5,9.4,26.3,17.0,17.2,6.7,17.5,17.2,7.5,17.9
125,Moritz Wagner,ORL,24,21,5,16,235.0,20.9,22.5,20.7,29.3,27.8,29.1,28.3,20.4,24.3,23.5,11.8,23.5,7.1,33.3,13.5,34.6,32.2,24.4
126,Nassir Little,POR,21,21,10,11,470.0,15.1,16.6,15.9,13.9,16.0,16.6,16.2,25.4,25.2,25.3,7.3,13.2,21.1,27.7,15.0,23.0,17.7,16.2
127,Nemanja Bjelica,GSW,33,21,18,3,300.0,19.0,18.0,18.7,17.6,18.1,16.7,17.4,31.1,27.7,28.4,17.8,24.5,20.3,28.6,29.2,21.9,14.9,17.7
128,Patty Mills,BKN,33,21,15,6,585.0,16.0,17.3,18.5,40.0,33.7,4.4,4.1,6.3,7.0,6.9,15.6,11.3,13.9,5.7,8.3,12.4,10.4,17.9
129,Paul George,LAC,31,21,11,10,745.0,34.0,33.0,34.2,29.5,31.3,37.6,35.1,6.4,26.5,22.4,32.4,37.5,29.4,13.8,41.4,21.2,38.0,33.2
130,RJ Barrett,NYK,21,21,11,10,656.0,21.7,20.2,22.5,18.4,21.1,23.1,24.6,9.1,22.8,19.7,15.4,19.3,11.0,8.1,36.9,17.8,20.6,20.3
131,Raul Neto,WAS,29,21,13,8,414.0,18.3,17.9,18.5,9.3,13.3,16.0,17.5,3.8,12.3,10.6,24.4,23.5,25.4,2.9,16.7,22.7,20.8,16.8
132,Rudy Gobert,UTA,29,21,14,7,660.0,16.8,20.7,13.4,0.0,0.2,38.6,44.0,47.7,48.5,48.3,6.3,19.9,21.5,65.2,34.6,23.4,44.8,20.5
133,Scottie Barnes,TOR,20,21,8,13,747.0,19.0,21.2,18.8,8.6,8.0,21.6,22.5,29.0,23.1,25.0,21.6,22.2,18.2,21.1,16.3,19.2,23.2,19.9
134,Terance Mann,LAC,25,21,10,11,595.0,15.0,16.2,15.6,13.7,13.9,18.2,17.6,25.2,16.9,18.7,18.9,13.8,15.5,3.4,24.1,20.9,17.3,16.2
135,Tyrese Haliburton,SAC,21,21,9,12,697.0,15.8,16.2,16.8,19.6,16.8,8.8,8.9,13.1,11.8,12.1,35.2,18.7,32.5,22.4,15.2,8.6,13.4,15.4
136,Alperen Sengun,HOU,19,20,5,15,360.0,20.2,20.0,18.0,9.3,7.7,33.3,35.3,37.0,26.7,29.1,31.7,26.4,38.3,34.3,25.0,37.0,35.2,20.9
137,Bogdan Bogdanovic,ATL,29,20,11,9,564.0,16.9,17.0,18.9,31.9,30.8,6.2,6.3,6.0,15.6,13.5,16.3,13.3,16.3,8.2,8.5,18.7,12.2,17.1
138,Bryn Forbes,SAS,28,20,7,13,274.0,19.7,22.9,20.7,54.8,34.0,11.1,10.0,1.9,11.6,9.5,8.9,22.7,17.0,4.0,25.0,16.1,9.1,24.0
139,Corey Kispert,WAS,22,20,12,8,249.0,13.9,13.1,15.6,15.0,24.0,8.9,9.6,18.0,15.8,16.3,8.6,11.3,13.8,11.1,20.0,8.9,5.6,12.6
140,D'Angelo Russell,MIN,25,20,11,9,652.0,26.5,24.3,27.5,31.3,31.4,26.6,25.5,6.0,14.8,12.4,38.8,24.4,13.9,16.7,18.8,14.0,24.0,25.5
141,Damian Lillard,POR,31,20,10,10,714.0,27.2,23.7,27.9,28.4,32.7,31.7,28.0,5.3,13.5,11.7,42.9,26.4,11.4,11.4,25.9,10.4,29.0,25.4
142,Darius Garland,CLE,21,20,11,9,693.0,25.3,24.2,25.2,28.7,28.8,18.4,17.2,5.8,8.8,8.2,38.4,33.9,23.0,1.6,11.3,15.3,13.7,23.9
143,DeAndre Jordan,LAL,33,20,11,9,276.0,12.5,19.2,12.4,0.0,0.0,8.8,10.8,54.0,37.4,41.0,6.3,15.4,16.7,45.9,23.8,34.3,15.5,16.4
144,DeAndre' Bembry,BKN,27,20,14,6,398.0,12.0,15.2,12.4,7.6,6.7,6.7,11.2,22.1,17.1,18.0,11.0,13.1,36.4,17.0,20.0,29.0,12.4,13.1
145,Dejounte Murray,SAS,25,20,7,13,694.0,25.6,24.6,26.3,16.7,19.3,24.8,23.0,11.2,29.0,25.1,39.9,25.1,31.7,12.7,21.5,16.4,22.9,23.8
146,Delon Wright,ATL,29,20,12,8,261.0,12.1,10.3,12.1,8.2,9.8,15.5,15.5,28.3,18.7,20.9,30.5,14.5,30.8,10.0,8.3,9.3,15.9,10.8
147,Derrick White,SAS,27,20,7,13,624.0,18.3,16.7,19.3,26.1,28.1,19.1,16.3,10.1,13.0,12.4,29.7,15.9,20.4,27.8,11.1,21.9,25.1,17.8
148,Donovan Mitchell,UTA,25,20,13,7,644.0,32.4,30.7,34.2,30.4,33.6,24.6,22.0,15.7,13.8,14.2,34.8,32.4,31.1,5.0,30.2,19.6,24.2,29.8
149,Dorian Finney-Smith,DAL,28,20,11,9,617.0,12.9,13.0,13.8,20.4,20.0,7.6,8.6,27.8,12.5,16.1,9.7,11.0,28.2,16.7,14.5,18.0,8.4,13.2
150,Draymond Green,GSW,31,20,17,3,602.0,14.2,12.3,10.9,3.2,3.9,13.6,16.7,20.8,29.3,27.5,38.9,29.0,17.6,28.1,6.8,20.9,18.2,11.3
151,Drew Eubanks,SAS,24,20,7,13,294.0,18.0,16.8,15.1,0.0,2.2,37.5,37.2,54.5,28.4,32.6,19.4,30.2,17.0,50.0,29.0,32.3,41.7,17.9
152,Dwight Howard,LAL,35,20,9,11,293.0,13.4,14.3,10.2,6.9,3.5,27.1,33.3,57.7,35.5,39.8,6.0,21.7,29.3,44.8,26.1,29.2,31.1,15.4
153,Dwight Powell,DAL,30,20,11,9,394.0,12.1,15.5,11.2,6.3,5.0,19.8,22.0,50.0,20.0,27.2,11.7,14.4,18.8,37.1,18.8,32.9,26.2,15.0
154,Facundo Campazzo,DEN,30,20,9,11,366.0,14.3,13.9,14.0,22.2,18.9,20.2,18.4,12.3,12.4,12.4,27.1,18.6,31.7,15.6,7.7,22.5,24.8,15.7
155,Gary Payton II,GSW,29,20,17,3,282.0,13.9,19.8,14.6,9.4,9.9,16.8,20.6,33.9,19.5,22.6,9.0,8.8,37.7,6.5,5.6,28.8,19.0,18.0
156,Isaiah Stewart,DET,20,20,4,16,502.0,13.2,19.2,13.6,1.0,3.1,11.0,12.6,39.2,31.0,33.1,10.5,13.2,10.8,42.6,21.0,26.2,18.7,15.9
157,JaMychal Green,DEN,31,20,9,11,296.0,19.4,19.7,18.5,12.7,18.4,23.7,23.1,31.3,27.8,28.7,13.2,28.1,34.7,30.8,22.5,31.8,18.9,19.3
158,Jaden McDaniels,MIN,21,20,10,10,506.0,11.8,12.7,13.0,10.0,12.3,4.5,5.2,22.6,16.2,17.9,7.3,10.9,20.7,17.9,19.0,33.3,9.1,11.2
159,John Konchar,MEM,25,20,12,8,298.0,10.6,13.6,10.8,12.5,10.2,3.7,7.0,21.5,24.4,23.5,16.0,13.6,24.1,12.5,6.3,20.4,7.1,12.3
160,Jordan Nwora,MIL,23,20,11,9,368.0,18.6,18.5,20.4,24.5,24.0,10.2,8.7,13.8,21.5,19.7,14.6,20.0,8.9,24.3,22.2,14.3,7.6,18.1
161,Josh Giddey,OKC,19,20,6,14,587.0,20.8,19.3,20.5,12.3,15.6,10.4,12.3,27.4,25.4,25.8,42.8,29.7,23.3,21.0,20.2,17.6,15.7,17.2
162,Juan Toscano-Anderson,GSW,28,20,18,2,307.0,13.5,13.5,12.6,8.2,10.2,12.0,11.6,16.4,18.7,18.2,24.7,23.7,23.7,25.8,12.5,21.9,12.5,12.6
163,Keldon Johnson,SAS,22,20,7,13,630.0,20.0,20.3,20.0,16.9,15.0,30.5,31.7,16.2,22.3,21.0,10.9,15.6,17.0,5.6,33.3,15.5,22.1,21.0
164,Kenyon Martin Jr.,HOU,20,20,5,15,311.0,16.5,21.5,19.0,9.6,11.5,13.5,13.4,19.6,22.7,22.1,12.1,9.2,16.4,25.0,25.0,13.0,11.3,19.0
165,Kevin Durant,BKN,33,20,14,6,716.0,30.6,33.7,30.5,19.7,19.0,44.6,41.5,8.7,25.5,22.8,27.7,27.5,13.3,18.6,18.5,10.0,31.8,33.8
166,Kyle Lowry,MIA,35,20,12,8,676.0,17.7,15.5,17.0,21.8,24.4,15.1,13.2,7.7,17.5,15.3,43.4,27.4,19.5,17.1,8.8,19.3,20.4,16.1
167,LaMarcus Aldridge,BKN,36,20,14,6,452.0,22.4,29.6,25.1,8.0,8.3,18.9,18.9,40.3,25.6,28.1,6.5,11.1,10.3,39.3,15.4,18.0,20.4,25.7
168,Lonnie Walker IV,SAS,22,20,7,13,445.0,22.4,18.2,23.6,29.6,37.8,20.6,18.2,1.3,19.0,15.4,19.8,21.4,16.9,15.7,8.9,17.7,11.7,19.5
169,Mason Plumlee,CHA,31,20,12,8,523.0,11.6,13.3,9.7,0.0,0.0,12.9,25.5,39.8,24.5,28.3,20.0,17.6,16.0,44.4,23.6,31.4,25.1,11.7
170,Naz Reid,MIN,22,20,10,10,319.0,21.1,26.2,21.8,17.9,16.1,34.6,35.2,34.2,22.5,25.9,9.7,17.0,16.4,41.7,22.2,32.3,27.4,26.1
171,Precious Achiuwa,TOR,22,20,10,10,526.0,17.0,15.3,17.6,6.1,7.5,12.4,17.9,33.1,31.6,32.0,14.0,14.9,10.8,21.1,35.5,24.2,15.3,14.0
172,Richaun Holmes,SAC,28,20,7,13,559.0,17.3,27.2,17.5,1.6,1.0,21.5,21.6,51.9,35.0,38.6,9.8,17.8,7.6,35.7,19.6,29.0,21.7,23.8
173,Seth Curry,PHI,31,20,10,10,680.0,18.4,21.5,19.2,28.1,24.4,18.9,16.5,7.6,9.9,9.5,16.2,19.6,15.9,2.8,9.7,19.8,19.2,21.8
174,Stephen Curry,GSW,33,20,17,3,686.0,30.1,29.8,32.0,45.2,42.3,36.3,29.0,7.1,19.5,16.6,29.6,27.5,24.8,15.5,33.3,12.8,25.5,32.8
175,Taurean Prince,MIN,27,20,11,9,301.0,12.7,11.9,13.6,17.9,19.4,10.6,11.2,13.9,17.3,16.4,10.5,10.6,14.8,11.8,0.0,19.3,15.1,12.5
176,Tim Hardaway Jr.,DAL,29,20,11,9,652.0,19.3,18.7,21.6,27.1,27.4,17.4,16.9,3.8,15.3,12.7,15.5,7.5,19.0,4.3,13.0,16.0,14.9,19.6
177,Al Horford,BOS,35,19,11,8,548.0,18.3,20.7,19.4,20.3,19.8,20.7,19.9,34.4,30.5,31.2,24.7,15.0,18.2,49.3,11.4,23.0,18.5,20.7
178,Bradley Beal,WAS,28,19,11,8,685.0,30.7,29.2,31.4,22.2,26.5,30.8,27.3,13.2,15.0,14.7,34.1,34.0,21.8,7.6,23.7,16.4,28.2,28.8
179,Brandon Clarke,MEM,25,19,9,10,304.0,16.4,23.6,17.5,1.3,5.0,17.6,20.1,36.3,21.6,25.8,15.0,10.5,14.0,32.1,12.2,25.0,18.9,20.4
180,Caleb Martin,MIA,26,19,11,8,339.0,15.1,15.7,16.7,12.9,15.7,13.4,17.7,21.2,16.8,17.8,7.6,9.8,32.7,34.8,17.1,18.7,13.7,15.1
181,Daniel Gafford,WAS,23,19,12,7,401.0,16.3,23.5,15.9,0.0,0.0,22.5,25.7,50.0,23.1,28.6,9.9,17.4,21.6,59.1,40.0,29.4,28.8,20.9
182,Danilo Gallinari,ATL,33,19,10,9,393.0,16.3,15.1,17.3,25.3,24.0,21.3,19.4,12.4,21.6,19.3,13.5,9.7,18.2,13.3,8.3,16.4,20.2,17.3
183,De'Anthony Melton,MEM,23,19,11,8,469.0,18.6,17.9,19.8,26.5,26.3,9.2,9.6,12.3,18.3,16.6,19.0,19.4,28.4,17.4,12.9,16.8,12.3,17.9
184,Derrick Jones Jr.,CHI,24,19,12,7,318.0,12.9,16.4,13.0,7.4,9.0,17.6,18.1,33.3,18.0,21.8,7.4,10.3,21.6,41.0,23.8,28.7,20.3,16.0
185,Derrick Rose,NYK,33,19,9,10,451.0,22.2,24.4,24.5,23.9,21.4,15.2,12.9,12.3,12.3,12.3,33.5,19.0,23.6,18.2,28.6,6.8,11.2,22.8
186,Eric Paschall,UTA,25,19,14,5,230.0,13.6,14.3,14.2,14.9,16.2,17.1,17.5,25.5,13.7,16.3,14.6,11.6,7.4,11.5,12.5,17.2,13.8,14.8
187,Gabe Vincent,MIA,25,19,11,8,300.0,17.5,18.1,19.0,28.0,26.3,10.3,9.5,16.1,8.1,10.0,24.7,19.8,25.6,0.0,6.9,28.3,19.8,18.2
188,Gorgui Dieng,ATL,31,19,10,9,159.0,14.6,13.5,13.9,10.3,14.5,15.3,19.7,44.2,35.3,37.5,20.3,21.6,16.7,45.5,16.7,40.0,24.2,13.4
189,Harrison Barnes,SAC,29,19,7,12,665.0,20.4,19.6,19.0,24.0,20.2,37.7,34.6,19.0,23.2,22.3,15.0,19.6,21.8,4.3,25.4,10.2,30.4,23.3
190,Ja Morant,MEM,22,19,9,10,619.0,31.0,31.4,30.6,21.8,21.2,43.1,42.9,15.8,19.2,18.3,41.6,32.4,24.8,6.9,43.4,10.9,42.8,32.1
191,Jalen Brunson,DAL,25,19,11,8,542.0,21.2,23.3,21.7,14.7,14.5,23.5,22.3,7.3,17.4,15.2,36.0,22.6,19.7,2.1,23.5,15.1,29.2,22.3
192,Jarrett Allen,CLE,23,19,12,7,629.0,17.3,24.3,16.1,0.7,1.0,28.8,33.7,47.8,32.1,35.7,10.5,17.3,17.0,40.7,19.1,14.7,34.5,22.5
193,Jaxson Hayes,NOP,21,19,3,16,232.0,18.6,23.7,18.6,8.2,7.1,31.8,32.2,39.3,24.8,29.0,5.2,15.4,13.5,48.0,29.2,33.7,33.3,23.6
194,Josh Hart,NOP,26,19,5,14,572.0,15.5,16.5,15.2,10.9,12.0,22.5,22.4,14.0,25.4,22.5,24.1,15.2,21.2,17.5,22.2,22.0,22.6,16.7
195,Josh Jackson,DET,24,19,3,16,361.0,18.9,17.9,19.3,19.3,20.8,17.0,18.9,15.3,25.6,23.0,20.2,18.3,12.3,24.3,38.7,23.0,19.1,17.9
196,Kenrich Williams,OKC,27,19,6,13,383.0,15.1,17.2,15.6,14.4,13.1,13.3,16.8,20.2,15.8,16.9,22.6,12.8,21.3,9.7,8.5,20.4,18.7,16.3
197,Malcolm Brogdon,IND,28,19,7,12,672.0,24.9,25.4,25.1,23.0,22.7,38.7,33.7,13.3,17.9,16.9,35.7,23.0,21.0,12.9,35.8,14.8,27.7,26.8
198,Mike Conley,UTA,34,19,14,5,536.0,18.6,20.5,20.0,25.8,22.6,13.7,11.8,4.0,7.7,7.0,37.5,19.8,28.4,9.6,4.5,21.2,16.1,20.3
199,Mitchell Robinson,NYK,23,19,9,10,487.0,8.8,13.8,7.8,0.0,0.0,17.7,21.1,53.8,27.3,33.7,6.5,8.7,9.9,55.2,14.6,31.8,17.2,12.6
200,Nick Richards,CHA,24,19,10,9,163.0,13.6,18.9,12.5,0.0,0.0,19.0,17.9,41.5,16.8,23.1,4.8,21.1,14.8,60.0,29.4,43.8,17.3,16.9
201,Norman Powell,POR,28,19,9,10,552.0,21.4,22.8,21.9,24.7,20.1,32.8,32.2,6.7,10.2,9.5,9.7,14.7,18.9,13.8,31.1,16.9,29.4,24.5
202,Otto Porter Jr.,GSW,28,19,16,3,357.0,15.1,16.8,16.5,26.4,22.9,12.2,12.6,21.9,26.8,25.8,10.7,11.5,23.7,20.6,3.7,16.5,18.1,17.7
203,Reggie Bullock,DAL,30,19,10,9,431.0,12.6,11.7,14.1,19.5,21.8,3.8,5.1,5.1,16.2,13.9,6.4,10.3,9.2,2.4,16.7,16.3,3.3,11.8
204,Royce O'Neale,UTA,28,19,12,7,589.0,10.4,10.4,10.8,16.9,16.4,4.5,5.3,13.5,16.8,16.1,15.3,13.3,29.6,19.7,5.3,19.0,7.3,10.2
205,Shai Gilgeous-Alexander,OKC,23,19,6,13,663.0,27.4,27.2,27.7,25.3,25.0,39.3,36.6,8.2,16.6,14.8,31.3,24.5,20.0,17.2,22.1,17.1,30.9,28.8
206,Spencer Dinwiddie,WAS,28,19,12,7,565.0,21.1,20.6,22.5,31.1,27.2,24.1,21.7,11.3,19.1,17.5,39.4,18.0,8.8,5.6,25.0,18.1,23.5,22.2
207,Terry Rozier,CHA,27,19,10,9,626.0,21.9,23.2,23.9,26.2,26.9,20.6,17.8,9.0,12.7,11.8,20.4,16.0,21.0,13.7,18.0,11.3,18.1,23.3
208,Thanasis Antetokounmpo,MIL,29,19,10,9,241.0,13.2,13.7,13.1,0.0,2.8,14.1,18.3,41.3,26.7,30.1,14.6,13.5,27.0,13.6,26.9,33.0,18.0,12.1
209,Tomas Satoransky,NOP,30,19,5,14,295.0,11.6,9.4,11.8,4.6,7.7,10.2,11.7,16.2,13.7,14.3,28.6,13.0,14.9,0.0,16.7,20.2,11.4,9.0
210,Ty Jerome,OKC,24,19,6,13,272.0,21.3,23.1,23.5,26.7,27.8,26.1,22.8,9.8,9.0,9.2,22.8,11.6,33.3,8.7,13.3,22.5,20.8,24.1
211,Tyler Herro,MIA,21,19,11,8,641.0,28.2,29.5,30.5,34.0,31.9,18.2,17.1,9.0,20.0,17.3,23.4,27.7,11.1,2.6,36.7,9.2,16.5,28.2
212,Will Barton,DEN,30,19,9,10,636.0,21.1,22.2,22.8,29.9,26.2,13.8,14.1,10.2,19.1,17.4,24.2,18.4,20.0,13.8,20.3,9.3,17.0,22.1
213,Austin Rivers,DEN,29,18,10,8,314.0,13.1,11.5,14.6,16.3,18.9,3.4,5.1,12.5,9.5,10.1,9.9,11.9,20.0,7.4,24.0,17.2,5.8,11.0
214,Bam Adebayo,MIA,24,18,10,8,592.0,25.2,26.7,23.1,0.0,0.2,42.5,44.8,41.2,29.8,32.2,18.6,28.8,22.2,20.7,36.0,22.3,37.4,26.4
215,Bobby Portis,MIL,26,18,11,7,503.0,22.0,24.7,23.5,21.9,19.4,22.1,20.1,42.1,25.5,29.1,9.6,20.4,18.8,40.0,31.4,25.8,18.4,24.0
216,Bruce Brown,BKN,25,18,12,6,425.0,13.3,17.0,15.5,6.9,7.1,6.0,6.7,25.0,17.0,18.5,8.6,8.6,33.8,22.5,28.9,23.2,9.0,14.1
217,Devin Vassell,SAS,21,18,5,13,450.0,17.8,19.6,19.8,31.1,29.4,14.0,13.1,10.0,19.2,17.1,9.7,10.3,22.3,26.1,11.5,20.7,14.0,20.2
218,Eric Gordon,HOU,32,18,5,13,529.0,19.4,20.0,20.1,29.3,23.7,14.7,15.1,3.4,8.2,7.3,19.4,21.9,17.7,17.7,16.9,8.4,11.5,20.2
219,Evan Mobley,CLE,20,18,12,6,607.0,19.3,21.5,19.9,9.2,9.3,22.1,22.0,23.9,26.6,26.1,15.0,17.6,18.5,48.6,23.2,18.4,18.8,20.3
220,Jalen Green,HOU,19,18,2,16,555.0,22.3,21.5,23.2,26.9,28.7,27.1,22.9,6.4,12.0,10.8,18.8,20.9,15.5,7.8,29.4,12.5,20.8,23.0
221,Kemba Walker,NYK,31,18,10,8,441.0,20.8,22.2,22.2,29.2,26.0,16.9,14.8,2.5,14.3,11.9,28.4,18.8,33.9,11.1,17.9,11.8,27.3,22.5
222,Kevin Porter Jr.,HOU,21,18,5,13,556.0,24.5,18.2,22.8,21.6,25.0,23.6,26.6,14.0,15.5,15.2,40.0,31.5,30.9,11.5,20.6,17.4,25.1,19.4
223,P.J. Dozier,DEN,25,18,9,9,340.0,14.7,14.3,16.3,20.3,18.3,9.5,9.8,19.7,20.8,20.5,20.1,12.4,18.3,18.2,11.1,19.8,13.8,14.2
224,Payton Pritchard,BOS,23,18,10,8,158.0,15.5,8.7,16.4,15.9,22.7,6.5,5.8,18.2,12.0,13.3,27.4,20.0,0.0,11.1,15.8,21.2,10.6,9.4
225,Sterling Brown,DAL,26,18,10,8,225.0,12.8,10.7,13.2,17.5,21.5,6.1,4.7,25.0,28.8,27.9,12.5,18.3,23.5,10.5,30.4,23.3,5.4,10.9
226,Tre Jones,SAS,21,18,7,11,172.0,17.8,20.9,18.7,0.0,3.4,16.4,12.3,2.9,14.6,12.1,26.9,25.0,20.0,0.0,18.2,24.5,21.3,18.9
227,Willie Cauley-Stein,DAL,28,18,10,8,177.0,10.2,11.0,10.3,1.9,1.3,2.1,3.4,34.2,19.1,22.5,11.3,15.2,17.1,30.0,28.6,22.7,6.8,8.7
228,Ziaire Williams,MEM,20,18,9,9,335.0,13.8,12.5,15.5,18.4,27.2,3.7,4.1,6.2,9.7,8.8,6.5,11.1,14.5,14.0,13.5,22.9,6.6,11.9
229,Aaron Nesmith,BOS,22,17,9,8,157.0,16.0,14.8,18.0,22.2,29.5,5.1,4.1,16.7,17.9,17.6,7.1,14.0,16.0,0.0,0.0,30.0,7.0,14.4
230,Armoni Brooks,HOU,23,17,5,12,206.0,17.7,18.1,21.1,43.1,38.1,9.7,8.4,9.3,12.8,12.0,8.4,7.1,22.2,11.1,10.0,25.0,6.0,19.8
231,Blake Griffin,BKN,32,17,13,4,369.0,14.5,11.0,16.5,8.3,20.1,11.1,13.5,42.9,21.5,24.6,16.7,7.6,16.4,34.5,21.1,30.7,30.8,10.7
232,Brandon Ingram,NOP,24,17,6,11,583.0,29.5,29.7,30.0,24.0,22.1,34.5,33.6,10.5,22.3,19.4,25.8,29.3,4.4,10.9,29.7,13.5,30.6,29.8
233,Cade Cunningham,DET,20,17,4,13,533.0,25.3,22.8,24.8,28.0,30.3,13.9,13.7,13.3,24.5,21.6,32.5,36.4,25.3,21.6,27.9,18.5,16.0,21.8
234,Cameron Payne,PHX,27,17,16,1,303.0,25.9,24.0,26.7,23.8,27.6,30.3,29.0,8.1,17.2,15.3,32.9,25.9,19.2,15.6,19.2,19.7,24.8,25.0
235,Cedi Osman,CLE,26,17,10,7,378.0,19.8,22.4,21.7,40.2,33.3,13.6,14.4,9.1,16.8,15.2,13.6,14.3,24.0,12.9,4.4,19.6,13.9,23.3
236,Chuma Okeke,ORL,23,17,4,13,360.0,16.1,16.7,17.3,15.2,17.8,16.1,14.0,14.7,23.0,21.3,13.1,12.6,21.4,13.3,10.6,17.8,13.9,16.4
237,Cole Anthony,ORL,21,17,5,12,582.0,25.7,24.7,25.7,27.1,26.7,33.0,30.2,7.3,25.1,21.1,35.7,27.7,22.8,5.6,20.3,17.4,28.8,26.1
238,D.J. Augustin,HOU,34,17,3,14,210.0,13.7,11.3,12.7,22.4,19.2,15.6,11.2,5.0,8.3,7.6,34.7,25.0,9.7,0.0,0.0,13.6,8.8,13.5
239,Gary Harris,ORL,27,17,3,14,422.0,14.4,15.0,15.9,14.8,17.3,5.5,4.9,17.6,6.7,8.9,15.8,13.8,19.0,4.9,17.6,17.4,8.0,13.7
240,Ish Smith,CHA,33,17,9,8,213.0,19.0,18.3,20.8,2.0,1.5,4.3,7.8,2.2,12.1,9.7,34.6,21.7,23.3,21.1,14.3,13.0,9.9,14.5
241,Jeremy Lamb,IND,29,17,5,12,234.0,20.0,20.2,21.5,31.7,27.5,30.1,25.2,9.6,23.6,20.3,16.5,11.6,23.5,22.6,7.4,15.7,19.6,23.2
242,Jimmy Butler,MIA,32,17,11,6,582.0,26.9,29.2,25.5,4.7,7.7,52.7,49.7,22.3,17.3,18.4,31.3,20.4,37.5,21.7,21.3,11.3,40.7,31.1
243,Jrue Holiday,MIL,31,17,12,5,533.0,23.4,22.2,24.1,17.0,19.3,10.6,12.3,10.4,15.4,14.4,38.0,29.7,28.4,15.7,30.6,20.2,15.3,19.9
244,Justin Robinson,MIL,24,17,10,7,198.0,14.6,13.1,16.8,17.2,21.8,2.6,1.9,5.6,8.1,7.6,23.9,15.9,28.6,0.0,0.0,20.0,12.0,11.8
245,Kelan Martin,IND,26,17,8,9,284.0,19.9,21.0,22.5,21.3,23.3,8.3,9.6,16.4,11.3,12.5,12.6,13.4,24.3,16.7,26.9,17.6,6.0,19.5
246,Kent Bazemore,LAL,32,17,8,9,347.0,11.0,9.2,12.1,19.7,19.7,10.5,9.6,4.6,12.9,10.7,9.9,6.8,24.6,11.6,0.0,30.4,12.2,10.3
247,Killian Hayes,DET,20,17,4,13,440.0,14.0,11.4,13.4,16.8,14.3,12.2,10.1,10.5,17.2,15.3,30.4,20.6,34.9,15.6,13.2,25.1,11.3,12.2
248,Lou Williams,ATL,35,17,10,7,222.0,23.5,22.7,24.5,17.9,17.7,24.7,23.1,8.9,12.8,11.8,25.8,23.5,23.5,10.5,25.0,17.2,17.2,22.5
249,Luka Doncic,DAL,22,17,11,6,590.0,35.5,34.1,34.1,30.8,29.4,36.0,37.8,10.7,31.6,26.6,54.3,48.7,20.6,16.9,24.5,16.4,35.9,34.0
250,Naji Marshall,NOP,23,17,3,14,205.0,17.7,12.8,15.4,6.7,15.9,32.5,29.0,22.4,25.3,24.5,19.4,25.0,28.6,14.3,35.0,26.0,24.7,15.7
251,Romeo Langford,BOS,22,17,9,8,323.0,11.7,11.6,12.6,21.7,14.9,7.3,8.3,17.8,15.8,16.4,6.5,11.1,16.3,6.3,18.2,18.3,11.4,11.9
252,Shake Milton,PHI,25,17,9,8,428.0,20.4,23.4,22.1,16.0,16.7,23.0,20.0,11.8,14.1,13.6,26.5,15.4,18.2,11.3,20.0,18.8,21.7,22.6
253,Thaddeus Young,SAS,33,17,6,11,265.0,19.4,24.5,19.1,0.0,1.5,12.1,19.0,50.9,18.2,25.4,30.3,28.8,34.0,25.0,17.1,27.2,18.9,21.3
254,Tony Bradley,CHI,23,17,10,7,222.0,12.7,14.5,12.6,0.0,0.0,6.7,6.6,55.6,27.5,33.5,7.4,20.7,2.9,41.7,21.2,27.5,12.0,12.2
255,Tony Snell,POR,30,17,8,9,188.0,9.1,7.3,10.5,15.0,18.2,2.6,2.0,5.3,16.5,13.8,9.9,5.8,10.3,11.8,10.0,19.5,3.1,8.0
256,Amir Coffey,LAC,24,16,7,9,207.0,11.0,8.6,11.0,17.5,20.0,27.4,22.9,8.8,14.3,13.3,13.3,7.5,3.1,12.5,6.3,18.1,14.6,12.4
257,Caris LeVert,IND,27,16,7,9,427.0,26.3,24.6,28.0,17.9,22.7,20.8,21.7,6.6,12.3,11.1,22.1,20.0,18.3,15.6,29.5,19.9,20.0,23.4
258,Daniel Theis,HOU,29,16,2,14,371.0,15.3,19.6,16.4,17.7,17.7,14.2,13.5,24.6,21.2,21.8,9.0,13.1,13.2,22.0,4.5,25.8,17.2,18.5
259,Dean Wade,CLE,25,16,7,9,358.0,9.7,10.6,11.4,14.7,16.7,5.6,5.1,16.9,15.3,15.6,13.0,4.0,17.5,5.3,0.0,28.3,7.1,10.5
260,Deandre Ayton,PHX,23,16,13,3,489.0,20.4,26.3,20.7,0.9,1.8,14.6,20.1,61.3,37.7,42.0,7.7,22.7,15.4,40.0,32.1,22.2,17.5,22.5
261,Derrick Favors,OKC,30,16,6,10,267.0,15.2,20.9,17.2,4.0,4.2,11.1,14.1,40.7,26.4,29.5,5.9,6.8,19.0,10.5,20.7,23.5,17.4,17.9
262,Dylan Windler,CLE,25,16,9,7,182.0,11.2,11.9,12.0,15.0,15.6,6.1,6.0,18.9,18.8,18.8,19.6,11.4,12.5,13.3,16.7,24.7,4.8,11.7
263,Goga Bitadze,IND,22,16,6,10,138.0,17.8,13.5,19.1,14.8,24.8,21.2,25.4,51.6,22.1,29.4,5.7,12.5,34.6,55.6,41.7,46.4,21.7,15.0
264,Hamidou Diallo,DET,23,16,1,15,233.0,17.0,22.9,18.7,8.5,9.3,15.7,15.3,34.1,20.3,23.4,11.6,12.6,23.4,29.2,7.4,26.0,20.2,20.2
265,Jordan McLaughlin,MIN,25,16,9,7,165.0,12.0,8.8,11.4,5.6,11.0,11.4,10.9,4.4,10.9,8.9,42.0,19.6,25.7,0.0,15.4,7.2,13.8,8.6
266,Josh Richardson,BOS,28,16,10,6,396.0,15.5,17.9,17.2,19.5,18.9,12.4,12.1,12.2,13.6,13.3,12.1,11.1,16.1,18.8,11.4,19.5,12.0,17.0
267,Justise Winslow,LAC,25,16,10,6,129.0,17.4,14.9,16.9,3.3,8.4,5.7,8.0,26.7,27.3,27.1,23.3,36.8,29.2,33.3,45.5,17.5,11.6,12.4
268,Keita Bates-Diop,SAS,25,16,6,10,220.0,11.7,10.7,11.0,2.6,8.8,11.5,10.5,20.0,23.2,22.5,4.2,22.2,15.4,23.1,22.2,14.1,8.6,10.1
269,Malachi Flynn,TOR,23,16,7,9,137.0,16.5,15.9,18.3,18.2,24.2,6.7,8.9,10.9,19.8,16.5,26.8,15.2,24.2,11.1,4.5,23.7,19.2,14.7
270,Maurice Harkless,SAC,28,16,7,9,327.0,10.2,8.9,10.8,11.8,17.5,9.3,9.3,5.6,16.9,14.9,5.8,7.7,18.6,25.8,5.6,19.7,13.3,9.3
271,Mike Muscala,OKC,30,16,5,11,233.0,20.3,24.4,22.4,44.3,31.8,30.0,29.1,12.2,26.6,23.5,8.8,9.1,17.6,35.7,18.5,21.0,21.3,27.8
272,Nikola Jokic,DEN,26,16,9,7,523.0,30.3,34.2,29.4,22.6,19.5,46.1,45.0,44.2,42.5,42.8,35.8,33.8,26.4,32.5,34.1,26.8,46.7,34.5
273,Nikola Vucevic,CHI,31,16,11,5,529.0,22.4,21.8,24.0,19.3,20.9,10.5,13.7,30.9,36.1,35.1,22.1,18.2,17.8,34.0,19.0,22.5,15.6,20.0
274,Patrick Beverley,MIN,33,16,8,8,406.0,13.4,14.2,14.0,15.0,15.7,10.4,11.9,20.5,18.1,18.9,34.8,14.2,18.4,29.6,4.5,24.2,18.5,13.8
275,Paul Millsap,BKN,36,16,11,5,179.0,14.4,11.5,14.6,9.8,15.1,12.8,14.1,35.1,28.1,29.5,14.8,17.4,20.0,22.7,11.8,43.0,16.2,11.5
276,Rodney Hood,MIL,29,16,9,7,227.0,10.4,9.7,13.0,18.3,18.2,8.3,6.5,11.1,15.9,14.8,12.8,2.4,13.3,0.0,0.0,14.3,6.4,10.5
277,Alex Len,SAC,28,15,6,9,248.0,15.8,17.1,13.7,9.7,6.6,22.7,23.6,28.6,25.4,26.1,13.9,26.6,6.1,68.2,18.8,44.2,20.9,17.0
278,Bones Hyland,DEN,21,15,8,7,237.0,22.7,21.5,24.2,33.8,34.5,23.1,20.0,7.8,16.4,14.2,23.2,21.7,26.8,15.8,26.7,24.3,18.7,23.5
279,Damion Lee,GSW,29,15,13,2,315.0,18.2,18.8,19.9,20.4,20.0,18.9,18.9,9.3,15.6,14.4,9.9,10.6,5.9,7.7,14.8,15.2,18.1,19.0
280,Danny Green,PHI,34,15,6,9,346.0,12.8,14.0,13.9,33.7,30.6,3.1,2.6,17.2,10.1,11.4,9.8,15.7,36.4,23.3,5.0,26.9,7.7,14.5
281,David Nwaba,HOU,28,15,1,14,176.0,15.7,16.4,16.0,2.2,9.7,19.7,21.4,18.6,31.1,27.9,13.5,11.4,26.3,25.0,29.6,24.2,22.1,15.4
282,Frank Ntilikina,DAL,23,15,8,7,213.0,17.6,15.3,18.1,21.2,21.2,19.0,14.6,6.0,15.3,13.2,20.6,21.7,28.6,16.7,22.2,22.0,20.9,16.6
283,Isaac Okoro,CLE,20,15,7,8,445.0,13.8,12.8,14.5,8.8,13.5,14.5,15.9,22.9,12.2,14.6,13.2,11.5,21.3,12.8,26.5,23.4,15.0,12.6
284,Khem Birch,TOR,29,15,7,8,344.0,12.1,13.8,12.1,0.0,2.4,21.2,21.4,40.7,17.1,25.4,13.1,8.9,21.4,26.9,10.3,18.6,19.6,13.4
285,Khris Middleton,MIL,30,15,11,4,458.0,25.5,23.3,26.2,24.2,24.6,28.9,25.8,6.6,19.4,16.9,31.5,30.7,27.0,7.9,12.5,16.3,24.6,24.3
286,Kristaps Porzingis,DAL,26,15,8,7,455.0,26.6,28.9,27.5,21.7,23.2,48.7,40.8,38.9,26.3,29.1,12.8,20.4,19.7,56.8,24.3,20.2,31.4,30.4
287,Matisse Thybulle,PHI,24,15,9,6,383.0,11.0,12.9,11.3,12.9,14.3,4.5,3.8,11.6,11.5,11.5,8.8,16.5,40.0,38.6,4.2,16.7,4.7,11.6
288,Max Strus,MIA,25,15,10,5,321.0,15.0,15.8,17.4,35.4,32.0,8.5,10.9,4.3,20.4,16.6,9.6,8.7,15.9,12.5,24.0,17.1,12.4,17.0
289,Moses Moody,GSW,19,15,15,0,88.0,13.4,16.4,17.6,11.1,21.4,3.8,6.7,6.3,12.5,11.5,7.5,2.6,0.0,25.0,0.0,13.3,7.4,13.9
290,OG Anunoby,TOR,24,15,7,8,560.0,23.4,24.1,25.3,30.1,29.8,20.8,19.6,17.1,16.1,16.4,16.9,16.6,18.9,17.6,33.3,18.6,19.0,24.3
291,Robert Williams III,BOS,24,15,9,6,448.0,10.9,17.0,10.6,0.0,0.0,11.2,13.9,58.0,24.3,32.1,9.1,13.0,17.8,50.9,9.1,13.7,10.7,14.2
292,Terence Davis,SAC,24,15,6,9,231.0,23.7,20.4,25.5,29.8,38.4,9.9,12.0,7.5,17.7,15.8,11.0,23.2,30.6,18.5,21.4,33.0,11.1,20.0
293,Timothe Luwawu-Cabarrot,ATL,26,15,10,5,78.0,17.2,17.2,19.4,33.3,31.1,20.8,20.7,0.0,18.6,15.5,12.8,8.3,14.3,12.5,16.7,31.8,16.7,19.9
294,Trent Forrest,UTA,23,15,10,5,118.0,9.2,10.0,7.3,0.0,2.1,14.3,13.1,12.0,12.6,12.5,21.3,15.7,25.0,0.0,14.3,15.8,13.5,9.5
295,Tristan Thompson,SAC,30,15,6,9,212.0,17.0,19.9,16.5,0.0,0.0,19.2,26.1,60.0,31.4,39.4,11.2,17.2,20.8,31.6,29.6,32.1,25.3,17.7
296,Wayne Ellington,LAL,34,15,7,8,312.0,12.0,12.7,14.6,33.7,32.1,3.7,2.9,5.4,9.6,8.8,6.5,6.5,12.0,5.4,11.1,12.2,7.4,13.9
297,Xavier Tillman,MEM,22,15,8,7,203.0,16.0,15.8,16.5,7.4,12.7,26.3,25.5,30.2,21.1,23.8,18.1,13.5,37.8,16.7,10.5,20.3,23.5,15.7
298,Abdel Nader,PHX,28,14,11,3,145.0,13.9,10.1,13.3,10.5,13.6,17.1,20.8,13.8,20.5,19.1,10.1,17.5,28.6,26.7,18.2,27.0,23.3,10.9
299,Cam Thomas,BKN,20,14,8,6,127.0,20.3,20.2,23.7,18.2,27.7,20.0,18.3,6.7,12.3,10.8,17.5,7.5,19.0,20.0,50.0,10.4,20.8,20.0
300,Danuel House Jr.,HOU,28,14,5,9,192.0,18.3,15.7,18.5,18.5,19.5,15.7,13.8,10.3,23.7,21.5,14.0,22.1,17.2,21.7,13.5,18.8,12.2,16.1
301,Denzel Valentine,CLE,28,14,7,7,95.0,17.8,16.4,20.6,25.0,25.3,0.0,0.0,25.0,18.0,20.0,8.6,15.2,25.0,0.0,14.3,22.5,8.7,15.5
302,Jared Butler,UTA,21,14,12,2,65.0,23.8,18.2,25.9,22.2,28.6,13.3,20.0,0.0,13.2,10.3,33.3,22.6,22.2,85.7,20.0,38.2,12.0,17.6
303,Joe Harris,BKN,30,14,10,4,423.0,14.6,15.8,16.6,30.8,26.7,4.1,3.8,8.9,15.6,14.7,6.1,11.0,11.1,5.6,14.3,18.3,6.0,16.4
304,Jonathan Kuminga,GSW,19,14,12,2,101.0,21.3,21.1,22.2,6.9,14.9,20.0,25.0,36.8,18.8,22.1,10.6,21.6,21.1,28.6,30.0,37.0,23.1,19.0
305,Josh Okogie,MIN,23,14,4,10,223.0,10.0,8.0,9.7,5.0,7.7,14.5,17.8,20.6,13.5,15.6,15.2,11.3,26.8,16.1,28.6,22.3,25.8,8.6
306,Kevin Love,CLE,33,14,6,8,285.0,21.6,21.9,23.1,35.9,30.6,27.7,23.5,21.1,39.0,34.5,19.7,14.6,10.0,23.5,10.5,18.1,24.4,24.4
307,Nicolas Batum,LAC,32,14,9,5,386.0,12.0,15.9,13.4,28.8,22.8,4.3,7.1,11.1,25.1,22.5,11.2,9.4,21.6,30.6,3.4,13.4,6.5,16.0
308,Paul Reed,PHI,22,14,7,7,137.0,12.3,15.3,13.5,0.0,2.9,0.0,0.0,38.1,27.5,31.1,12.1,14.0,42.9,47.4,33.3,35.6,8.9,12.0
309,Rajon Rondo,LAL,35,14,5,9,208.0,16.5,12.0,16.0,12.7,15.1,0.0,0.0,17.4,16.4,16.6,44.6,31.1,28.2,12.0,20.0,22.0,7.5,10.3
310,Tobias Harris,PHI,29,14,6,8,477.0,25.4,28.6,27.3,17.5,20.9,18.3,18.0,16.9,29.6,27.1,24.8,21.2,8.3,13.0,36.5,11.3,16.5,25.7
311,Tre Mann,OKC,20,14,4,10,214.0,21.6,25.9,23.8,31.6,23.1,17.2,17.4,13.2,11.8,12.2,5.9,16.9,22.6,23.8,29.4,24.7,16.7,25.0
312,Troy Brown Jr.,CHI,22,14,11,3,133.0,16.3,19.6,19.2,29.6,28.8,4.3,6.8,17.4,22.6,21.5,10.0,10.5,12.5,0.0,30.0,16.4,11.8,18.1
313,Alize Johnson,CHI,25,13,9,4,97.0,13.2,17.6,12.8,0.0,1.6,8.6,11.9,65.0,33.3,42.3,18.6,23.1,18.8,0.0,33.3,25.5,14.3,14.3
314,Doug McDermott,SAS,29,13,4,9,328.0,16.7,18.3,18.6,40.9,32.0,8.2,8.8,11.7,9.7,10.1,8.5,8.7,4.0,0.0,19.0,15.1,9.8,19.3
315,Isaiah Joe,PHI,22,13,7,6,124.0,17.1,15.5,20.4,33.3,35.8,15.4,12.1,7.4,17.7,15.1,13.3,10.3,5.9,0.0,20.0,18.8,19.4,17.6
316,Jakob Poeltl,SAS,26,13,5,8,374.0,17.2,22.1,16.6,0.0,0.0,14.7,27.0,65.9,24.0,34.5,11.6,18.6,11.9,47.5,21.4,27.6,24.4,19.4
317,James Johnson,BKN,34,13,9,4,214.0,13.0,12.4,13.2,5.1,7.5,6.0,11.5,26.1,19.8,21.2,17.8,15.5,16.1,20.0,9.5,28.9,7.5,10.5
318,Jaylen Brown,BOS,25,13,6,7,426.0,27.2,29.9,28.0,30.4,27.4,28.0,29.1,6.5,18.6,16.0,14.4,25.8,21.2,9.7,22.7,21.6,28.7,29.6
319,Josh Christopher,HOU,19,13,3,10,102.0,21.5,19.5,22.3,22.2,14.3,14.9,14.3,20.0,15.3,16.3,26.7,32.1,22.2,0.0,31.3,20.0,19.6,18.8
320,Lauri Markkanen,CLE,24,13,7,6,404.0,19.7,19.2,22.5,31.9,31.8,20.7,18.8,19.1,22.3,21.6,6.9,8.4,20.6,18.2,27.9,13.2,20.4,20.7
321,Luka Garza,DET,22,13,0,13,136.0,14.7,17.9,15.9,13.9,13.2,21.6,22.2,37.9,19.8,24.5,11.3,9.3,19.4,16.7,41.7,39.3,25.8,18.1
322,Omer Yurtseven,MIA,23,13,8,5,41.0,22.7,25.0,28.1,0.0,0.0,37.5,33.3,42.9,29.0,31.6,5.0,16.7,0.0,50.0,60.0,13.3,26.7,23.1
323,Oshae Brissett,IND,23,13,4,9,151.0,16.4,16.9,17.6,21.6,22.8,3.8,10.1,19.2,22.2,21.6,9.2,19.2,16.7,20.0,6.7,18.5,8.3,15.4
324,Andre Iguodala,GSW,37,12,10,2,250.0,9.3,8.6,9.6,6.3,10.2,5.1,6.0,16.3,16.8,16.7,33.1,11.0,15.3,31.3,4.0,13.2,17.0,7.8
325,Austin Reaves,LAL,23,12,8,4,238.0,10.9,11.1,11.7,14.8,18.2,11.3,9.3,11.8,11.4,11.5,9.4,11.4,6.5,6.3,6.3,22.2,17.9,11.5
326,Brad Wanamaker,IND,32,12,4,8,154.0,16.5,10.7,15.1,11.8,12.9,22.7,20.5,8.8,16.2,14.5,33.3,27.5,6.7,23.8,35.3,27.3,25.8,13.2
327,Chimezie Metu,SAC,24,12,4,8,278.0,18.5,17.0,19.8,21.9,26.5,13.6,13.5,21.2,34.0,30.9,10.1,14.9,19.2,21.9,28.6,13.9,12.1,17.1
328,Davis Bertans,WAS,29,12,8,4,195.0,16.1,11.9,18.0,35.9,39.0,18.7,14.4,7.7,14.9,13.3,7.3,9.4,8.3,0.0,0.0,20.9,13.8,15.2
329,Dennis Smith Jr.,POR,24,12,6,6,157.0,17.8,12.8,16.0,7.9,10.5,21.6,25.4,8.6,16.0,14.2,41.0,28.1,39.0,21.4,40.0,20.0,23.8,13.6
330,Isaiah Roby,OKC,23,12,1,11,160.0,19.6,25.8,20.6,11.9,11.4,24.6,22.4,37.5,19.6,23.7,13.9,15.7,12.0,23.8,30.0,25.4,26.6,23.9
331,Joel Embiid,PHI,27,12,8,4,386.0,33.0,25.8,29.3,19.3,17.6,60.1,63.4,43.3,36.1,37.3,29.2,35.1,18.3,45.5,20.6,21.5,60.6,31.1
332,Lamar Stevens,CLE,24,12,8,4,129.0,13.4,13.0,16.9,13.3,14.7,4.0,4.8,28.6,11.6,15.8,5.4,6.7,9.5,28.6,45.5,33.3,6.0,11.4
333,P.J. Washington,CHA,23,12,6,6,281.0,16.8,18.0,16.6,24.0,20.9,12.4,12.9,25.0,24.6,24.7,13.3,23.0,18.6,31.6,24.2,18.7,11.6,18.1
334,Pascal Siakam,TOR,27,12,3,9,398.0,24.6,25.2,23.9,15.2,16.4,31.9,32.9,23.8,24.9,24.6,24.7,26.7,14.3,27.5,25.0,24.0,34.3,24.9
335,Theo Maledon,OKC,20,12,3,9,155.0,16.4,8.0,14.1,8.8,20.2,21.7,19.7,16.7,14.0,14.6,20.7,31.1,19.0,6.3,10.5,18.5,20.4,10.2
336,Boban Marjanovic,DAL,33,11,6,5,63.0,32.4,42.6,34.0,8.3,2.9,28.6,41.9,38.5,23.9,27.1,5.4,25.0,0.0,33.3,50.0,46.7,39.3,38.1
337,CJ Elleby,POR,21,11,6,5,54.0,15.2,16.7,18.1,20.0,22.5,0.0,0.0,8.3,34.2,28.0,12.5,16.7,0.0,0.0,0.0,30.4,0.0,14.3
338,Collin Sexton,CLE,22,11,7,4,316.0,26.4,27.0,27.3,19.0,24.3,30.2,31.2,19.4,10.1,12.2,14.6,25.0,20.8,0.0,44.4,25.3,35.2,26.7
339,De'Andre Hunter,ATL,24,11,3,8,306.0,17.8,18.3,19.2,22.1,21.5,4.3,8.3,5.4,12.3,10.5,4.5,18.4,20.0,12.0,16.7,26.9,15.8,16.8
340,Enes Freedom,BOS,29,11,6,5,140.0,16.4,15.9,16.0,2.5,2.8,27.5,25.4,51.0,32.2,37.6,3.5,21.1,16.7,46.2,47.4,27.8,18.0,16.1
341,Ignas Brazdeikis,ORL,22,11,1,10,92.0,14.0,10.0,15.7,9.4,19.0,3.3,5.4,26.3,17.9,19.8,12.2,10.7,27.3,0.0,22.2,23.4,9.8,8.9
342,Jaylen Nowell,MIN,22,11,6,5,64.0,21.5,21.8,26.6,10.0,21.6,10.0,7.7,13.6,14.6,14.3,27.3,4.8,21.4,37.5,25.0,11.1,4.5,19.3
343,Juancho Hernangomez,BOS,26,11,6,5,39.0,18.6,12.5,19.4,12.5,22.9,26.7,27.8,25.0,26.9,26.3,0.0,18.8,50.0,0.0,0.0,21.4,20.0,15.5
344,LeBron James,LAL,36,11,7,4,406.0,29.2,29.5,29.9,31.1,34.4,29.9,29.6,6.9,18.9,16.4,35.7,31.8,29.4,17.8,18.2,14.1,33.9,29.7
345,Leandro Bolmaro,MIN,21,11,6,5,78.0,12.7,9.5,10.8,7.1,12.2,12.5,12.8,35.3,23.2,26.0,12.5,29.2,7.7,0.0,0.0,27.0,18.2,9.9
346,Markus Howard,DEN,22,11,5,6,64.0,20.6,14.3,23.0,21.7,29.6,20.0,17.4,0.0,5.6,4.0,14.8,17.6,28.6,0.0,0.0,7.7,12.5,16.3
347,Maxi Kleber,DAL,29,11,6,5,241.0,13.6,16.1,14.8,23.3,20.7,13.9,12.2,25.5,26.4,26.2,9.5,7.4,19.2,41.4,9.1,24.7,16.7,16.8
348,Sandro Mamukelashvili,MIL,22,11,7,4,93.0,12.9,18.2,16.4,13.0,14.0,8.0,8.1,50.0,19.0,26.9,9.1,4.9,0.0,20.0,27.3,16.7,10.3,16.1
349,Santi Aldama,MEM,20,11,5,6,112.0,19.4,18.7,21.8,9.4,21.0,20.8,20.5,31.0,22.0,25.0,17.6,0.0,4.5,16.7,14.3,25.7,19.4,17.8
350,Semi Ojeleye,MIL,26,11,5,6,218.0,10.4,7.6,11.5,9.4,13.9,6.1,6.6,38.9,12.6,19.5,4.5,8.3,13.3,29.4,22.2,25.4,7.8,7.7
351,Solomon Hill,ATL,30,11,7,4,122.0,6.5,2.0,8.1,4.9,12.8,0.0,0.0,17.2,13.7,14.5,18.0,2.8,19.0,16.7,9.1,33.3,3.9,2.1
352,Taj Gibson,NYK,36,11,5,6,205.0,9.4,9.4,8.2,0.0,1.9,14.6,15.0,42.0,19.0,24.4,8.6,17.2,19.0,50.0,15.0,39.1,18.2,8.5
353,Trey Burke,DAL,29,11,3,8,120.0,26.5,27.6,27.3,27.6,25.3,25.0,22.4,0.0,9.0,8.1,27.6,32.3,25.0,0.0,0.0,12.5,22.4,27.2
354,Bol Bol,DEN,22,10,4,6,47.0,12.5,21.2,16.5,0.0,5.9,7.1,17.6,14.3,34.3,28.6,9.1,0.0,12.5,66.7,0.0,15.0,6.3,15.8
355,Charles Bassey,PHI,21,10,4,6,81.0,13.0,19.0,12.6,0.0,5.2,33.3,35.0,62.5,33.9,40.3,6.1,12.0,8.3,58.3,20.0,36.7,30.4,18.2
356,Chris Chiozza,GSW,26,10,9,1,110.0,14.4,14.1,16.2,23.5,20.8,3.1,2.4,20.0,9.9,12.3,29.4,17.4,23.8,0.0,33.3,31.1,13.9,13.9
357,Damian Jones,SAC,26,10,4,6,84.0,11.9,16.7,11.5,3.8,3.0,19.4,21.2,50.0,26.4,33.3,12.5,8.7,0.0,33.3,25.0,31.6,26.3,15.5
358,Greg Brown III,POR,20,10,6,4,45.0,21.2,23.3,25.3,0.0,12.5,14.3,28.0,50.0,25.7,31.1,27.8,9.5,28.6,66.7,50.0,31.6,30.0,19.5
359,Josh Green,DAL,21,10,4,6,52.0,11.3,11.8,14.1,0.0,5.6,0.0,0.0,36.4,16.3,20.4,11.8,10.0,16.7,50.0,20.0,29.4,4.0,8.6
360,KZ Okpala,MIA,22,10,7,3,63.0,14.5,11.9,15.9,10.0,21.4,40.0,34.8,35.7,20.0,24.1,13.6,0.0,9.1,33.3,0.0,26.1,17.2,15.6
361,Kelly Olynyk,DET,30,10,2,8,229.0,23.2,24.6,23.7,25.5,22.8,25.0,29.9,26.5,29.9,29.0,21.1,20.3,28.6,28.0,27.8,27.8,36.2,24.8
362,Markieff Morris,MIA,32,10,7,3,187.0,19.0,18.9,20.4,15.7,17.9,8.5,7.0,28.9,10.6,15.0,13.5,21.4,12.5,16.7,5.9,31.9,11.4,17.2
363,Miye Oni,UTA,24,10,9,1,30.0,9.0,5.9,11.4,0.0,22.2,0.0,7.7,0.0,21.1,16.7,30.0,7.7,0.0,0.0,0.0,25.0,12.5,4.2
364,Mychal Mulder,ORL,27,10,1,9,109.0,18.5,16.0,20.7,29.0,25.9,6.7,4.5,10.0,10.3,10.2,2.2,13.6,15.4,11.1,33.3,15.6,5.9,16.6
365,Quentin Grimes,NYK,21,10,5,5,63.0,12.2,11.4,14.0,38.5,27.1,0.0,0.0,15.4,14.0,14.3,4.0,16.7,0.0,0.0,0.0,19.2,0.0,11.5
366,Talen Horton-Tucker,LAL,21,10,5,5,288.0,19.2,16.8,20.5,14.9,18.4,18.3,13.9,12.5,20.0,18.5,17.7,17.9,20.5,20.0,23.1,29.7,14.2,16.8
367,Willy Hernangomez,NOP,27,10,3,7,129.0,21.8,28.1,20.3,7.4,2.7,25.0,29.1,55.2,42.7,45.8,20.5,35.3,23.5,25.0,17.6,31.1,32.6,25.9
368,Aaron Wiggins,OKC,22,9,1,8,130.0,9.2,8.2,7.8,15.8,14.4,9.1,12.3,3.8,13.1,11.2,15.9,21.2,17.6,8.3,0.0,30.6,14.6,9.4
369,Brandon Boston Jr.,LAC,20,9,5,4,81.0,18.8,17.6,20.6,18.8,20.4,33.3,26.9,5.6,16.4,13.7,9.3,12.9,29.4,27.3,55.6,15.4,16.7,19.4
370,Coby White,CHI,21,9,5,4,158.0,20.4,15.8,22.0,25.9,34.1,8.9,12.1,4.5,20.0,17.4,16.4,19.0,4.2,11.1,20.8,21.4,12.5,15.7
371,Dillon Brooks,MEM,25,9,5,4,221.0,31.6,27.8,31.8,29.8,33.3,39.5,35.1,13.2,13.3,13.3,16.1,35.1,25.5,5.0,27.0,35.3,35.9,29.6
372,Frank Kaminsky,PHX,28,9,8,1,181.0,18.5,22.5,19.5,10.2,11.2,35.3,34.5,68.8,21.9,26.8,13.5,10.0,18.6,31.8,20.0,21.2,30.2,22.6
373,Georgios Kalaitzakis,MIL,22,9,7,2,48.0,17.1,17.2,15.3,16.7,12.1,33.3,45.0,44.4,13.8,21.1,0.0,14.3,100,33.3,0.0,29.6,35.3,19.5
374,Justin Champagnie,TOR,20,9,5,4,36.0,9.8,7.1,9.8,0.0,3.2,26.7,23.5,33.3,18.2,25.0,5.3,0.0,0.0,33.3,0.0,42.9,23.1,9.4
375,Michael Porter Jr.,DEN,23,9,5,4,265.0,19.2,15.5,21.6,18.2,27.6,10.0,11.7,20.5,23.6,23.0,12.1,12.9,23.8,8.7,18.2,18.2,10.3,15.3
376,Nerlens Noel,NYK,27,9,4,5,216.0,8.3,8.0,7.2,0.0,1.5,9.1,8.0,48.8,20.2,26.2,6.5,16.1,30.3,54.2,5.6,28.6,13.0,7.4
377,Rodney McGruder,DET,30,9,0,9,48.0,13.9,13.5,15.6,18.2,18.6,9.5,7.4,18.2,12.1,13.6,13.6,8.3,0.0,14.3,12.5,14.3,9.5,13.2
378,Zeke Nnaji,DEN,20,9,5,4,109.0,20.7,22.8,20.5,27.9,17.6,25.9,33.3,45.0,33.3,36.3,1.7,17.9,0.0,57.1,33.3,21.7,15.8,24.0
379,Ben McLemore,POR,28,8,4,4,82.0,20.3,27.3,23.3,63.2,45.6,19.2,14.3,12.5,6.6,7.8,12.8,14.3,13.3,0.0,0.0,13.5,14.7,30.3
380,Day'Ron Sharpe,BKN,20,8,4,4,36.0,28.7,36.0,28.3,20.0,13.6,40.0,55.6,66.7,34.6,44.7,0.0,35.3,25.0,40.0,16.7,30.8,30.0,35.0
381,Ed Davis,CLE,32,8,4,4,75.0,8.1,13.5,7.6,0.0,0.0,7.1,10.0,21.1,43.6,37.8,3.3,10.7,20.0,66.7,14.3,28.6,17.6,10.8
382,Elfrid Payton,PHX,27,8,6,2,97.0,19.8,20.2,20.1,0.0,2.1,10.8,17.4,18.5,18.8,18.7,41.3,22.2,27.3,0.0,50.0,21.1,19.4,17.5
383,Garrison Mathews,HOU,25,8,4,4,204.0,14.0,15.9,16.3,29.7,28.8,15.4,14.6,16.7,8.8,10.4,3.1,3.2,12.0,9.5,9.1,28.0,22.5,17.9
384,Jericho Sims,NYK,23,8,4,4,54.0,5.3,8.3,3.2,0.0,0.0,11.5,11.4,20.0,26.7,25.5,0.0,15.4,28.6,50.0,0.0,23.5,16.0,8.0
385,Killian Tillie,MEM,23,8,3,5,68.0,15.3,13.1,16.2,21.1,20.6,7.1,7.4,23.8,6.5,11.9,5.0,15.4,25.0,55.6,0.0,29.6,5.3,13.5
386,Marvin Bagley III,SAC,22,8,3,5,140.0,13.9,15.3,14.1,11.1,12.8,17.9,18.8,24.4,35.6,32.1,9.1,16.7,5.3,20.0,0.0,14.5,21.3,15.1
387,Moses Brown,DAL,22,8,4,4,32.0,17.9,18.5,11.5,0.0,0.0,25.0,40.0,33.3,26.1,27.6,0.0,28.6,11.1,33.3,25.0,53.8,35.3,18.3
388,Nathan Knight,MIN,24,8,5,3,21.0,18.9,28.6,11.1,0.0,0.0,66.7,72.7,20.0,21.1,20.8,33.3,28.6,25.0,50.0,0.0,33.3,57.1,35.0
389,Robin Lopez,ORL,33,8,1,7,121.0,18.5,24.2,16.0,0.0,1.0,30.3,35.6,41.4,11.5,19.6,15.7,30.0,0.0,55.6,7.1,31.1,27.9,22.0
390,Saben Lee,DET,22,8,0,8,93.0,17.3,13.7,17.0,10.0,15.0,14.3,19.6,4.5,18.3,14.6,31.4,17.2,38.9,12.5,33.3,15.4,18.2,13.5
391,Serge Ibaka,LAC,32,8,4,4,105.0,19.3,17.8,21.5,19.2,17.2,15.6,20.0,35.0,22.9,25.2,17.8,16.2,11.8,60.0,40.0,32.7,15.0,17.6
392,Bruno Fernando,BOS,23,7,4,3,13.0,5.9,0.0,0.0,0.0,0.0,0.0,0.0,0.0,11.1,10.0,25.0,25.0,0.0,100,0.0,40.0,0.0,0.0
393,Isaac Bonga,TOR,22,7,3,4,34.0,8.9,4.2,8.6,0.0,6.1,12.5,20.0,8.3,7.7,7.9,14.3,11.1,40.0,25.0,20.0,33.3,14.3,4.6
394,Jabari Parker,BOS,26,7,2,5,76.0,18.3,22.8,17.8,31.3,15.3,17.1,15.8,20.0,28.6,26.6,9.5,26.3,27.3,16.7,20.0,28.9,8.8,22.4
395,Jahmi'us Ramsey,SAC,20,7,1,6,46.0,14.7,11.6,17.1,7.1,15.8,8.3,12.9,0.0,0.0,0.0,7.7,0.0,0.0,33.3,16.7,17.6,13.6,10.5
396,Jake Layman,MIN,27,7,4,3,34.0,12.8,10.7,14.5,25.0,19.0,0.0,0.0,7.7,15.4,12.8,0.0,15.4,11.1,20.0,25.0,9.1,0.0,9.6
397,Jalen Johnson,ATL,19,7,5,2,19.0,22.4,38.5,32.3,40.0,28.6,22.2,18.2,0.0,38.5,35.7,0.0,0.0,0.0,0.0,33.3,0.0,14.3,35.0
398,James Bouknight,CHA,21,7,4,3,12.0,25.9,0.0,37.5,0.0,20.0,50.0,50.0,100,16.7,28.6,50.0,0.0,0.0,0.0,100,50.0,33.3,13.3
399,Jarrett Culver,MEM,22,7,3,4,64.0,19.0,20.6,18.7,15.0,15.8,44.4,38.1,10.0,22.0,18.0,26.2,16.7,18.8,0.0,40.0,3.8,38.9,21.3
400,Jay Scrubb,LAC,21,7,3,4,48.0,22.8,25.0,28.3,36.4,40.0,5.6,7.4,0.0,11.8,8.7,13.8,6.3,7.7,28.6,0.0,14.3,15.8,23.1
401,Jock Landale,SAS,26,7,4,3,21.0,20.4,28.6,21.6,20.0,16.7,25.0,30.0,50.0,0.0,9.1,13.3,16.7,0.0,50.0,50.0,33.3,37.5,27.3
402,Jose Alvarado,NOP,23,7,1,6,38.0,14.1,13.5,16.7,16.7,15.6,8.7,10.0,15.4,9.7,11.4,37.5,0.0,42.9,0.0,0.0,21.4,9.5,12.8
403,Kevin Pangos,CLE,28,7,5,2,21.0,14.6,9.1,10.0,20.0,15.4,25.0,33.3,25.0,0.0,6.3,25.0,23.1,50.0,0.0,0.0,25.0,33.3,12.9
404,Matt Thomas,CHI,27,7,5,2,30.0,22.9,19.0,30.8,20.0,36.8,0.0,0.0,0.0,9.5,8.0,0.0,0.0,33.3,33.3,66.7,7.7,0.0,17.6
405,Rudy Gay,UTA,35,7,5,2,132.0,19.9,21.0,21.2,30.4,27.8,14.6,16.1,12.5,29.5,26.4,13.2,17.6,5.6,11.8,10.0,19.1,15.7,21.6
406,Skylar Mays,ATL,24,7,5,2,19.0,18.4,30.8,16.1,20.0,14.3,55.6,45.5,0.0,15.4,14.3,8.3,25.0,0.0,0.0,0.0,40.0,57.1,35.0
407,Tacko Fall,CLE,25,7,2,5,19.0,10.0,5.9,6.3,0.0,0.0,33.3,50.0,20.0,33.3,29.4,0.0,10.0,0.0,100,0.0,0.0,44.4,6.8
408,Usman Garuba,HOU,19,7,1,6,45.0,14.5,12.2,15.6,25.0,23.5,0.0,0.0,54.5,36.4,40.9,24.0,25.0,16.7,66.7,25.0,23.5,7.7,11.3
409,Anthony Gill,WAS,29,6,2,4,33.0,12.0,24.0,15.3,30.0,11.5,0.0,0.0,50.0,17.9,25.0,6.3,14.3,0.0,50.0,0.0,27.3,0.0,19.5
410,Elijah Hughes,UTA,23,6,5,1,17.0,10.5,0.0,10.5,0.0,7.1,25.0,22.2,0.0,7.1,6.7,0.0,9.1,0.0,0.0,0.0,16.7,25.0,7.1
411,Gabriel Deck,OKC,26,6,2,4,45.0,12.4,17.6,14.8,7.7,8.3,0.0,0.0,10.0,11.4,11.1,15.0,12.5,25.0,0.0,0.0,18.2,0.0,13.1
412,Jalen Smith,PHX,21,6,5,1,32.0,17.7,17.4,19.3,0.0,8.3,41.7,35.7,44.4,31.3,34.1,0.0,6.7,25.0,100,33.3,23.1,33.3,21.0
413,Kai Jones,CHA,20,6,4,2,8.0,22.2,33.3,11.1,0.0,0.0,0.0,0.0,0.0,25.0,20.0,0.0,60.0,0.0,0.0,0.0,0.0,0.0,22.2
414,Marcus Morris Sr.,LAC,32,6,1,5,165.0,18.0,14.7,19.0,19.4,24.0,9.4,9.7,4.9,17.0,13.7,16.9,20.5,13.0,40.0,0.0,26.1,11.3,14.4
415,Miles McBride,NYK,21,6,3,3,8.0,36.0,33.3,50.0,0.0,54.5,0.0,0.0,25.0,0.0,20.0,50.0,0.0,50.0,100,0.0,25.0,50.0,28.6
416,Sam Merrill,MEM,25,6,2,4,58.0,17.8,17.8,18.9,41.2,35.4,11.8,17.4,4.3,17.1,12.1,13.8,16.7,0.0,0.0,0.0,15.0,22.7,20.2
417,Goran Dragic,TOR,35,5,1,4,90.0,17.2,20.6,20.4,20.0,20.6,29.4,21.3,6.7,21.8,16.5,25.7,3.1,20.8,14.3,11.8,18.2,19.5,22.2
418,Isaiah Jackson,IND,19,5,2,3,30.0,18.8,20.0,22.4,0.0,0.0,9.1,13.3,50.0,25.0,30.0,0.0,10.0,20.0,33.3,33.3,69.2,15.4,16.1
419,Joshua Primo,SAS,18,5,4,1,26.0,8.3,13.8,10.6,42.9,36.4,0.0,0.0,14.3,11.8,12.5,13.3,0.0,0.0,0.0,0.0,13.3,0.0,16.2
420,Kevin Knox II,NYK,22,5,2,3,18.0,15.1,15.4,12.8,20.0,13.0,20.0,25.0,25.0,0.0,14.3,11.1,50.0,0.0,0.0,0.0,28.6,16.7,16.7
421,Patrick Williams,CHI,20,5,4,1,125.0,9.3,12.4,10.0,11.1,7.8,10.8,9.5,7.1,11.5,10.9,4.3,6.7,12.0,16.7,18.2,25.0,7.7,12.0
422,Petr Cornelie,DEN,26,5,0,5,21.0,16.4,11.8,15.6,0.0,14.8,0.0,0.0,83.3,20.0,38.1,27.3,50.0,0.0,0.0,100,60.0,11.1,8.5
423,Sharife Cooper,ATL,20,5,5,0,11.0,17.9,14.3,20.0,0.0,18.2,0.0,0.0,0.0,0.0,0.0,57.1,25.0,0.0,0.0,33.3,0.0,0.0,11.1
424,Ish Wainright,PHX,27,4,4,0,12.0,12.9,10.0,17.6,0.0,25.0,0.0,0.0,20.0,6.3,9.5,40.0,14.3,100,0.0,0.0,37.5,16.7,6.9
425,Marcus Garrett,MIA,23,4,4,0,10.0,4.8,0.0,7.7,0.0,0.0,0.0,0.0,0.0,12.5,12.5,40.0,0.0,0.0,0.0,0.0,16.7,0.0,0.0
426,Nic Claxton,BKN,22,4,2,2,76.0,15.1,18.0,14.1,0.0,0.0,23.5,36.0,21.4,30.6,28.9,8.6,13.6,0.0,30.8,41.7,17.9,44.8,16.0
427,Trendon Watford,POR,21,4,1,3,19.0,19.6,27.3,24.2,0.0,0.0,0.0,11.1,0.0,22.2,14.3,37.5,14.3,20.0,50.0,0.0,0.0,25.0,19.4
428,Udoka Azubuike,UTA,22,4,3,1,8.0,11.8,25.0,9.1,0.0,0.0,0.0,0.0,50.0,42.9,44.4,0.0,25.0,0.0,0.0,0.0,0.0,0.0,20.0
429,Udonis Haslem,MIA,41,4,3,1,17.0,13.3,21.4,18.2,0.0,8.3,0.0,0.0,16.7,30.8,26.3,12.5,0.0,0.0,50.0,50.0,45.5,12.5,17.6
430,Yuta Watanabe,TOR,27,4,2,2,66.0,14.0,11.5,15.0,35.3,30.0,15.8,22.2,20.8,15.9,17.6,8.0,5.3,16.7,20.0,0.0,23.5,25.0,14.6
431,Chandler Hutchison,PHX,25,3,2,1,9.0,14.8,12.5,6.3,0.0,0.0,0.0,0.0,0.0,36.4,28.6,20.0,50.0,0.0,0.0,0.0,20.0,0.0,8.7
432,Eugene Omoruyi,DAL,24,3,1,2,16.0,17.5,15.4,20.0,50.0,22.2,25.0,28.6,40.0,36.4,37.5,28.6,0.0,0.0,0.0,0.0,50.0,16.7,19.4
433,Isaiah Todd,WAS,20,3,0,3,7.0,42.9,50.0,45.5,66.7,50.0,33.3,50.0,0.0,16.7,14.3,0.0,0.0,100,33.3,0.0,0.0,33.3,50.0
434,Jamorko Pickett,DET,23,3,0,3,9.0,10.5,16.7,7.7,50.0,14.3,0.0,0.0,0.0,0.0,0.0,0.0,33.3,0.0,0.0,0.0,0.0,0.0,17.6
435,Joel Ayayi,WAS,21,3,0,3,6.0,0.0,0.0,0.0,0.0,0.0,0.0,0.0,0.0,20.0,16.7,66.7,0.0,0.0,0.0,0.0,0.0,100,0.0
436,Keon Johnson,LAC,19,3,1,2,16.0,18.4,0.0,13.8,0.0,10.0,33.3,28.6,20.0,16.7,17.6,15.4,50.0,50.0,0.0,0.0,50.0,30.0,8.3
437,Louis King,SAC,22,3,1,2,49.0,19.8,20.0,22.3,40.0,35.0,27.3,22.6,0.0,20.6,16.3,5.9,0.0,28.6,0.0,10.0,33.3,19.0,23.5
438,Malik Fitts,UTA,24,3,3,0,7.0,0.0,0.0,0.0,0.0,0.0,0.0,0.0,0.0,28.6,28.6,0.0,0.0,0.0,0.0,0.0,0.0,0.0,0.0
439,Paul Watson,OKC,26,3,0,3,71.0,10.4,3.8,11.0,12.5,21.1,4.5,6.3,15.4,19.1,18.3,11.5,8.7,0.0,27.3,8.3,14.8,4.2,4.9
440,Vit Krejci,OKC,21,3,1,2,9.0,15.4,0.0,10.0,0.0,20.0,100,50.0,0.0,42.9,30.0,0.0,33.3,0.0,0.0,0.0,0.0,33.3,13.3
441,Vlatko Cancar,DEN,24,3,1,2,23.0,16.1,16.7,12.2,20.0,8.0,50.0,50.0,25.0,0.0,8.3,30.8,25.0,20.0,0.0,0.0,50.0,66.7,21.2
442,Brodric Thomas,BOS,24,2,1,1,2.0,14.3,0.0,0.0,0.0,0.0,0.0,0.0,100,0.0,33.3,0.0,33.3,0.0,0.0,0.0,0.0,0.0,0.0
443,Devon Dotson,CHI,22,2,1,1,13.0,13.8,9.1,13.6,0.0,14.3,0.0,0.0,0.0,35.7,31.3,30.0,20.0,0.0,0.0,0.0,25.0,0.0,7.1
444,Didi Louzada,NOP,22,2,0,2,7.0,18.8,0.0,20.0,0.0,33.3,0.0,0.0,100,0.0,40.0,25.0,0.0,0.0,0.0,0.0,0.0,0.0,0.0
445,Duane Washington Jr.,IND,21,2,1,1,4.0,25.0,50.0,37.5,50.0,50.0,0.0,0.0,0.0,100,50.0,0.0,0.0,0.0,0.0,0.0,0.0,0.0,45.5
446,JT Thor,CHA,19,2,2,0,2.0,0.0,0.0,0.0,0.0,0.0,0.0,0.0,0.0,0.0,0.0,0.0,0.0,0.0,0.0,0.0,0.0,0.0,0.0
447,JaQuori McLaughlin,DAL,23,2,1,1,5.0,6.7,0.0,11.1,0.0,0.0,0.0,0.0,0.0,0.0,0.0,50.0,0.0,0.0,0.0,0.0,0.0,0.0,0.0
448,Jeff Dowtin,GSW,24,2,2,0,6.0,7.7,0.0,10.0,0.0,0.0,0.0,0.0,0.0,40.0,40.0,0.0,0.0,0.0,0.0,0.0,33.3,0.0,0.0
449,Joe Wieskamp,SAS,22,2,2,0,5.0,9.1,20.0,12.5,100,100,0.0,0.0,0.0,0.0,0.0,0.0,0.0,0.0,0.0,0.0,0.0,0.0,23.1
450,Keljin Blevins,POR,26,2,1,1,8.0,18.2,20.0,20.0,50.0,40.0,0.0,0.0,0.0,16.7,12.5,0.0,25.0,0.0,0.0,0.0,0.0,0.0,21.4
451,Kessler Edwards,BKN,21,2,1,1,12.0,21.2,27.3,23.1,66.7,30.8,0.0,0.0,16.7,16.7,16.7,0.0,20.0,0.0,0.0,0.0,0.0,0.0,32.0
452,RJ Nembhard Jr.,CLE,22,2,0,2,3.0,11.1,50.0,16.7,0.0,0.0,0.0,0.0,0.0,50.0,33.3,100,0.0,0.0,0.0,0.0,0.0,0.0,33.3
453,Sam Hauser,BOS,23,2,2,0,5.0,12.5,0.0,22.2,0.0,40.0,0.0,0.0,0.0,33.3,20.0,0.0,0.0,50.0,0.0,0.0,25.0,0.0,0.0
454,Sekou Doumbouya,LAL,20,2,0,2,16.0,28.6,35.7,25.0,20.0,11.8,50.0,57.1,40.0,20.0,24.0,0.0,28.6,60.0,66.7,50.0,25.0,37.5,35.9
455,Aaron Henry,PHI,22,1,1,0,2.0,14.3,0.0,20.0,0.0,50.0,0.0,0.0,0.0,0.0,0.0,0.0,0.0,0.0,0.0,0.0,0.0,0.0,0.0
456,Brook Lopez,MIL,33,1,1,0,28.0,12.9,11.1,14.5,28.6,16.7,0.0,0.0,18.2,15.0,16.1,0.0,0.0,50.0,50.0,40.0,23.1,0.0,11.8
457,Daishen Nix,HOU,19,1,1,0,2.0,0.0,0.0,0.0,0.0,0.0,0.0,0.0,0.0,0.0,0.0,100,0.0,0.0,0.0,0.0,0.0,0.0,0.0
458,David Johnson,TOR,20,1,1,0,0.0,0.0,0.0,0.0,0.0,0.0,0.0,0.0,0.0,0.0,0.0,0.0,0.0,0.0,0.0,0.0,0.0,0.0,0.0
459,DeJon Jarreau,IND,23,1,0,1,1.0,0.0,0.0,0.0,0.0,0.0,0.0,0.0,0.0,0.0,0.0,0.0,0.0,0.0,0.0,0.0,0.0,0.0,0.0
460,DeMarcus Cousins,MIL,31,1,1,0,15.0,13.9,16.7,15.6,16.7,13.3,0.0,0.0,25.0,27.3,26.7,7.7,0.0,100,0.0,50.0,16.7,0.0,14.6
461,Devontae Cacok,SAS,25,1,1,0,2.0,33.3,50.0,33.3,0.0,0.0,0.0,0.0,100,100,100,100,0.0,0.0,0.0,0.0,0.0,0.0,50.0
462,Jaden Springer,PHI,19,1,1,0,2.0,0.0,0.0,0.0,0.0,0.0,0.0,0.0,0.0,0.0,0.0,0.0,0.0,0.0,0.0,0.0,0.0,0.0,0.0
463,Jay Huff,LAL,24,1,0,1,8.0,5.0,0.0,6.7,0.0,11.1,0.0,0.0,50.0,9.1,15.4,25.0,0.0,0.0,0.0,0.0,0.0,0.0,0.0
464,Marko Simonovic,CHI,22,1,0,1,7.0,20.0,0.0,8.3,0.0,11.1,100,100,0.0,12.5,11.1,0.0,100,0.0,0.0,0.0,0.0,66.7,11.1
465,McKinley Wright IV,MIN,23,1,1,0,4.0,18.2,33.3,14.3,100,50.0,0.0,0.0,0.0,0.0,0.0,0.0,50.0,0.0,0.0,0.0,0.0,0.0,33.3
466,Robert Woodard II,SAC,22,1,0,1,3.0,0.0,0.0,0.0,0.0,0.0,0.0,0.0,0.0,0.0,0.0,0.0,0.0,0.0,0.0,0.0,0.0,0.0,0.0
467,Sam Dekker,TOR,27,1,1,0,1.0,0.0,0.0,0.0,0.0,0.0,0.0,0.0,0.0,0.0,0.0,0.0,0.0,0.0,0.0,0.0,0.0,0.0,0.0
468,Tyler Cook,CHI,24,1,0,1,12.0,18.5,16.7,15.8,0.0,0.0,50.0,50.0,0.0,33.3,25.0,33.3,16.7,0.0,0.0,0.0,20.0,33.3,19.4
469,Vernon Carey Jr.,CHA,20,1,1,0,1.0,100,0.0,100,0.0,0.0,0.0,0.0,0.0,100,100,0.0,0.0,0.0,0.0,0.0,0.0,0.0,0.0
470,Wayne Selden,NYK,27,1,1,0,1.0,0.0,0.0,0.0,0.0,0.0,0.0,0.0,0.0,0.0,0.0,0.0,0.0,0.0,0.0,0.0,0.0,0.0,0.0
471,Yves Pons,MEM,22,1,0,1,3.0,11.1,0.0,12.5,0.0,0.0,0.0,0.0,50.0,0.0,25.0,0.0,0.0,0.0,0.0,0.0,0.0,0.0,0.0
